column,n,n_rows,pearson_r,spearman,max_abs_diff,share_equal_1e6,na_pattern_agreement
closure,1322,1453,0.9995572148357017,0.999375925823276,1.0880634994847416,0.9969742813918305,1.0
closure_obs,1322,1453,0.9999580806643628,0.9999288339922529,16337.15322631938,0.9977307110438729,1.0
closure_nK,1453,1453,1.0,0.9999999999999998,0.0,1.0,1.0
P_raw,1357,1453,0.9999352133750161,0.9999778137388897,0.0761347238619966,0.9911569638909359,1.0
P_rar,1087,1453,0.9999852015196266,0.9999848173931346,0.021767182034515664,0.9898804047838087,1.0
wmz,1331,1453,0.9999999980379939,0.9999999745541254,0.00023453553428731677,0.990984222389181,1.0
new_relation_rate,1357,1453,0.9998175562959143,0.9996736503313339,0.16140350877192983,0.9948415622697127,1.0
novelty,1312,1453,0.9997697646684184,0.9997888931027782,0.1875,0.9954268292682927,1.0
beta_sim_rar,628,1453,0.9999469858949962,0.9999225267313058,0.021458583105624318,0.9872611464968153,1.0
n_neigh3,1453,1453,0.9999973920265652,0.9999814079856625,8.0,0.9951823812801102,1.0
vol,1453,1453,0.9999992785952049,0.9999937714029067,2.0,0.9951823812801102,1.0
vol3,1453,1453,0.999999737327468,0.9999986712939803,3.0,0.9917412250516173,1.0
log_vol3,1453,1453,0.9999979979884317,0.9999986712939803,0.10536051565782634,0.9917412250516173,1.0
H,1355,1453,0.9999988543525505,0.9999982775866478,0.02504906986316935,0.9911439114391144,1.0
H_rar,1082,1453,0.9999420206269392,0.999923908211321,0.09723652034198488,0.9898336414048059,1.0
RS,1355,1453,0.9999979863307655,0.9999981316350631,0.012337346498714208,0.9911439114391144,1.0
subfield_count,1453,1453,1.0,1.0,0.0,1.0,1.0
burst_state,1453,1453,1.0,1.0,0.0,1.0,1.0
strength,1453,1453,0.9999984652978301,0.9999959400424016,42.0,0.9917412250516173,1.0
growth3,1453,1453,0.9999934664592285,0.9999971254740686,0.10536051565782634,0.9883000688231246,1.0
