concept_id,cluster
c_007a7950eb4d,1
c_0143674052b0,1
c_015399b04dea,0
c_021cd7f7a587,0
c_02792d2208de,0
c_029ea7c780b8,1
c_03828aedf823,1
c_05ffe8df405c,0
c_06e74aec233b,0
c_0fefc757857e,0
c_1055d445e4c2,0
c_108519c4a344,1
c_11a854e37d5c,0
c_11c8af40130b,0
c_1273a1959f6d,0
c_133dd7d5dfff,0
c_146abba599b7,0
c_16e9bc1ff20f,0
c_1861d28281cc,1
c_196555801f80,0
c_1ae65909ef19,0
c_1b82dec9c84d,1
c_1bac28d6d178,0
c_1bae6a1ef434,0
c_1bd834da7f00,1
c_1c938653ab40,1
c_1ca4df65e868,1
c_1dca70be8b40,0
c_1e2cee2a4ca1,0
c_1f1d4e62775b,1
c_1ffc63395185,1
c_21571c2d1a59,1
c_21960ecc2d0a,1
c_23adc2fd3018,0
c_2425e0543e8f,1
c_24e2ee0faf24,0
c_24fd61e090ea,0
c_26dab993c720,0
c_291d7d0530f3,0
c_29b715c0d545,0
c_2b058bc2d673,0
c_2c781d19e525,0
c_2d2eb1b7726c,0
c_2f826d362bd1,1
c_2fc072066f34,0
c_316b46d63091,0
c_31d46016189e,1
c_345ce9137b4b,1
c_3471cfc978c7,0
c_34cb29de6e36,0
c_35914ea8d7b8,0
c_35e295b4ba1b,0
c_362cb97c087a,0
c_380e2739f62c,1
c_38c04a07c4e7,1
c_3a04a639cd2f,1
c_3a8d31dc5fbf,1
c_3ae606bfd61f,0
c_3b21300dbb0b,1
c_3c587418c65c,0
c_3d37fffdfb30,0
c_3fd8640bd802,1
c_4010f34bf1ab,0
c_4193f5877cd2,1
c_43521ace85c3,1
c_46d8de220318,1
c_4a4eb107fab6,0
c_4a952e8aa8a9,0
c_4b03ade8b734,0
c_4b595245dc4e,1
c_4bc22ae42748,1
c_4c081bfc5787,0
c_4ca7091c6452,1
c_4cdbc8f444d1,0
c_4cdee4852bd9,1
c_4e82b990c351,0
c_50400c86f967,0
c_509ba93dffc8,1
c_517bf926bdeb,0
c_5252114e983b,0
c_540e0dbbaec3,0
c_55c5e5df6bab,0
c_569519c8d163,0
c_5847a762c375,0
c_5891791e366f,0
c_59b516bb8932,1
c_59fffeba892f,1
c_5a9755970f27,1
c_5af098ea73b2,0
c_5bb0de514ff2,0
c_5ccf55244c8e,0
c_5ed2ab558a4c,0
c_5edb1fea382d,0
c_5f63ab6a70b0,1
c_6016216be4fa,1
c_62463bafdd36,0
c_62af526ae811,1
c_62f82ffda131,1
c_6340f70f7803,0
c_6388f9983159,0
c_638ee2168fd5,0
c_63ea2a7e38bb,1
c_659316235845,1
c_66048d8410de,0
c_667b35b905bc,0
c_6692b9fa3e19,0
c_69c87a302a41,1
c_6a608d148fe7,1
c_6d2c0bb6acb0,0
c_6dbd86c96b06,0
c_6ed72db6e3f6,0
c_6f6fc1488a11,0
c_70987856add3,0
c_70af732266c6,0
c_728eb32badb3,1
c_74026fe51449,1
c_74a228109ef5,0
c_76c9065e161c,1
c_77d5d74f1bf6,0
c_7928a34f16c6,0
c_792fc951778d,0
c_793dc61d6540,0
c_79b40b5f0885,0
c_7a1183961ed2,0
c_7afec8c4aadb,1
c_7c267f36c3fe,0
c_7eed579eaddd,0
c_7f09154f6349,1
c_7f1774b198d9,1
c_7f7851d9c6b6,1
c_7fed36e6938e,0
c_81a68a95bd23,0
c_833923f506ca,0
c_850369b36e8c,0
c_86bc32a22c26,0
c_875b78607ff6,0
c_87df94bef363,0
c_888464fbe50c,0
c_8904d963bc30,1
c_8a0a8dab0e65,0
c_8a7b58068a03,0
c_8b7be83fd666,0
c_8c323e72b121,1
c_8d4aa499810d,0
c_8d94ed006e2f,1
c_8dc78279fc2d,1
c_9026d95a869c,0
c_90a9dfcdbc32,0
c_91666554f617,0
c_91a8f1c2869f,1
c_92a2f061c4a9,1
c_92ba186c01f3,1
c_92c7d10cd004,0
c_95d242992c0f,0
c_9aabfd15c0ee,1
c_9cceb3c510be,1
c_9cf3e02c40c3,0
c_9d2447253ac5,1
c_9d4eaaf7197d,0
c_9e3bad270e4c,1
c_a13026e2ec51,0
c_a29783e0f3b1,1
c_a2bb1be49015,0
c_a4b850589c6a,0
c_a508bc5a19c0,0
c_a5d4697b6de1,0
c_a5e02a3be628,0
c_a72818f93224,0
c_a8446b56bf9f,1
c_a8b249e66370,1
c_a9023a155cd6,0
c_ab95d125e7ed,0
c_ad88b567ddce,0
c_ae5a93f48f4a,0
c_ae77f50843e4,0
c_ae973c8e0f68,1
c_af151bc76848,0
c_af9f1a649198,0
c_b0aed3cbf9ca,0
c_b127ce001de2,0
c_b12ae064bb50,0
c_b17a04ec8f67,0
c_b248f2f21fd7,0
c_b38eddee27ee,1
c_b3fdf1de179c,0
c_b416c627fe94,0
c_b5623c4a7885,1
c_b6ceebb6f368,1
c_b9e6c7e86b29,0
c_b9f5bd60b77a,0
c_bcd3d69b7a16,1
c_be7b73687012,0
c_bf12df84c614,1
c_bf749c2fdbe6,1
c_c263bd1c3cd5,1
c_c8cc0fcf9774,0
c_c95c87230241,1
c_cac166d7f472,0
c_cb03d430ed04,1
c_cbade03273e8,1
c_cc2290b62dfe,1
c_cdb8efba3e45,0
c_ce417b0a39d3,1
c_d2b738a06440,0
c_d4b3874526b7,0
c_d4bf863bf41e,0
c_d50bd82ef89a,0
c_d5d1b3e8c269,0
c_d6845c35d3d0,0
c_d8cc016bbefd,0
c_d8de8d6f3622,1
c_d91fd2861631,1
c_d98ec9c9dd08,1
c_da8873b65047,0
c_dacdc9f4839d,0
c_db8a1e0408f1,0
c_dd2c93ff632d,0
c_de14f5e3898c,0
c_de3171466662,1
c_e1a8b816be94,0
c_e365e1c885e9,0
c_e3d884195653,0
c_e44f84504a49,0
c_e470c5c98b3e,1
c_e73938e855cf,0
c_e79d5454fc88,0
c_e895570ed25f,0
c_e8febadc6f35,1
c_eab63ee6dc65,0
c_eabe2f930b36,0
c_eb3e469ad899,0
c_eeb8c382f07c,0
c_ef7889a4d23e,0
c_f03a00abe2dc,0
c_f08a5ddb1f48,0
c_f1ac7bd3e734,1
c_f537531bc986,0
c_f546e5e7ea86,0
c_f59adee72224,0
c_f5c5ab0656cc,1
c_f719837cea47,0
c_f8e52aae4a66,0
c_f94c1c136f05,0
c_fa856c1c78e2,0
c_fc729e296e25,0
c_fd21765efdb4,0
c_ffa092a263f2,0
