n_min,F_band,age,state,measure,mean,ci95_lo,ci95_hi,n_ct,n_concepts,pooled
5,2005-07,3,SOURCE,H,0.0,0.0,0.0,38,38,
5,2005-07,3,SOURCE,RS,0.0,0.0,0.0,38,38,
5,2005-07,3,SINK,H,0.0,0.0,0.0,38,38,
5,2005-07,3,SINK,RS,0.0,0.0,0.0,38,38,
5,2005-07,3,FADING,H,0.007250670449166543,0.0,0.021752011347499628,38,38,
5,2005-07,3,FADING,RS,0.008193538405321535,0.0,0.02528291850784931,38,38,
5,2005-07,3,UNDETERMINED,H,0.7140028978081123,0.6465700736821265,0.7630852930212572,38,38,
5,2005-07,3,UNDETERMINED,RS,0.5534949566093226,0.5279270417566447,0.5784164590181169,38,38,
5,2005-07,3,ORIGIN,H,0.27874643174272123,0.23369790649924216,0.3373090677157957,38,38,
5,2005-07,3,ORIGIN,RS,0.4383115049853559,0.4121051936892757,0.4597802764303551,38,38,
5,2005-07,4,SOURCE,H,0.0,0.0,0.0,38,38,
5,2005-07,4,SOURCE,RS,0.0,0.0,0.0,38,38,
5,2005-07,4,SINK,H,0.010514206964356074,0.0,0.031542620893068224,38,38,
5,2005-07,4,SINK,RS,0.008671171171171173,0.0,0.02675675675675676,38,38,
5,2005-07,4,FADING,H,0.0103590449074681,0.0,0.0310771347224043,38,38,
5,2005-07,4,FADING,RS,0.011016070502851215,0.0,0.033992446123083754,38,38,
5,2005-07,4,UNDETERMINED,H,0.709842928364535,0.6354625095975841,0.7663250240788758,38,38,
5,2005-07,4,UNDETERMINED,RS,0.5475565413577986,0.5079296520141212,0.5812967190125978,38,38,
5,2005-07,4,ORIGIN,H,0.26928381976364085,0.2228992799378945,0.33176452323271993,38,38,
5,2005-07,4,ORIGIN,RS,0.43275621696817884,0.40741945427845394,0.4573504050545535,38,38,
5,2005-07,5,SOURCE,H,0.010770480358107863,0.0,0.027403546272207414,38,38,
5,2005-07,5,SOURCE,RS,0.015499734602634698,0.0,0.04019095749155557,38,38,
5,2005-07,5,SINK,H,0.027767957804392146,0.0,0.06506946569881325,38,38,
5,2005-07,5,SINK,RS,0.025860100121944386,0.0,0.05684053825823969,38,38,
5,2005-07,5,FADING,H,0.012361558569527009,0.0,0.032827429296610956,38,38,
5,2005-07,5,FADING,RS,0.01224348362160382,0.0,0.0340951008042949,38,38,
5,2005-07,5,UNDETERMINED,H,0.6835944470184153,0.6122200676973671,0.7504415638631731,38,38,
5,2005-07,5,UNDETERMINED,RS,0.5180896988304811,0.4731659291509931,0.5589207390546245,38,38,
5,2005-07,5,ORIGIN,H,0.2655055562495577,0.21602810604860043,0.332134613705183,38,38,
5,2005-07,5,ORIGIN,RS,0.4283069828233359,0.399231368158938,0.4530334203163948,38,38,
5,2005-07,6,SOURCE,H,0.04505974833254325,0.011579825843726434,0.09382558789081018,38,38,
5,2005-07,6,SOURCE,RS,0.049489143275871936,0.014376934230261039,0.08575217073073435,38,38,
5,2005-07,6,SINK,H,0.012434064636647016,0.0,0.029474539852220694,38,38,
5,2005-07,6,SINK,RS,0.010617948011375245,0.0,0.024252052952632892,38,38,
5,2005-07,6,FADING,H,0.023249315769546183,0.0,0.052485919114941805,38,38,
5,2005-07,6,FADING,RS,0.024714790232731116,0.0,0.053938240082226314,38,38,
5,2005-07,6,UNDETERMINED,H,0.6541166290555003,0.5748599890445133,0.727473068596647,38,38,
5,2005-07,6,UNDETERMINED,RS,0.4880244637954182,0.4412455975491231,0.5343401217639897,38,38,
5,2005-07,6,ORIGIN,H,0.26514024220576315,0.2153575968003022,0.32713754255232674,38,38,
5,2005-07,6,ORIGIN,RS,0.4271536546846035,0.39636925205902,0.45510754919394325,38,38,
5,2005-07,7,SOURCE,H,0.041004841614003674,0.009036065737488129,0.08434584020100237,38,38,
5,2005-07,7,SOURCE,RS,0.04570468306329509,0.01251814722577301,0.09016750786050336,38,38,
5,2005-07,7,SINK,H,0.036935137628571584,0.01427134683574627,0.06409365818450773,38,38,
5,2005-07,7,SINK,RS,0.034327329467708514,0.011405285434203011,0.061376591515815926,38,38,
5,2005-07,7,FADING,H,0.02422429297507675,0.006338160486486699,0.04829664937500497,38,38,
5,2005-07,7,FADING,RS,0.02538416299364886,0.003994405095544981,0.05176366841157061,38,38,
5,2005-07,7,UNDETERMINED,H,0.6506004084678826,0.5848079790088005,0.7108123320390003,38,38,
5,2005-07,7,UNDETERMINED,RS,0.467719474253332,0.4248288253986487,0.5083917545819339,38,38,
5,2005-07,7,ORIGIN,H,0.2472353193144655,0.21163474048204128,0.30098124425744327,38,38,
5,2005-07,7,ORIGIN,RS,0.42686435022201547,0.39820061150892905,0.45411925806362125,38,38,
5,2005-07,8,SOURCE,H,0.049709945274462077,0.01551830529601375,0.09377900257860586,38,38,
5,2005-07,8,SOURCE,RS,0.05632775106045557,0.017909239602534134,0.10572793672373437,38,38,
5,2005-07,8,SINK,H,0.04277578535925606,0.018232186579073367,0.07061587722792552,38,38,
5,2005-07,8,SINK,RS,0.04183112451081379,0.016705145803308844,0.07098410439940471,38,38,
5,2005-07,8,FADING,H,0.0364853812811834,0.007683437308574203,0.07499172690346646,38,38,
5,2005-07,8,FADING,RS,0.040934028618817175,0.006903991578761315,0.08221121277048629,38,38,
5,2005-07,8,UNDETERMINED,H,0.6079753207634239,0.5284219348101177,0.6805605841431178,38,38,
5,2005-07,8,UNDETERMINED,RS,0.4424191273204277,0.39304948039759385,0.49405281639836307,38,38,
5,2005-07,8,ORIGIN,H,0.26305356732167473,0.21371274838062332,0.32814032422984235,38,38,
5,2005-07,8,ORIGIN,RS,0.4184879684894859,0.38722084189544287,0.4483018300237156,38,38,
5,2008-11,3,SOURCE,H,0.0,0.0,0.0,76,76,
5,2008-11,3,SOURCE,RS,0.0,0.0,0.0,76,76,
5,2008-11,3,SINK,H,0.0,0.0,0.0,76,76,
5,2008-11,3,SINK,RS,0.0,0.0,0.0,76,76,
5,2008-11,3,FADING,H,0.0,0.0,0.0,76,76,
5,2008-11,3,FADING,RS,0.0,0.0,0.0,76,76,
5,2008-11,3,UNDETERMINED,H,0.7093896740998651,0.658129796792898,0.7484745937015217,76,76,
5,2008-11,3,UNDETERMINED,RS,0.5468996106826302,0.5336310520158529,0.5631098091610464,76,76,
5,2008-11,3,ORIGIN,H,0.2906103259001349,0.25018882671794057,0.3414681901208548,76,76,
5,2008-11,3,ORIGIN,RS,0.4531003893173699,0.43740878906533115,0.4669124077695255,76,76,
5,2008-11,4,SOURCE,H,0.014648929404305998,0.0,0.034158774516671715,76,76,
5,2008-11,4,SOURCE,RS,0.014831914788271628,0.0,0.033760838412813264,76,76,
5,2008-11,4,SINK,H,0.006969261727006615,0.0,0.01796429011259675,76,76,
5,2008-11,4,SINK,RS,0.006630978287995822,0.0,0.0174180932021942,76,76,
5,2008-11,4,FADING,H,0.008780327601831029,0.0,0.02429881278210935,76,76,
5,2008-11,4,FADING,RS,0.009304366691674067,0.0,0.026014394823153056,76,76,
5,2008-11,4,UNDETERMINED,H,0.6950790853697627,0.6466136613755376,0.7342599379646566,76,76,
5,2008-11,4,UNDETERMINED,RS,0.5204254639622771,0.4941022041404296,0.5462388667920589,76,76,
5,2008-11,4,ORIGIN,H,0.27452239589709354,0.23688945079108017,0.3180714679818366,76,76,
5,2008-11,4,ORIGIN,RS,0.44880727626978145,0.43070917094957606,0.4636691438982775,76,76,
5,2008-11,5,SOURCE,H,0.0255066751578302,0.00779230286052192,0.047147657990570066,76,76,
5,2008-11,5,SOURCE,RS,0.032048450424933525,0.010012230388042111,0.05934439539512157,76,76,
5,2008-11,5,SINK,H,0.042686300778978344,0.01819882498956731,0.07187955945937287,76,76,
5,2008-11,5,SINK,RS,0.03761906657127173,0.018386744998231758,0.06089909863299285,76,76,
5,2008-11,5,FADING,H,0.013746291755845755,0.0,0.03282260089362961,76,76,
5,2008-11,5,FADING,RS,0.013713537547489517,0.0,0.03258787802470379,76,76,
5,2008-11,5,UNDETERMINED,H,0.6594235921037503,0.6082087728114403,0.7063455946049435,76,76,
5,2008-11,5,UNDETERMINED,RS,0.47028511706008036,0.43700519655656,0.5006391183377742,76,76,
5,2008-11,5,ORIGIN,H,0.2586371402035956,0.22758575765923375,0.2962720833764476,76,76,
5,2008-11,5,ORIGIN,RS,0.44633382839622493,0.4295308316476457,0.4603736172204257,76,76,
5,2008-11,6,SOURCE,H,0.016915148369858368,0.0033456583184807713,0.03297487693529803,76,76,
5,2008-11,6,SOURCE,RS,0.023386490936782516,0.005823212644422015,0.048561688868753346,76,76,
5,2008-11,6,SINK,H,0.05008038693171729,0.02583472363284824,0.08080818607757541,76,76,
5,2008-11,6,SINK,RS,0.04510237089612714,0.021981834152947105,0.06914277414124337,76,76,
5,2008-11,6,FADING,H,0.0331695962855093,0.011564537272365496,0.05971355573317853,76,76,
5,2008-11,6,FADING,RS,0.03188702614854483,0.010998233904456806,0.056725371991998966,76,76,
5,2008-11,6,UNDETERMINED,H,0.6522370505911386,0.6014203514741387,0.6968601603427333,76,76,
5,2008-11,6,UNDETERMINED,RS,0.4558701483725158,0.41932413771308236,0.4890080250556964,76,76,
5,2008-11,6,ORIGIN,H,0.2475978178217765,0.2217492832998539,0.28380635339035687,76,76,
5,2008-11,6,ORIGIN,RS,0.44375396364602965,0.42716908152049576,0.4598213025174631,76,76,
5,2008-11,7,SOURCE,H,0.018147496793839594,0.0038477030519966614,0.0355130885555841,76,76,
5,2008-11,7,SOURCE,RS,0.02334574600193012,0.00611187998857489,0.047826271650797246,76,76,
5,2008-11,7,SINK,H,0.0768900868666936,0.046409167144592485,0.10943802536472287,76,76,
5,2008-11,7,SINK,RS,0.06848062553500572,0.0423961397316934,0.09507404408952766,76,76,
5,2008-11,7,FADING,H,0.014482351076362332,0.0010124904320669111,0.034259998761739546,76,76,
5,2008-11,7,FADING,RS,0.012805151629313106,0.0005715602403797599,0.03244889582808455,76,76,
5,2008-11,7,UNDETERMINED,H,0.6227654687936176,0.5678398660102135,0.6750674156234813,76,76,
5,2008-11,7,UNDETERMINED,RS,0.45487138741192445,0.4207485572843332,0.4859988918033192,76,76,
5,2008-11,7,ORIGIN,H,0.2677145964694869,0.23229382248263333,0.3093635271414644,76,76,
5,2008-11,7,ORIGIN,RS,0.4404970894218266,0.42221545988562065,0.4554466482663136,76,76,
5,2008-11,8,SOURCE,H,0.038947972706321984,0.01823443178588334,0.06468108337951041,76,76,
5,2008-11,8,SOURCE,RS,0.045242030761519204,0.022242425890613413,0.07118624937417496,76,76,
5,2008-11,8,SINK,H,0.060746418152161474,0.03486898773936811,0.09028024647213256,76,76,
5,2008-11,8,SINK,RS,0.05518655868506192,0.031191619854019022,0.08253505051159121,76,76,
5,2008-11,8,FADING,H,0.01521460005335606,0.0027246759434601544,0.03187748248748694,76,76,
5,2008-11,8,FADING,RS,0.013115068077313587,0.002298079481887283,0.028246341219082552,76,76,
5,2008-11,8,UNDETERMINED,H,0.6163255349796688,0.5614115502321868,0.6674848483045724,76,76,
5,2008-11,8,UNDETERMINED,RS,0.4539789907299091,0.4163050601956171,0.4875859810955148,76,76,
5,2008-11,8,ORIGIN,H,0.26876547410849183,0.23214384723447337,0.31392511586116406,76,76,
5,2008-11,8,ORIGIN,RS,0.43247735174619606,0.4130956338856074,0.4492762930101967,76,76,
5,2012-16,3,SOURCE,H,0.0,0.0,0.0,70,70,
5,2012-16,3,SOURCE,RS,0.0,0.0,0.0,70,70,
5,2012-16,3,SINK,H,0.0,0.0,0.0,70,70,
5,2012-16,3,SINK,RS,0.0,0.0,0.0,70,70,
5,2012-16,3,FADING,H,0.0,0.0,0.0,70,70,
5,2012-16,3,FADING,RS,0.0,0.0,0.0,70,70,
5,2012-16,3,UNDETERMINED,H,0.697166122714263,0.6379516080252815,0.7502868059079778,70,70,
5,2012-16,3,UNDETERMINED,RS,0.5621675274219563,0.5446660009639702,0.5804977969083283,70,70,
5,2012-16,3,ORIGIN,H,0.30283387728573674,0.25425371845940953,0.3580547625038241,70,70,
5,2012-16,3,ORIGIN,RS,0.43783247257804364,0.4188993821972814,0.4551604388231655,70,70,
5,2012-16,4,SOURCE,H,0.00230937299612771,0.0,0.00692811898838313,65,65,
5,2012-16,4,SOURCE,RS,0.002581408632110285,0.0,0.007875483962370361,65,65,
5,2012-16,4,SINK,H,0.002126315247438327,0.0,0.006378945742314982,65,65,
5,2012-16,4,SINK,RS,0.002629776652234147,0.0,0.00845669573118607,65,65,
5,2012-16,4,FADING,H,0.004014334150475671,0.0,0.012043002451427013,65,65,
5,2012-16,4,FADING,RS,0.004744470376214724,0.0,0.01473067639947248,65,65,
5,2012-16,4,UNDETERMINED,H,0.7112984422142268,0.6520311290784191,0.7564196270645412,65,65,
5,2012-16,4,UNDETERMINED,RS,0.5511053407722706,0.5347588602832766,0.5703349656155912,65,65,
5,2012-16,4,ORIGIN,H,0.2802515353917315,0.23222568942917135,0.3324994861901873,65,65,
5,2012-16,4,ORIGIN,RS,0.4389390035671701,0.4199256956573773,0.4564574819224,65,65,
5,2012-16,5,SOURCE,H,0.034747049775670315,0.00847151052303761,0.06722356062038311,49,49,
5,2012-16,5,SOURCE,RS,0.04196430357616659,0.010536963065930357,0.07893450596307307,49,49,
5,2012-16,5,SINK,H,0.005299738636765202,0.0,0.013218437039736271,49,49,
5,2012-16,5,SINK,RS,0.005037184199987069,0.0,0.012834294721267559,49,49,
5,2012-16,5,FADING,H,0.010939842914209774,0.0,0.028281498128260595,49,49,
5,2012-16,5,FADING,RS,0.013003518463755524,0.0,0.035107047313960825,49,49,
5,2012-16,5,UNDETERMINED,H,0.6507065268083527,0.5793299822322767,0.7152615365935769,49,49,
5,2012-16,5,UNDETERMINED,RS,0.5043934578481108,0.4605283623488787,0.5424769556712973,49,49,
5,2012-16,5,ORIGIN,H,0.298306841865002,0.23524174599229708,0.377493900308774,49,49,
5,2012-16,5,ORIGIN,RS,0.43560153591197986,0.41295576027872677,0.45639090052502934,49,49,
5,2012-16,6,SOURCE,H,0.05951253097078102,0.021342552616204297,0.10346371069465461,33,33,
5,2012-16,6,SOURCE,RS,0.0788750065060257,0.028681953698686723,0.13696092015063677,33,33,
5,2012-16,6,SINK,H,0.044952040450635236,0.015319707832555172,0.08038839812134181,33,33,
5,2012-16,6,SINK,RS,0.045133242572584234,0.010990539594059368,0.08551531528085052,33,33,
5,2012-16,6,FADING,H,0.0035220054850318987,0.0,0.010566016455095696,33,33,
5,2012-16,6,FADING,RS,0.003654405187935383,0.0,0.012228201975014551,33,33,
5,2012-16,6,UNDETERMINED,H,0.5797613371597956,0.48798798484484557,0.6639567546268793,33,33,
5,2012-16,6,UNDETERMINED,RS,0.4385169892577443,0.3776794771535115,0.4913014479823777,33,33,
5,2012-16,6,ORIGIN,H,0.3122520859337563,0.23375542580400052,0.4111867075368239,33,33,
5,2012-16,6,ORIGIN,RS,0.43382035647571027,0.4027613193730774,0.4626051628281696,33,33,
5,2012-16,7,SOURCE,H,0.05536296496954145,0.0,0.11965303922365554,18,18,
5,2012-16,7,SOURCE,RS,0.07886374854528257,0.0,0.1640329721675405,18,18,
5,2012-16,7,SINK,H,0.006778517682239939,0.0,0.017044765030377086,18,18,
5,2012-16,7,SINK,RS,0.0017255946273066734,0.0,0.004237851440236808,18,18,
5,2012-16,7,FADING,H,0.0,0.0,0.0,18,18,
5,2012-16,7,FADING,RS,0.0,0.0,0.0,18,18,
5,2012-16,7,UNDETERMINED,H,0.587184719270198,0.43818856085314295,0.7230161272724247,18,18,
5,2012-16,7,UNDETERMINED,RS,0.4781505036751609,0.38548452286357615,0.5584547235877707,18,18,
5,2012-16,7,ORIGIN,H,0.3506737980780208,0.2291342642444645,0.48996198719322853,18,18,
5,2012-16,7,ORIGIN,RS,0.4412601531522498,0.4015959869942388,0.4760901852534456,18,18,
5,ALL,-1,ALL,H_pooled_json,,,,919,184,"{""SOURCE"": 0.020738308021865045, ""SINK"": 0.027203336960910873, ""FADING"": 0.012766529824264171, ""UNDETERMINED"": 0.6637474288009808, ""ORIGIN"": 0.2755443963919792}"
10,2005-07,3,SOURCE,H,0.0,0.0,0.0,38,38,
10,2005-07,3,SOURCE,RS,0.0,0.0,0.0,38,38,
10,2005-07,3,SINK,H,0.0,0.0,0.0,38,38,
10,2005-07,3,SINK,RS,0.0,0.0,0.0,38,38,
10,2005-07,3,FADING,H,0.007250670449166543,0.0,0.021752011347499628,38,38,
10,2005-07,3,FADING,RS,0.008193538405321535,0.0,0.02528291850784931,38,38,
10,2005-07,3,UNDETERMINED,H,0.7140028978081123,0.651532966094857,0.7623264054240674,38,38,
10,2005-07,3,UNDETERMINED,RS,0.5534949566093226,0.5271356437465163,0.5799916870613627,38,38,
10,2005-07,3,ORIGIN,H,0.27874643174272123,0.23221956493886992,0.3480123254465157,38,38,
10,2005-07,3,ORIGIN,RS,0.4383115049853559,0.41358017939501696,0.4604432025820267,38,38,
10,2005-07,4,SOURCE,H,0.0,0.0,0.0,38,38,
10,2005-07,4,SOURCE,RS,0.0,0.0,0.0,38,38,
10,2005-07,4,SINK,H,0.010514206964356074,0.0,0.031542620893068224,38,38,
10,2005-07,4,SINK,RS,0.008671171171171173,0.0,0.02849039829302977,38,38,
10,2005-07,4,FADING,H,0.0103590449074681,0.0,0.0310771347224043,38,38,
10,2005-07,4,FADING,RS,0.011016070502851215,0.0,0.033992446123083754,38,38,
10,2005-07,4,UNDETERMINED,H,0.709842928364535,0.6403878191541726,0.7659185470935186,38,38,
10,2005-07,4,UNDETERMINED,RS,0.5475565413577986,0.5080343219646706,0.5851805707167617,38,38,
10,2005-07,4,ORIGIN,H,0.26928381976364085,0.22483493246457983,0.33082576220693255,38,38,
10,2005-07,4,ORIGIN,RS,0.43275621696817884,0.4071511919172835,0.45689208897482897,38,38,
10,2005-07,5,SOURCE,H,0.010770480358107863,0.0,0.027403546272207414,38,38,
10,2005-07,5,SOURCE,RS,0.015499734602634698,0.0,0.04076286445405814,38,38,
10,2005-07,5,SINK,H,0.017681442208766936,0.0,0.04737384488733873,38,38,
10,2005-07,5,SINK,RS,0.017581954426580147,0.0,0.046535574636590776,38,38,
10,2005-07,5,FADING,H,0.012361558569527009,0.0,0.032827429296610956,38,38,
10,2005-07,5,FADING,RS,0.01224348362160382,0.0,0.03373515711662495,38,38,
10,2005-07,5,UNDETERMINED,H,0.6936809626140406,0.6146258538303254,0.7530931174109207,38,38,
10,2005-07,5,UNDETERMINED,RS,0.5263678445258455,0.48260517486999915,0.5653040470550996,38,38,
10,2005-07,5,ORIGIN,H,0.2655055562495577,0.21780740239335,0.32745019983149004,38,38,
10,2005-07,5,ORIGIN,RS,0.4283069828233359,0.40196545357456553,0.4549807862836195,38,38,
10,2005-07,6,SOURCE,H,0.05225989109718225,0.015942847513024872,0.10042180359853502,38,38,
10,2005-07,6,SOURCE,RS,0.058194500418729075,0.020031823117415252,0.10123786512935315,38,38,
10,2005-07,6,SINK,H,0.012434064636647016,0.0,0.027742175864925105,38,38,
10,2005-07,6,SINK,RS,0.010617948011375245,0.0,0.024508081572310964,38,38,
10,2005-07,6,FADING,H,0.023249315769546183,0.0,0.05075225156629035,38,38,
10,2005-07,6,FADING,RS,0.024714790232731116,0.0,0.05434646536860317,38,38,
10,2005-07,6,UNDETERMINED,H,0.6469164862908613,0.5720798843128491,0.7175275630169605,38,38,
10,2005-07,6,UNDETERMINED,RS,0.47931910665256106,0.4265709809853757,0.5279543482366492,38,38,
10,2005-07,6,ORIGIN,H,0.26514024220576315,0.21627464073006808,0.33212269116634957,38,38,
10,2005-07,6,ORIGIN,RS,0.4271536546846035,0.39603394992834146,0.45223735545811977,38,38,
10,2005-07,7,SOURCE,H,0.041004841614003674,0.009050685691044396,0.0859840264637347,38,38,
10,2005-07,7,SOURCE,RS,0.04570468306329509,0.010568835425814828,0.08838165185296509,38,38,
10,2005-07,7,SINK,H,0.036935137628571584,0.012552654506869411,0.06562238244155147,38,38,
10,2005-07,7,SINK,RS,0.034327329467708514,0.011750817295545023,0.06599059138517648,38,38,
10,2005-07,7,FADING,H,0.02422429297507675,0.005505871066111391,0.05163834035289154,38,38,
10,2005-07,7,FADING,RS,0.02538416299364886,0.0033922942941107177,0.05077907121512299,38,38,
10,2005-07,7,UNDETERMINED,H,0.6506004084678826,0.5845891295395115,0.7102761822652559,38,38,
10,2005-07,7,UNDETERMINED,RS,0.467719474253332,0.4270029288978596,0.5103592146648952,38,38,
10,2005-07,7,ORIGIN,H,0.2472353193144655,0.21083088745292963,0.3023993827182317,38,38,
10,2005-07,7,ORIGIN,RS,0.42686435022201547,0.39507195653407245,0.4546251620619316,38,38,
10,2005-07,8,SOURCE,H,0.049709945274462077,0.013468013128495637,0.09300053619568098,38,38,
10,2005-07,8,SOURCE,RS,0.05632775106045557,0.014741112857401548,0.10286530355501383,38,38,
10,2005-07,8,SINK,H,0.033488020024035774,0.012567915201929018,0.05978017275878656,38,38,
10,2005-07,8,SINK,RS,0.030840283469042457,0.00892506437314094,0.055566985278128526,38,38,
10,2005-07,8,FADING,H,0.0364853812811834,0.005758487114399619,0.07382095073372963,38,38,
10,2005-07,8,FADING,RS,0.040934028618817175,0.008317252178177375,0.08502865733844596,38,38,
10,2005-07,8,UNDETERMINED,H,0.6172630860986441,0.5408610425492044,0.685617952999402,38,38,
10,2005-07,8,UNDETERMINED,RS,0.45340996836219905,0.4029543465858523,0.5088839649278302,38,38,
10,2005-07,8,ORIGIN,H,0.26305356732167473,0.21472740440715204,0.3289796338906513,38,38,
10,2005-07,8,ORIGIN,RS,0.4184879684894859,0.3823899005223666,0.44921806320297053,38,38,
10,2008-11,3,SOURCE,H,0.0,0.0,0.0,76,76,
10,2008-11,3,SOURCE,RS,0.0,0.0,0.0,76,76,
10,2008-11,3,SINK,H,0.0,0.0,0.0,76,76,
10,2008-11,3,SINK,RS,0.0,0.0,0.0,76,76,
10,2008-11,3,FADING,H,0.0,0.0,0.0,76,76,
10,2008-11,3,FADING,RS,0.0,0.0,0.0,76,76,
10,2008-11,3,UNDETERMINED,H,0.7093896740998651,0.6635914568427002,0.7504328318108509,76,76,
10,2008-11,3,UNDETERMINED,RS,0.5468996106826302,0.5331876980553112,0.5623460351272013,76,76,
10,2008-11,3,ORIGIN,H,0.2906103259001349,0.24973306460706107,0.3348215826246684,76,76,
10,2008-11,3,ORIGIN,RS,0.4531003893173699,0.4376441660908685,0.46759500261242465,76,76,
10,2008-11,4,SOURCE,H,0.014648929404305998,0.0,0.03389283829067019,76,76,
10,2008-11,4,SOURCE,RS,0.014831914788271628,0.0,0.03448341362155489,76,76,
10,2008-11,4,SINK,H,0.006969261727006615,0.0,0.019046561702757175,76,76,
10,2008-11,4,SINK,RS,0.006630978287995822,0.0,0.017726522937925183,76,76,
10,2008-11,4,FADING,H,0.008780327601831029,0.0,0.02429881278210935,76,76,
10,2008-11,4,FADING,RS,0.009304366691674067,0.0,0.027095830188429402,76,76,
10,2008-11,4,UNDETERMINED,H,0.6950790853697627,0.6469484041787391,0.7400662233943901,76,76,
10,2008-11,4,UNDETERMINED,RS,0.5204254639622771,0.4955467624150005,0.5450823956977393,76,76,
10,2008-11,4,ORIGIN,H,0.27452239589709354,0.23855302632695294,0.3190768109756845,76,76,
10,2008-11,4,ORIGIN,RS,0.44880727626978145,0.4326490210531721,0.46286340004468884,76,76,
10,2008-11,5,SOURCE,H,0.02061156442578306,0.004301342170742269,0.039580861352036735,76,76,
10,2008-11,5,SOURCE,RS,0.02726331250036982,0.0056045165937386576,0.049980363423738024,76,76,
10,2008-11,5,SINK,H,0.03578884815940274,0.014016082744435377,0.060358671720569225,76,76,
10,2008-11,5,SINK,RS,0.03253362193847748,0.013070414195044778,0.05530039386644058,76,76,
10,2008-11,5,FADING,H,0.013746291755845755,0.0,0.0334330057236623,76,76,
10,2008-11,5,FADING,RS,0.013713537547489517,0.0,0.0335080118775235,76,76,
10,2008-11,5,UNDETERMINED,H,0.671216155455373,0.6259567943891743,0.7138532028679362,76,76,
10,2008-11,5,UNDETERMINED,RS,0.48015569961743826,0.4484744520033146,0.5103453531753729,76,76,
10,2008-11,5,ORIGIN,H,0.2586371402035956,0.22804100214851422,0.29639582405292286,76,76,
10,2008-11,5,ORIGIN,RS,0.44633382839622493,0.43007680458972325,0.4609866101028269,76,76,
10,2008-11,6,SOURCE,H,0.016915148369858368,0.00335035735366754,0.03226574449367311,76,76,
10,2008-11,6,SOURCE,RS,0.023386490936782516,0.004358204906503395,0.045590941309052724,76,76,
10,2008-11,6,SINK,H,0.03374350290133193,0.013410022026033506,0.05366878097588026,76,76,
10,2008-11,6,SINK,RS,0.03236431519736963,0.015045184228559735,0.05397849379745115,76,76,
10,2008-11,6,FADING,H,0.029134801801714606,0.008214532197106052,0.05398272504042044,76,76,
10,2008-11,6,FADING,RS,0.02722358912661724,0.00820060254477249,0.05095153893962425,76,76,
10,2008-11,6,UNDETERMINED,H,0.6726087291053187,0.6242612693103443,0.7148133880511335,76,76,
10,2008-11,6,UNDETERMINED,RS,0.4732716410932009,0.4416799955327953,0.5030120124128247,76,76,
10,2008-11,6,ORIGIN,H,0.2475978178217765,0.2200959812450108,0.2816872570863944,76,76,
10,2008-11,6,ORIGIN,RS,0.44375396364602965,0.42608724078274396,0.4592883247946324,76,76,
10,2008-11,7,SOURCE,H,0.018147496793839594,0.004157895768090693,0.03568930964669631,76,76,
10,2008-11,7,SOURCE,RS,0.02334574600193012,0.005363403259783667,0.04823472819722216,76,76,
10,2008-11,7,SINK,H,0.06319468697091361,0.0356399007902582,0.09317646623051706,76,76,
10,2008-11,7,SINK,RS,0.05695639990885074,0.03413542187278813,0.08544078560630017,76,76,
10,2008-11,7,FADING,H,0.014482351076362332,0.0010124904320669111,0.03726351974523589,76,76,
10,2008-11,7,FADING,RS,0.012805151629313106,0.0005797253866708993,0.033179958137498584,76,76,
10,2008-11,7,UNDETERMINED,H,0.6364608686893977,0.585290139234316,0.6873162567063754,76,76,
10,2008-11,7,UNDETERMINED,RS,0.4663956130380795,0.43070890468877343,0.4967572062374171,76,76,
10,2008-11,7,ORIGIN,H,0.2677145964694869,0.23136099754929337,0.30997439823580003,76,76,
10,2008-11,7,ORIGIN,RS,0.4404970894218266,0.4212346212848822,0.4564912051128018,76,76,
10,2008-11,8,SOURCE,H,0.038947972706321984,0.019277519426963072,0.060859401325407785,76,76,
10,2008-11,8,SOURCE,RS,0.045242030761519204,0.021071567848474287,0.07161588986713066,76,76,
10,2008-11,8,SINK,H,0.046192566856781504,0.025524811747554544,0.0710782882935801,76,76,
10,2008-11,8,SINK,RS,0.043751967689096755,0.022749121286370105,0.06621592355904381,76,76,
10,2008-11,8,FADING,H,0.012489924109895906,0.0005108286168509748,0.02824814070000578,76,76,
10,2008-11,8,FADING,RS,0.010989722090757636,0.00021202254107220825,0.024200336591561372,76,76,
10,2008-11,8,UNDETERMINED,H,0.6336040622185088,0.5801022954548407,0.6817246915658134,76,76,
10,2008-11,8,UNDETERMINED,RS,0.46753892771243016,0.4377657405667946,0.4969259451524336,76,76,
10,2008-11,8,ORIGIN,H,0.26876547410849183,0.2321277574033035,0.31333464460382365,76,76,
10,2008-11,8,ORIGIN,RS,0.43247735174619606,0.4139439954646553,0.44969231491406697,76,76,
10,2012-16,3,SOURCE,H,0.0,0.0,0.0,70,70,
10,2012-16,3,SOURCE,RS,0.0,0.0,0.0,70,70,
10,2012-16,3,SINK,H,0.0,0.0,0.0,70,70,
10,2012-16,3,SINK,RS,0.0,0.0,0.0,70,70,
10,2012-16,3,FADING,H,0.0,0.0,0.0,70,70,
10,2012-16,3,FADING,RS,0.0,0.0,0.0,70,70,
10,2012-16,3,UNDETERMINED,H,0.697166122714263,0.6418061944015497,0.7491272308301247,70,70,
10,2012-16,3,UNDETERMINED,RS,0.5621675274219563,0.5456655876919544,0.5813816838108761,70,70,
10,2012-16,3,ORIGIN,H,0.30283387728573674,0.2503573417104399,0.3599120039590493,70,70,
10,2012-16,3,ORIGIN,RS,0.43783247257804364,0.4187569266864175,0.455232981005497,70,70,
10,2012-16,4,SOURCE,H,0.00230937299612771,0.0,0.00692811898838313,65,65,
10,2012-16,4,SOURCE,RS,0.002581408632110285,0.0,0.009996644850842732,65,65,
10,2012-16,4,SINK,H,0.002126315247438327,0.0,0.006378945742314982,65,65,
10,2012-16,4,SINK,RS,0.002629776652234147,0.0,0.008026505623687764,65,65,
10,2012-16,4,FADING,H,0.004014334150475671,0.0,0.012043002451427013,65,65,
10,2012-16,4,FADING,RS,0.004744470376214724,0.0,0.015264203799667002,65,65,
10,2012-16,4,UNDETERMINED,H,0.7112984422142268,0.6570830799015127,0.7563843741433444,65,65,
10,2012-16,4,UNDETERMINED,RS,0.5511053407722706,0.5354831412609716,0.5699650389770807,65,65,
10,2012-16,4,ORIGIN,H,0.2802515353917315,0.23500287601305528,0.33988061923467855,65,65,
10,2012-16,4,ORIGIN,RS,0.4389390035671701,0.41925841358454763,0.45612495261786207,65,65,
10,2012-16,5,SOURCE,H,0.034747049775670315,0.00986320554106403,0.06458180412618529,49,49,
10,2012-16,5,SOURCE,RS,0.04196430357616659,0.009822179537906442,0.07889869323636392,49,49,
10,2012-16,5,SINK,H,0.005299738636765202,0.0,0.013281882962625356,49,49,
10,2012-16,5,SINK,RS,0.005037184199987069,0.0,0.013003565434954654,49,49,
10,2012-16,5,FADING,H,0.010939842914209774,0.0,0.02791777976758558,49,49,
10,2012-16,5,FADING,RS,0.013003518463755524,0.0,0.03367444558182537,49,49,
10,2012-16,5,UNDETERMINED,H,0.6507065268083527,0.5752772113010508,0.7165247630290744,49,49,
10,2012-16,5,UNDETERMINED,RS,0.5043934578481108,0.4606842585075877,0.5415530723796302,49,49,
10,2012-16,5,ORIGIN,H,0.298306841865002,0.23910274696292624,0.36775758669071523,49,49,
10,2012-16,5,ORIGIN,RS,0.43560153591197986,0.4134895580049306,0.45526688341545846,49,49,
10,2012-16,6,SOURCE,H,0.05280340192000561,0.01613333304130473,0.09232005835744535,33,33,
10,2012-16,6,SOURCE,RS,0.06960013298157376,0.02346460096254246,0.12824301755299913,33,33,
10,2012-16,6,SINK,H,0.044952040450635236,0.015340249669888536,0.081142647930192,33,33,
10,2012-16,6,SINK,RS,0.045133242572584234,0.01159602100452184,0.08530619023063886,33,33,
10,2012-16,6,FADING,H,0.0035220054850318987,0.0,0.010566016455095696,33,33,
10,2012-16,6,FADING,RS,0.003654405187935383,0.0,0.012228201975014551,33,33,
10,2012-16,6,UNDETERMINED,H,0.586470466210571,0.48321850324363125,0.6751558281380922,33,33,
10,2012-16,6,UNDETERMINED,RS,0.4477918627821963,0.3814755527334574,0.502968724876362,33,33,
10,2012-16,6,ORIGIN,H,0.3122520859337563,0.2353643656321276,0.4061644980214884,33,33,
10,2012-16,6,ORIGIN,RS,0.43382035647571027,0.40112935782666503,0.4624600076861756,33,33,
10,2012-16,7,SOURCE,H,0.05536296496954145,0.0,0.12007834342060833,18,18,
10,2012-16,7,SOURCE,RS,0.07886374854528257,0.0,0.16355001010791853,18,18,
10,2012-16,7,SINK,H,0.006778517682239939,0.0,0.017044765030377086,18,18,
10,2012-16,7,SINK,RS,0.0017255946273066734,0.0,0.0042461947702369775,18,18,
10,2012-16,7,FADING,H,0.0,0.0,0.0,18,18,
10,2012-16,7,FADING,RS,0.0,0.0,0.0,18,18,
10,2012-16,7,UNDETERMINED,H,0.587184719270198,0.44568935833012685,0.7167308639352381,18,18,
10,2012-16,7,UNDETERMINED,RS,0.4781505036751609,0.3827868696756281,0.5649187927891473,18,18,
10,2012-16,7,ORIGIN,H,0.3506737980780208,0.22781603776951115,0.49128848448146556,18,18,
10,2012-16,7,ORIGIN,RS,0.4412601531522498,0.39765029827608495,0.4765607585274409,18,18,
10,ALL,-1,ALL,H_pooled_json,,,,919,184,"{""SOURCE"": 0.020390294692969626, ""SINK"": 0.022144604260913792, ""FADING"": 0.012207531181749082, ""UNDETERMINED"": 0.6697131734723883, ""ORIGIN"": 0.2755443963919792}"
15,2005-07,3,SOURCE,H,0.0,0.0,0.0,38,38,
15,2005-07,3,SOURCE,RS,0.0,0.0,0.0,38,38,
15,2005-07,3,SINK,H,0.0,0.0,0.0,38,38,
15,2005-07,3,SINK,RS,0.0,0.0,0.0,38,38,
15,2005-07,3,FADING,H,0.007250670449166543,0.0,0.021752011347499628,38,38,
15,2005-07,3,FADING,RS,0.008193538405321535,0.0,0.026026533758080173,38,38,
15,2005-07,3,UNDETERMINED,H,0.7140028978081123,0.649162006552551,0.7623932602280905,38,38,
15,2005-07,3,UNDETERMINED,RS,0.5534949566093226,0.5295946840027521,0.5803200903900865,38,38,
15,2005-07,3,ORIGIN,H,0.27874643174272123,0.23369118001766262,0.33586615188428987,38,38,
15,2005-07,3,ORIGIN,RS,0.4383115049853559,0.41209774202341504,0.4577377731210626,38,38,
15,2005-07,4,SOURCE,H,0.0,0.0,0.0,38,38,
15,2005-07,4,SOURCE,RS,0.0,0.0,0.0,38,38,
15,2005-07,4,SINK,H,0.0,0.0,0.0,38,38,
15,2005-07,4,SINK,RS,0.0,0.0,0.0,38,38,
15,2005-07,4,FADING,H,0.0103590449074681,0.0,0.0310771347224043,38,38,
15,2005-07,4,FADING,RS,0.011016070502851215,0.0,0.033992446123083754,38,38,
15,2005-07,4,UNDETERMINED,H,0.7203571353288911,0.655993981489126,0.770976323431869,38,38,
15,2005-07,4,UNDETERMINED,RS,0.5562277125289697,0.5248473089876399,0.5910391196570525,38,38,
15,2005-07,4,ORIGIN,H,0.26928381976364085,0.22179584443309427,0.3386043977862057,38,38,
15,2005-07,4,ORIGIN,RS,0.43275621696817884,0.40787196645592966,0.45610017320512336,38,38,
15,2005-07,5,SOURCE,H,0.010770480358107863,0.0,0.028358237026082925,38,38,
15,2005-07,5,SOURCE,RS,0.015499734602634698,0.0,0.03914200365309566,38,38,
15,2005-07,5,SINK,H,0.005670481738962081,0.0,0.017011445216886245,38,38,
15,2005-07,5,SINK,RS,0.006210288643149656,0.0,0.019726799219416554,38,38,
15,2005-07,5,FADING,H,0.008104312157556944,0.0,0.02431293647267083,38,38,
15,2005-07,5,FADING,RS,0.008287003667710565,0.0,0.025571325603221173,38,38,
15,2005-07,5,UNDETERMINED,H,0.7099491694958154,0.6452472170382204,0.7608471547300347,38,38,
15,2005-07,5,UNDETERMINED,RS,0.5416959902631692,0.5108298720214737,0.5732110087312781,38,38,
15,2005-07,5,ORIGIN,H,0.2655055562495577,0.21789916219015273,0.32753134088398217,38,38,
15,2005-07,5,ORIGIN,RS,0.4283069828233359,0.4015615431196953,0.4520292763174532,38,38,
15,2005-07,6,SOURCE,H,0.03472508040656291,0.009637282209910985,0.06253082886243132,38,38,
15,2005-07,6,SOURCE,RS,0.04430561152984019,0.012320393331578696,0.08243674673253254,38,38,
15,2005-07,6,SINK,H,0.004123397066456679,0.0,0.009978191976710852,38,38,
15,2005-07,6,SINK,RS,0.0034974577059091677,0.0,0.009258145695547457,38,38,
15,2005-07,6,FADING,H,0.023249315769546183,0.0,0.055437472597660006,38,38,
15,2005-07,6,FADING,RS,0.024714790232731116,0.0,0.05286006960946896,38,38,
15,2005-07,6,UNDETERMINED,H,0.6727619645516709,0.601793999914604,0.7282502781330643,38,38,
15,2005-07,6,UNDETERMINED,RS,0.500328485846916,0.4624391326825841,0.5367800723253177,38,38,
15,2005-07,6,ORIGIN,H,0.26514024220576315,0.21478958627179215,0.3307272312875511,38,38,
15,2005-07,6,ORIGIN,RS,0.4271536546846035,0.39676657452737135,0.4515128434945478,38,38,
15,2005-07,7,SOURCE,H,0.028304610346578316,0.005560806963191466,0.05664874499722893,38,38,
15,2005-07,7,SOURCE,RS,0.03547552852116735,0.00929613866764277,0.07386103248688589,38,38,
15,2005-07,7,SINK,H,0.015388044239914378,0.001259263795823754,0.034368386294493534,38,38,
15,2005-07,7,SINK,RS,0.018637325378421207,0.0013438748034456244,0.04182526499877948,38,38,
15,2005-07,7,FADING,H,0.023146427075831165,0.004428005166865805,0.04708520169940905,38,38,
15,2005-07,7,FADING,RS,0.024255051679972665,0.003402522638272741,0.048507323367527035,38,38,
15,2005-07,7,UNDETERMINED,H,0.6859255990232106,0.6299318246085776,0.731860685291742,38,38,
15,2005-07,7,UNDETERMINED,RS,0.4947677441984232,0.4607209862940193,0.5310346534728422,38,38,
15,2005-07,7,ORIGIN,H,0.2472353193144655,0.21232252067956417,0.2966393397109285,38,38,
15,2005-07,7,ORIGIN,RS,0.42686435022201547,0.39659663074695606,0.4543769492651172,38,38,
15,2005-07,8,SOURCE,H,0.03416730486183762,0.00849796400852337,0.06858786966273664,38,38,
15,2005-07,8,SOURCE,RS,0.0429455011109665,0.009405915995890572,0.08136006830982269,38,38,
15,2005-07,8,SINK,H,0.018109879768089563,0.0027296975327289284,0.03700836959687912,38,38,
15,2005-07,8,SINK,RS,0.020412881184898465,0.0026162307052801422,0.04341678216836267,38,38,
15,2005-07,8,FADING,H,0.03004924404346958,0.007674339378762873,0.05982154866242357,38,38,
15,2005-07,8,FADING,RS,0.03469269713476724,0.00831224510598349,0.06755983063990076,38,38,
15,2005-07,8,UNDETERMINED,H,0.6546200040049286,0.580418990521317,0.7170251508021844,38,38,
15,2005-07,8,UNDETERMINED,RS,0.4834609520798819,0.4431580196345577,0.523655666910143,38,38,
15,2005-07,8,ORIGIN,H,0.26305356732167473,0.20974217352765326,0.3286828459932912,38,38,
15,2005-07,8,ORIGIN,RS,0.4184879684894859,0.3879482109710593,0.44854792335238225,38,38,
15,2008-11,3,SOURCE,H,0.0,0.0,0.0,76,76,
15,2008-11,3,SOURCE,RS,0.0,0.0,0.0,76,76,
15,2008-11,3,SINK,H,0.0,0.0,0.0,76,76,
15,2008-11,3,SINK,RS,0.0,0.0,0.0,76,76,
15,2008-11,3,FADING,H,0.0,0.0,0.0,76,76,
15,2008-11,3,FADING,RS,0.0,0.0,0.0,76,76,
15,2008-11,3,UNDETERMINED,H,0.7093896740998651,0.6634969376277935,0.748073122915001,76,76,
15,2008-11,3,UNDETERMINED,RS,0.5468996106826302,0.5335183003119301,0.5641923382727916,76,76,
15,2008-11,3,ORIGIN,H,0.2906103259001349,0.2500405797404651,0.33846780498061807,76,76,
15,2008-11,3,ORIGIN,RS,0.4531003893173699,0.4367334342371265,0.4668709430341432,76,76,
15,2008-11,4,SOURCE,H,0.009788013696246288,0.0,0.02476906160668067,76,76,
15,2008-11,4,SOURCE,RS,0.009851071876394233,0.0,0.02446884097426878,76,76,
15,2008-11,4,SINK,H,0.006969261727006615,0.0,0.01796429011259675,76,76,
15,2008-11,4,SINK,RS,0.006630978287995822,0.0,0.01670598786435447,76,76,
15,2008-11,4,FADING,H,0.008780327601831029,0.0,0.02429881278210935,76,76,
15,2008-11,4,FADING,RS,0.009304366691674067,0.0,0.024696672256659388,76,76,
15,2008-11,4,UNDETERMINED,H,0.6999400010778224,0.6496166586176675,0.7402494022812716,76,76,
15,2008-11,4,UNDETERMINED,RS,0.5254063068741545,0.5007006448635685,0.5485585635249892,76,76,
15,2008-11,4,ORIGIN,H,0.27452239589709354,0.23913386433640724,0.3216629246858554,76,76,
15,2008-11,4,ORIGIN,RS,0.44880727626978145,0.4331794597314624,0.46235787498623115,76,76,
15,2008-11,5,SOURCE,H,0.02061156442578306,0.0050989845084301955,0.03840754829726989,76,76,
15,2008-11,5,SOURCE,RS,0.02726331250036982,0.006170380761430977,0.05254343315443923,76,76,
15,2008-11,5,SINK,H,0.018382777546071788,0.005075193725228096,0.03538481940203156,76,76,
15,2008-11,5,SINK,RS,0.01724755582116814,0.0045690602639963255,0.03270203603898956,76,76,
15,2008-11,5,FADING,H,0.0052044852079347476,0.0,0.014380956700683118,76,76,
15,2008-11,5,FADING,RS,0.0055867115702587875,0.0,0.01654698759283515,76,76,
15,2008-11,5,UNDETERMINED,H,0.697164032616615,0.6539821945219626,0.7415932713422636,76,76,
15,2008-11,5,UNDETERMINED,RS,0.5035685917119784,0.47895942297680233,0.5253600408102753,76,76,
15,2008-11,5,ORIGIN,H,0.2586371402035956,0.22742117417200317,0.2969988841534178,76,76,
15,2008-11,5,ORIGIN,RS,0.44633382839622493,0.42944619580046095,0.4605758242467797,76,76,
15,2008-11,6,SOURCE,H,0.016915148369858368,0.00335035735366754,0.03214871746285593,76,76,
15,2008-11,6,SOURCE,RS,0.023386490936782516,0.005742605741465669,0.048064765884966415,76,76,
15,2008-11,6,SINK,H,0.027820215864767035,0.010189078426172265,0.04776982668916302,76,76,
15,2008-11,6,SINK,RS,0.026928242668183312,0.010134807189742915,0.04743452108516842,76,76,
15,2008-11,6,FADING,H,0.00830362080791539,0.0,0.023522854405559734,76,76,
15,2008-11,6,FADING,RS,0.00787413722534058,0.0,0.022112485249419812,76,76,
15,2008-11,6,UNDETERMINED,H,0.6993631971356828,0.6548821266295891,0.7359979319270483,76,76,
15,2008-11,6,UNDETERMINED,RS,0.49805716552366386,0.4675916243464355,0.5242753093235124,76,76,
15,2008-11,6,ORIGIN,H,0.2475978178217765,0.22205111079672593,0.28111781035818295,76,76,
15,2008-11,6,ORIGIN,RS,0.44375396364602965,0.4258163792945888,0.45873308016789743,76,76,
15,2008-11,7,SOURCE,H,0.02354170576875735,0.007138105547799932,0.04207690473488162,76,76,
15,2008-11,7,SOURCE,RS,0.029574559440153483,0.008675088974508378,0.0575426644214358,76,76,
15,2008-11,7,SINK,H,0.031271768837129656,0.013201436766817825,0.05355028413846039,76,76,
15,2008-11,7,SINK,RS,0.029834658612174974,0.013851188353109216,0.04933202526124405,76,76,
15,2008-11,7,FADING,H,0.0043899881093413095,0.0,0.012182786156758668,76,76,
15,2008-11,7,FADING,RS,0.004694227725895073,0.0,0.013702255130550527,76,76,
15,2008-11,7,UNDETERMINED,H,0.6730819408152848,0.6213917912233236,0.7218563283038252,76,76,
15,2008-11,7,UNDETERMINED,RS,0.49539946479994984,0.46536002363164725,0.5219609622348066,76,76,
15,2008-11,7,ORIGIN,H,0.2677145964694869,0.23320103351564983,0.31280179609356085,76,76,
15,2008-11,7,ORIGIN,RS,0.4404970894218266,0.42257038001574565,0.456955588039634,76,76,
15,2008-11,8,SOURCE,H,0.038947972706321984,0.0197956650237205,0.06179009382773782,76,76,
15,2008-11,8,SOURCE,RS,0.045242030761519204,0.02187857509601682,0.07247838301624718,76,76,
15,2008-11,8,SINK,H,0.030997766397416717,0.013554080911438419,0.0494976873784618,76,76,
15,2008-11,8,SINK,RS,0.030197693285335503,0.014543585169777998,0.05186797221466197,76,76,
15,2008-11,8,FADING,H,0.0071070703223009585,0.0,0.01729239520325087,76,76,
15,2008-11,8,FADING,RS,0.007387489721401979,0.0,0.018530694930959837,76,76,
15,2008-11,8,UNDETERMINED,H,0.6541817164654686,0.6045837636715874,0.7018412110975711,76,76,
15,2008-11,8,UNDETERMINED,RS,0.48469543448554714,0.45443581608907946,0.5131932219261058,76,76,
15,2008-11,8,ORIGIN,H,0.26876547410849183,0.22994498410872785,0.3146070664514371,76,76,
15,2008-11,8,ORIGIN,RS,0.43247735174619606,0.4146965787823234,0.4504425733290681,76,76,
15,2012-16,3,SOURCE,H,0.0,0.0,0.0,70,70,
15,2012-16,3,SOURCE,RS,0.0,0.0,0.0,70,70,
15,2012-16,3,SINK,H,0.0,0.0,0.0,70,70,
15,2012-16,3,SINK,RS,0.0,0.0,0.0,70,70,
15,2012-16,3,FADING,H,0.0,0.0,0.0,70,70,
15,2012-16,3,FADING,RS,0.0,0.0,0.0,70,70,
15,2012-16,3,UNDETERMINED,H,0.697166122714263,0.632136149875965,0.7498796007377302,70,70,
15,2012-16,3,UNDETERMINED,RS,0.5621675274219563,0.5440809590719214,0.5824065853200738,70,70,
15,2012-16,3,ORIGIN,H,0.30283387728573674,0.2522841603459291,0.367875295150062,70,70,
15,2012-16,3,ORIGIN,RS,0.43783247257804364,0.42019571597530936,0.45436451215216794,70,70,
15,2012-16,4,SOURCE,H,0.00230937299612771,0.0,0.00692811898838313,65,65,
15,2012-16,4,SOURCE,RS,0.002581408632110285,0.0,0.009684123752306586,65,65,
15,2012-16,4,SINK,H,0.0,0.0,0.0,65,65,
15,2012-16,4,SINK,RS,0.0,0.0,0.0,65,65,
15,2012-16,4,FADING,H,0.002661566136399721,0.0,0.007984698409199164,65,65,
15,2012-16,4,FADING,RS,0.0038115474503074335,0.0,0.01182894036302307,65,65,
15,2012-16,4,UNDETERMINED,H,0.7147775254757411,0.660232662338197,0.7628509564554876,65,65,
15,2012-16,4,UNDETERMINED,RS,0.5546680403504121,0.5402318931256531,0.5719267865760733,65,65,
15,2012-16,4,ORIGIN,H,0.2802515353917315,0.23320799014654178,0.331279424594314,65,65,
15,2012-16,4,ORIGIN,RS,0.4389390035671701,0.4201217666699567,0.45525777905200615,65,65,
15,2012-16,5,SOURCE,H,0.04334025334802446,0.016168487682248302,0.08024088789396355,49,49,
15,2012-16,5,SOURCE,RS,0.05177975378760369,0.01658477426526444,0.09378789242599532,49,49,
15,2012-16,5,SINK,H,0.0026173329476702513,0.0,0.007851998843010754,49,49,
15,2012-16,5,SINK,RS,0.0032219693652634105,0.0,0.010126189433685004,49,49,
15,2012-16,5,FADING,H,0.008629312345988377,0.0,0.0236604369918178,49,49,
15,2012-16,5,FADING,RS,0.011209881743114193,0.0,0.03146482127365117,49,49,
15,2012-16,5,UNDETERMINED,H,0.6471062594933149,0.5680790340888714,0.713319617300065,49,49,
15,2012-16,5,UNDETERMINED,RS,0.4981868591920387,0.4481282932988988,0.5400141165244127,49,49,
15,2012-16,5,ORIGIN,H,0.298306841865002,0.23502772719283266,0.3757090463204333,49,49,
15,2012-16,5,ORIGIN,RS,0.43560153591197986,0.4130160576343103,0.4543366851677274,49,49,
15,2012-16,6,SOURCE,H,0.05280340192000561,0.013161571288009233,0.09862051923135266,33,33,
15,2012-16,6,SOURCE,RS,0.06960013298157376,0.018883547480637038,0.12456016285180435,33,33,
15,2012-16,6,SINK,H,0.024765949708376474,0.0038613419389061498,0.05454597433609698,33,33,
15,2012-16,6,SINK,RS,0.023210151050025652,0.000603028236883199,0.049872869881440594,33,33,
15,2012-16,6,FADING,H,0.0,0.0,0.0,33,33,
15,2012-16,6,FADING,RS,0.0,0.0,0.0,33,33,
15,2012-16,6,UNDETERMINED,H,0.6101785624378615,0.5160403037968408,0.6987344131596048,33,33,
15,2012-16,6,UNDETERMINED,RS,0.47336935949269027,0.4105991352496993,0.5349395299350405,33,33,
15,2012-16,6,ORIGIN,H,0.3122520859337563,0.23535735647100364,0.4099880581696877,33,33,
15,2012-16,6,ORIGIN,RS,0.43382035647571027,0.40388302883899996,0.46324323546236157,33,33,
15,2012-16,7,SOURCE,H,0.05536296496954145,0.0,0.12007834342060833,18,18,
15,2012-16,7,SOURCE,RS,0.07886374854528257,0.019535023696832937,0.1691727052329037,18,18,
15,2012-16,7,SINK,H,0.006778517682239939,0.0,0.016847823380822614,18,18,
15,2012-16,7,SINK,RS,0.0017255946273066734,0.0,0.004495850146524911,18,18,
15,2012-16,7,FADING,H,0.0,0.0,0.0,18,18,
15,2012-16,7,FADING,RS,0.0,0.0,0.0,18,18,
15,2012-16,7,UNDETERMINED,H,0.587184719270198,0.44164600950104077,0.7144867814616113,18,18,
15,2012-16,7,UNDETERMINED,RS,0.4781505036751609,0.3855017208462458,0.5610949208114967,18,18,
15,2012-16,7,ORIGIN,H,0.3506737980780208,0.22548018730842614,0.4880244851647618,18,18,
15,2012-16,7,ORIGIN,RS,0.4412601531522498,0.39726859347698856,0.4760034600634755,18,18,
15,ALL,-1,ALL,H_pooled_json,,,,919,184,"{""SOURCE"": 0.018999702019673798, ""SINK"": 0.012498589279983053, ""FADING"": 0.007666570235999409, ""UNDETERMINED"": 0.6852907420723645, ""ORIGIN"": 0.2755443963919792}"
20,2005-07,3,SOURCE,H,0.0,0.0,0.0,38,38,
20,2005-07,3,SOURCE,RS,0.0,0.0,0.0,38,38,
20,2005-07,3,SINK,H,0.0,0.0,0.0,38,38,
20,2005-07,3,SINK,RS,0.0,0.0,0.0,38,38,
20,2005-07,3,FADING,H,0.007250670449166543,0.0,0.021752011347499628,38,38,
20,2005-07,3,FADING,RS,0.008193538405321535,0.0,0.026026533758080173,38,38,
20,2005-07,3,UNDETERMINED,H,0.7140028978081123,0.6502132838893796,0.7629267372637644,38,38,
20,2005-07,3,UNDETERMINED,RS,0.5534949566093226,0.5290894288641265,0.5825246919241068,38,38,
20,2005-07,3,ORIGIN,H,0.27874643174272123,0.2334403062401795,0.3417013195861231,38,38,
20,2005-07,3,ORIGIN,RS,0.4383115049853559,0.4135798389077255,0.45977445406837086,38,38,
20,2005-07,4,SOURCE,H,0.0,0.0,0.0,38,38,
20,2005-07,4,SOURCE,RS,0.0,0.0,0.0,38,38,
20,2005-07,4,SINK,H,0.0,0.0,0.0,38,38,
20,2005-07,4,SINK,RS,0.0,0.0,0.0,38,38,
20,2005-07,4,FADING,H,0.0103590449074681,0.0,0.0310771347224043,38,38,
20,2005-07,4,FADING,RS,0.011016070502851215,0.0,0.03499222395023328,38,38,
20,2005-07,4,UNDETERMINED,H,0.7203571353288911,0.6537420847825908,0.7710521634530457,38,38,
20,2005-07,4,UNDETERMINED,RS,0.5562277125289697,0.5222172908443273,0.5893130238279021,38,38,
20,2005-07,4,ORIGIN,H,0.26928381976364085,0.2226846221613136,0.33519151902975075,38,38,
20,2005-07,4,ORIGIN,RS,0.43275621696817884,0.4079452577710488,0.45631925223183717,38,38,
20,2005-07,5,SOURCE,H,0.010770480358107863,0.0,0.027427413541054282,38,38,
20,2005-07,5,SOURCE,RS,0.015499734602634698,0.0,0.038979419331056524,38,38,
20,2005-07,5,SINK,H,0.0,0.0,0.0,38,38,
20,2005-07,5,SINK,RS,0.0,0.0,0.0,38,38,
20,2005-07,5,FADING,H,0.0,0.0,0.0,38,38,
20,2005-07,5,FADING,RS,0.0,0.0,0.0,38,38,
20,2005-07,5,UNDETERMINED,H,0.7237239633923345,0.6584891319711667,0.7738553202602056,38,38,
20,2005-07,5,UNDETERMINED,RS,0.5561932825740296,0.5333224066143015,0.5825136302269519,38,38,
20,2005-07,5,ORIGIN,H,0.2655055562495577,0.21798658342814412,0.33221574609472243,38,38,
20,2005-07,5,ORIGIN,RS,0.4283069828233359,0.3991716660402512,0.45193051638681075,38,38,
20,2005-07,6,SOURCE,H,0.03472508040656291,0.011196508051150491,0.06339239496769057,38,38,
20,2005-07,6,SOURCE,RS,0.04430561152984019,0.011280170266830602,0.08069255972493335,38,38,
20,2005-07,6,SINK,H,0.0024093834694713205,0.0,0.007228150408413961,38,38,
20,2005-07,6,SINK,RS,0.002619688474969577,0.0,0.008321363391079832,38,38,
20,2005-07,6,FADING,H,0.013155901070716111,0.0,0.032158552375799426,38,38,
20,2005-07,6,FADING,RS,0.014832138275127828,0.0,0.037585607578127705,38,38,
20,2005-07,6,UNDETERMINED,H,0.6845693928474865,0.6183851832949706,0.7422628062988018,38,38,
20,2005-07,6,UNDETERMINED,RS,0.5110889070354588,0.4782768049761147,0.5435606093111579,38,38,
20,2005-07,6,ORIGIN,H,0.26514024220576315,0.2157406160540676,0.33265586584306855,38,38,
20,2005-07,6,ORIGIN,RS,0.4271536546846035,0.3975342415536843,0.4524891663938369,38,38,
20,2005-07,7,SOURCE,H,0.028304610346578316,0.005560806963191466,0.05559353391440366,38,38,
20,2005-07,7,SOURCE,RS,0.03547552852116735,0.007803425144381431,0.06871815041687404,38,38,
20,2005-07,7,SINK,H,0.00822300599677717,0.0,0.022527532798260457,38,38,
20,2005-07,7,SINK,RS,0.009640811194254294,0.0,0.027337865254372856,38,38,
20,2005-07,7,FADING,H,0.013565545297847578,0.0,0.031864402582208046,38,38,
20,2005-07,7,FADING,RS,0.014055334611775093,0.0,0.034127484138125455,38,38,
20,2005-07,7,UNDETERMINED,H,0.7026715190443313,0.6481213131039886,0.7475530811357455,38,38,
20,2005-07,7,UNDETERMINED,RS,0.5139639754507878,0.48120050026692734,0.5489279225555336,38,38,
20,2005-07,7,ORIGIN,H,0.2472353193144655,0.21013584255278717,0.29710279953947727,38,38,
20,2005-07,7,ORIGIN,RS,0.42686435022201547,0.3966626635302952,0.4543690840875942,38,38,
20,2005-07,8,SOURCE,H,0.025669340853314248,0.0030356358698363757,0.05327638721165848,38,38,
20,2005-07,8,SOURCE,RS,0.03205092809702686,0.0053626150736276485,0.06788900200441468,38,38,
20,2005-07,8,SINK,H,0.009353609734881588,0.0,0.023888072249676887,38,38,
20,2005-07,8,SINK,RS,0.011136703724360467,0.0,0.027397061565473436,38,38,
20,2005-07,8,FADING,H,0.02906906253726761,0.005222031873897754,0.06078750184162747,38,38,
20,2005-07,8,FADING,RS,0.0336387292257577,0.006853266415210559,0.06893820602017092,38,38,
20,2005-07,8,UNDETERMINED,H,0.6728544195528618,0.6028496676290935,0.7271890549433838,38,38,
20,2005-07,8,UNDETERMINED,RS,0.5046856704633691,0.46143115433123705,0.5435166623431846,38,38,
20,2005-07,8,ORIGIN,H,0.26305356732167473,0.2132423016850031,0.32277530263868065,38,38,
20,2005-07,8,ORIGIN,RS,0.4184879684894859,0.3854370458981571,0.45065936148609975,38,38,
20,2008-11,3,SOURCE,H,0.0,0.0,0.0,76,76,
20,2008-11,3,SOURCE,RS,0.0,0.0,0.0,76,76,
20,2008-11,3,SINK,H,0.0,0.0,0.0,76,76,
20,2008-11,3,SINK,RS,0.0,0.0,0.0,76,76,
20,2008-11,3,FADING,H,0.0,0.0,0.0,76,76,
20,2008-11,3,FADING,RS,0.0,0.0,0.0,76,76,
20,2008-11,3,UNDETERMINED,H,0.7093896740998651,0.6645560578086241,0.7508336547980707,76,76,
20,2008-11,3,UNDETERMINED,RS,0.5468996106826302,0.5329410166430594,0.5626604007941497,76,76,
20,2008-11,3,ORIGIN,H,0.2906103259001349,0.2484728356647496,0.3381795565109831,76,76,
20,2008-11,3,ORIGIN,RS,0.4531003893173699,0.43732007217146585,0.46658142913039286,76,76,
20,2008-11,4,SOURCE,H,0.009788013696246288,0.0,0.02476906160668067,76,76,
20,2008-11,4,SOURCE,RS,0.009851071876394233,0.0,0.02478651840770239,76,76,
20,2008-11,4,SINK,H,0.0029434950684230944,0.0,0.008830485205269283,76,76,
20,2008-11,4,SINK,RS,0.0027228917811787084,0.0,0.008778277981113448,76,76,
20,2008-11,4,FADING,H,0.006111570412725553,0.0,0.01629254121479292,76,76,
20,2008-11,4,FADING,RS,0.007264317167713209,0.0,0.020395633085547787,76,76,
20,2008-11,4,UNDETERMINED,H,0.7066345249255114,0.6579412523107818,0.7488004362274123,76,76,
20,2008-11,4,UNDETERMINED,RS,0.5313544429049324,0.5100412039958125,0.5526709802008614,76,76,
20,2008-11,4,ORIGIN,H,0.27452239589709354,0.23796291216119325,0.31675805864262807,76,76,
20,2008-11,4,ORIGIN,RS,0.44880727626978145,0.4329538808098044,0.4627225836797263,76,76,
20,2008-11,5,SOURCE,H,0.02061156442578306,0.004301342170742269,0.03880732222803822,76,76,
20,2008-11,5,SOURCE,RS,0.02726331250036982,0.009140051451845953,0.051933194923179424,76,76,
20,2008-11,5,SINK,H,0.01650084330013041,0.004859417268047272,0.032387205297226565,76,76,
20,2008-11,5,SINK,RS,0.015446412217764228,0.0038542987708877928,0.02948048102730217,76,76,
20,2008-11,5,FADING,H,0.0052044852079347476,0.0,0.014380956700683118,76,76,
20,2008-11,5,FADING,RS,0.0055867115702587875,0.0,0.016992914359537144,76,76,
20,2008-11,5,UNDETERMINED,H,0.6990459668625564,0.6549091720392471,0.7394712528337591,76,76,
20,2008-11,5,UNDETERMINED,RS,0.5053697353153823,0.48143409646614216,0.5307660452267181,76,76,
20,2008-11,5,ORIGIN,H,0.2586371402035956,0.22848175069308782,0.2970276941569456,76,76,
20,2008-11,5,ORIGIN,RS,0.44633382839622493,0.42945529134223875,0.4600750136095936,76,76,
20,2008-11,6,SOURCE,H,0.016915148369858368,0.004415589247325305,0.03398392903195625,76,76,
20,2008-11,6,SOURCE,RS,0.023386490936782516,0.005430191090594946,0.04534952739941755,76,76,
20,2008-11,6,SINK,H,0.019836591024598386,0.006848149735694474,0.03586008569950127,76,76,
20,2008-11,6,SINK,RS,0.01934850355994115,0.0067676423783703385,0.03574972188524599,76,76,
20,2008-11,6,FADING,H,0.0,0.0,0.0,76,76,
20,2008-11,6,FADING,RS,0.0,0.0,0.0,76,76,
20,2008-11,6,UNDETERMINED,H,0.7156504427837668,0.6740267621563576,0.7489683855905039,76,76,
20,2008-11,6,UNDETERMINED,RS,0.5135110418572466,0.4889155843441146,0.5375600887579077,76,76,
20,2008-11,6,ORIGIN,H,0.2475978178217765,0.22092238760278754,0.2828440181326323,76,76,
20,2008-11,6,ORIGIN,RS,0.44375396364602965,0.4251176668935554,0.4592069509352603,76,76,
20,2008-11,7,SOURCE,H,0.02354170576875735,0.007770056296406262,0.04358970945858625,76,76,
20,2008-11,7,SOURCE,RS,0.029574559440153483,0.008971644349694897,0.054349016695492434,76,76,
20,2008-11,7,SINK,H,0.021430843380585842,0.008180653762852066,0.03914246441958459,76,76,
20,2008-11,7,SINK,RS,0.020086425170518844,0.007244197331533924,0.03830849779985788,76,76,
20,2008-11,7,FADING,H,0.0,0.0,0.0,76,76,
20,2008-11,7,FADING,RS,0.0,0.0,0.0,76,76,
20,2008-11,7,UNDETERMINED,H,0.68731285438117,0.6366642344849761,0.7283740627821323,76,76,
20,2008-11,7,UNDETERMINED,RS,0.5098419259675011,0.48145932518022516,0.5353600160910355,76,76,
20,2008-11,7,ORIGIN,H,0.2677145964694869,0.23017715664798488,0.31223703070541986,76,76,
20,2008-11,7,ORIGIN,RS,0.4404970894218266,0.4232588943187337,0.45644274015300607,76,76,
20,2008-11,8,SOURCE,H,0.04379457455257363,0.022656299590664005,0.0688577181471986,76,76,
20,2008-11,8,SOURCE,RS,0.04860139301464581,0.021463275337897342,0.07915403528285345,76,76,
20,2008-11,8,SINK,H,0.02003348303721368,0.006151689820814757,0.0374241552442916,76,76,
20,2008-11,8,SINK,RS,0.021226571847856993,0.006532811501554844,0.03932612858550801,76,76,
20,2008-11,8,FADING,H,0.0005108286168509748,0.0,0.0015324858505529244,76,76,
20,2008-11,8,FADING,RS,0.00020620563365991056,0.0,0.0006273298150780378,76,76,
20,2008-11,8,UNDETERMINED,H,0.6668956396848699,0.6180944206313744,0.712739468876885,76,76,
20,2008-11,8,UNDETERMINED,RS,0.49748847775764105,0.466599211409621,0.5226775489326112,76,76,
20,2008-11,8,ORIGIN,H,0.26876547410849183,0.23305983358277196,0.3140242022847419,76,76,
20,2008-11,8,ORIGIN,RS,0.43247735174619606,0.4133595624586887,0.45000902987434743,76,76,
20,2012-16,3,SOURCE,H,0.0,0.0,0.0,70,70,
20,2012-16,3,SOURCE,RS,0.0,0.0,0.0,70,70,
20,2012-16,3,SINK,H,0.0,0.0,0.0,70,70,
20,2012-16,3,SINK,RS,0.0,0.0,0.0,70,70,
20,2012-16,3,FADING,H,0.0,0.0,0.0,70,70,
20,2012-16,3,FADING,RS,0.0,0.0,0.0,70,70,
20,2012-16,3,UNDETERMINED,H,0.697166122714263,0.6411592314696818,0.7512901431199408,70,70,
20,2012-16,3,UNDETERMINED,RS,0.5621675274219563,0.5467835922366352,0.5810498567625295,70,70,
20,2012-16,3,ORIGIN,H,0.30283387728573674,0.2542634176640276,0.3604765046714797,70,70,
20,2012-16,3,ORIGIN,RS,0.43783247257804364,0.41835329280674727,0.45383827393372006,70,70,
20,2012-16,4,SOURCE,H,0.00230937299612771,0.0,0.00692811898838313,65,65,
20,2012-16,4,SOURCE,RS,0.002581408632110285,0.0,0.008011268168618125,65,65,
20,2012-16,4,SINK,H,0.0,0.0,0.0,65,65,
20,2012-16,4,SINK,RS,0.0,0.0,0.0,65,65,
20,2012-16,4,FADING,H,0.002661566136399721,0.0,0.007984698409199164,65,65,
20,2012-16,4,FADING,RS,0.0038115474503074335,0.0,0.011834128494761233,65,65,
20,2012-16,4,UNDETERMINED,H,0.7147775254757411,0.6620038089157897,0.7602777442821099,65,65,
20,2012-16,4,UNDETERMINED,RS,0.5546680403504121,0.5391482363051546,0.5708941777986901,65,65,
20,2012-16,4,ORIGIN,H,0.2802515353917315,0.23260032147280058,0.33485065197997405,65,65,
20,2012-16,4,ORIGIN,RS,0.4389390035671701,0.4206564291160223,0.4545889539678538,65,65,
20,2012-16,5,SOURCE,H,0.04334025334802446,0.017151197089453726,0.07751852784886468,49,49,
20,2012-16,5,SOURCE,RS,0.05177975378760369,0.020031337067606923,0.09476436984789151,49,49,
20,2012-16,5,SINK,H,0.0,0.0,0.0,49,49,
20,2012-16,5,SINK,RS,0.0,0.0,0.0,49,49,
20,2012-16,5,FADING,H,0.002227500046147333,0.0,0.006682500138441998,49,49,
20,2012-16,5,FADING,RS,0.002155191413523464,0.0,0.0067775888859777055,49,49,
20,2012-16,5,UNDETERMINED,H,0.6561254047408261,0.5883155221279792,0.7212415675799638,49,49,
20,2012-16,5,UNDETERMINED,RS,0.5104635188868929,0.467750715638016,0.5512277447658039,49,49,
20,2012-16,5,ORIGIN,H,0.298306841865002,0.23769872220823082,0.36904916871087073,49,49,
20,2012-16,5,ORIGIN,RS,0.43560153591197986,0.41176424438681464,0.45546396749909734,49,49,
20,2012-16,6,SOURCE,H,0.05280340192000561,0.017282837713866437,0.09984688066082434,33,33,
20,2012-16,6,SOURCE,RS,0.06960013298157376,0.021019846117676495,0.1252680091029726,33,33,
20,2012-16,6,SINK,H,0.012724913291183195,0.0,0.034180074300715346,33,33,
20,2012-16,6,SINK,RS,0.01855640644190472,0.0,0.05024152398254332,33,33,
20,2012-16,6,FADING,H,0.0,0.0,0.0,33,33,
20,2012-16,6,FADING,RS,0.0,0.0,0.0,33,33,
20,2012-16,6,UNDETERMINED,H,0.622219598855055,0.5237442369210162,0.7143826328056204,33,33,
20,2012-16,6,UNDETERMINED,RS,0.4780231041008112,0.41695070573978066,0.528766215390792,33,33,
20,2012-16,6,ORIGIN,H,0.3122520859337563,0.23952596479575441,0.4104754177843076,33,33,
20,2012-16,6,ORIGIN,RS,0.43382035647571027,0.40201295991430674,0.4613834807012309,33,33,
20,2012-16,7,SOURCE,H,0.06282583862812036,0.012364782479754224,0.13056449131323533,18,18,
20,2012-16,7,SOURCE,RS,0.0901395206331659,0.014044376841604703,0.1739491876714955,18,18,
20,2012-16,7,SINK,H,0.0,0.0,0.0,18,18,
20,2012-16,7,SINK,RS,0.0,0.0,0.0,18,18,
20,2012-16,7,FADING,H,0.0,0.0,0.0,18,18,
20,2012-16,7,FADING,RS,0.0,0.0,0.0,18,18,
20,2012-16,7,UNDETERMINED,H,0.5865003632938589,0.44741626223957487,0.7217451394503862,18,18,
20,2012-16,7,UNDETERMINED,RS,0.46860032621458425,0.3785728190019674,0.550179153938647,18,18,
20,2012-16,7,ORIGIN,H,0.3506737980780208,0.22229874601421812,0.49388624930351854,18,18,
20,2012-16,7,ORIGIN,RS,0.4412601531522498,0.39735090651395727,0.4752709259886016,18,18,
20,ALL,-1,ALL,H_pooled_json,,,,919,184,"{""SOURCE"": 0.01919529596292261, ""SINK"": 0.007960859140244065, ""FADING"": 0.004320131692221723, ""UNDETERMINED"": 0.6929793168126325, ""ORIGIN"": 0.2755443963919792}"
30,2005-07,3,SOURCE,H,0.0,0.0,0.0,38,38,
30,2005-07,3,SOURCE,RS,0.0,0.0,0.0,38,38,
30,2005-07,3,SINK,H,0.0,0.0,0.0,38,38,
30,2005-07,3,SINK,RS,0.0,0.0,0.0,38,38,
30,2005-07,3,FADING,H,0.007250670449166543,0.0,0.021752011347499628,38,38,
30,2005-07,3,FADING,RS,0.008193538405321535,0.0,0.024580615215964607,38,38,
30,2005-07,3,UNDETERMINED,H,0.7140028978081123,0.6532634216729879,0.7626236249796342,38,38,
30,2005-07,3,UNDETERMINED,RS,0.5534949566093226,0.5291112933104344,0.5800331659330357,38,38,
30,2005-07,3,ORIGIN,H,0.27874643174272123,0.23329019179471452,0.3446754216847745,38,38,
30,2005-07,3,ORIGIN,RS,0.4383115049853559,0.4146683215538561,0.4594766288405562,38,38,
30,2005-07,4,SOURCE,H,0.0,0.0,0.0,38,38,
30,2005-07,4,SOURCE,RS,0.0,0.0,0.0,38,38,
30,2005-07,4,SINK,H,0.0,0.0,0.0,38,38,
30,2005-07,4,SINK,RS,0.0,0.0,0.0,38,38,
30,2005-07,4,FADING,H,0.0,0.0,0.0,38,38,
30,2005-07,4,FADING,RS,0.0,0.0,0.0,38,38,
30,2005-07,4,UNDETERMINED,H,0.7307161802363592,0.6626063812743475,0.779325283651937,38,38,
30,2005-07,4,UNDETERMINED,RS,0.567243783031821,0.5439550849393275,0.5943463266005224,38,38,
30,2005-07,4,ORIGIN,H,0.26928381976364085,0.22051972091280833,0.3344159832401121,38,38,
30,2005-07,4,ORIGIN,RS,0.43275621696817884,0.4084181703921527,0.455882010962212,38,38,
30,2005-07,5,SOURCE,H,0.010770480358107863,0.0,0.028358237026082925,38,38,
30,2005-07,5,SOURCE,RS,0.015499734602634698,0.0,0.039616738884235704,38,38,
30,2005-07,5,SINK,H,0.0,0.0,0.0,38,38,
30,2005-07,5,SINK,RS,0.0,0.0,0.0,38,38,
30,2005-07,5,FADING,H,0.0,0.0,0.0,38,38,
30,2005-07,5,FADING,RS,0.0,0.0,0.0,38,38,
30,2005-07,5,UNDETERMINED,H,0.7237239633923345,0.6627110746019728,0.7753671455459866,38,38,
30,2005-07,5,UNDETERMINED,RS,0.5561932825740296,0.5317888605257584,0.5827279399839586,38,38,
30,2005-07,5,ORIGIN,H,0.2655055562495577,0.21547002055683237,0.32405224698041624,38,38,
30,2005-07,5,ORIGIN,RS,0.4283069828233359,0.40019188697223945,0.45420077253784474,38,38,
30,2005-07,6,SOURCE,H,0.01665981575240223,0.00246763208267605,0.035176463568391644,38,38,
30,2005-07,6,SOURCE,RS,0.02316383127847158,0.002578900323321027,0.048791028520526455,38,38,
30,2005-07,6,SINK,H,0.0,0.0,0.0,38,38,
30,2005-07,6,SINK,RS,0.0,0.0,0.0,38,38,
30,2005-07,6,FADING,H,0.0,0.0,0.0,38,38,
30,2005-07,6,FADING,RS,0.0,0.0,0.0,38,38,
30,2005-07,6,UNDETERMINED,H,0.7181999420418346,0.6594022002138363,0.7678407235530444,38,38,
30,2005-07,6,UNDETERMINED,RS,0.5496825140369249,0.5282444263689109,0.5742850833628942,38,38,
30,2005-07,6,ORIGIN,H,0.26514024220576315,0.21717872404078847,0.33307287297128874,38,38,
30,2005-07,6,ORIGIN,RS,0.4271536546846035,0.3944745158477807,0.45463543111646354,38,38,
30,2005-07,7,SOURCE,H,0.01643602383883099,0.002780403481595733,0.0352178730446197,38,38,
30,2005-07,7,SOURCE,RS,0.022988193125941834,0.0026975874308839713,0.0465073256347499,38,38,
30,2005-07,7,SINK,H,0.0065363705194262526,0.0,0.017579541309420806,38,38,
30,2005-07,7,SINK,RS,0.00775958462383877,0.0,0.02153741666225832,38,38,
30,2005-07,7,FADING,H,0.0,0.0,0.0,38,38,
30,2005-07,7,FADING,RS,0.0,0.0,0.0,38,38,
30,2005-07,7,UNDETERMINED,H,0.7297922863272772,0.6756388643548206,0.7674009771420355,38,38,
30,2005-07,7,UNDETERMINED,RS,0.5423878720282037,0.5203059759716913,0.5692163732328535,38,38,
30,2005-07,7,ORIGIN,H,0.2472353193144655,0.21114757850148091,0.29560507915289236,38,38,
30,2005-07,7,ORIGIN,RS,0.42686435022201547,0.3970944653402817,0.45324367399527804,38,38,
30,2005-07,8,SOURCE,H,0.02572272317933772,0.005756079086924095,0.05154489745156683,38,38,
30,2005-07,8,SOURCE,RS,0.03293679922322565,0.0057327972362977795,0.06567757978750537,38,38,
30,2005-07,8,SINK,H,0.007988760968517125,0.0,0.021879904428067434,38,38,
30,2005-07,8,SINK,RS,0.009702903481436929,0.0,0.027738612069528663,38,38,
30,2005-07,8,FADING,H,0.009287799504374788,0.0,0.027863398513124367,38,38,
30,2005-07,8,FADING,RS,0.010692885754957462,0.0,0.03299519032958302,38,38,
30,2005-07,8,UNDETERMINED,H,0.6939471490260958,0.6328328186641566,0.7492114489741517,38,38,
30,2005-07,8,UNDETERMINED,RS,0.5281794430508939,0.4856875415479951,0.5662389056049651,38,38,
30,2005-07,8,ORIGIN,H,0.26305356732167473,0.21412935201401087,0.33639999485925376,38,38,
30,2005-07,8,ORIGIN,RS,0.4184879684894859,0.3824987982098521,0.4468709848925324,38,38,
30,2008-11,3,SOURCE,H,0.0,0.0,0.0,76,76,
30,2008-11,3,SOURCE,RS,0.0,0.0,0.0,76,76,
30,2008-11,3,SINK,H,0.0,0.0,0.0,76,76,
30,2008-11,3,SINK,RS,0.0,0.0,0.0,76,76,
30,2008-11,3,FADING,H,0.0,0.0,0.0,76,76,
30,2008-11,3,FADING,RS,0.0,0.0,0.0,76,76,
30,2008-11,3,UNDETERMINED,H,0.7093896740998651,0.6636541663765797,0.7486935890175304,76,76,
30,2008-11,3,UNDETERMINED,RS,0.5468996106826302,0.5334168747012014,0.5630461149035413,76,76,
30,2008-11,3,ORIGIN,H,0.2906103259001349,0.25169636805291173,0.3367973205854827,76,76,
30,2008-11,3,ORIGIN,RS,0.4531003893173699,0.43591576084240496,0.4675424148368003,76,76,
30,2008-11,4,SOURCE,H,0.0,0.0,0.0,76,76,
30,2008-11,4,SOURCE,RS,0.0,0.0,0.0,76,76,
30,2008-11,4,SINK,H,0.0,0.0,0.0,76,76,
30,2008-11,4,SINK,RS,0.0,0.0,0.0,76,76,
30,2008-11,4,FADING,H,0.006111570412725553,0.0,0.01629254121479292,76,76,
30,2008-11,4,FADING,RS,0.007264317167713209,0.0,0.01926254235857291,76,76,
30,2008-11,4,UNDETERMINED,H,0.7193660336901807,0.6759400078915961,0.7569660637589763,76,76,
30,2008-11,4,UNDETERMINED,RS,0.5439284065625053,0.5285418701646748,0.5612454615917505,76,76,
30,2008-11,4,ORIGIN,H,0.27452239589709354,0.2391452447854793,0.31907021170642563,76,76,
30,2008-11,4,ORIGIN,RS,0.44880727626978145,0.43251133187056484,0.46282992353079405,76,76,
30,2008-11,5,SOURCE,H,0.014632585570727377,0.0026032280615787256,0.030468283860517552,76,76,
30,2008-11,5,SOURCE,RS,0.022052696906288968,0.0047951459376112116,0.041796863225800805,76,76,
30,2008-11,5,SINK,H,0.00881163727907441,0.0009632790364836912,0.019048697984315677,76,76,
30,2008-11,5,SINK,RS,0.008433354777812298,0.0008847855337021873,0.018047624623988314,76,76,
30,2008-11,5,FADING,H,0.003971986284813621,0.0,0.011915958854440864,76,76,
30,2008-11,5,FADING,RS,0.004578156676426545,0.0,0.013925226557464076,76,76,
30,2008-11,5,UNDETERMINED,H,0.7139466506617892,0.6733925073023603,0.7510398552786242,76,76,
30,2008-11,5,UNDETERMINED,RS,0.5186019632432474,0.4954483549473487,0.5397720152414968,76,76,
30,2008-11,5,ORIGIN,H,0.2586371402035956,0.22710958666637548,0.29775514624808336,76,76,
30,2008-11,5,ORIGIN,RS,0.44633382839622493,0.4300403439814138,0.4600079523736795,76,76,
30,2008-11,6,SOURCE,H,0.016915148369858368,0.00335035735366754,0.035541891434068926,76,76,
30,2008-11,6,SOURCE,RS,0.023386490936782516,0.004544428074799649,0.04973220558518264,76,76,
30,2008-11,6,SINK,H,0.008103853196302814,0.0009550283439688431,0.017030914311201815,76,76,
30,2008-11,6,SINK,RS,0.007691359120884859,0.000909637853467797,0.016176968506971798,76,76,
30,2008-11,6,FADING,H,0.0,0.0,0.0,76,76,
30,2008-11,6,FADING,RS,0.0,0.0,0.0,76,76,
30,2008-11,6,UNDETERMINED,H,0.7273831806120624,0.6919537673971335,0.76058118855284,76,76,
30,2008-11,6,UNDETERMINED,RS,0.5251681862963029,0.5013352162825864,0.5460936740705099,76,76,
30,2008-11,6,ORIGIN,H,0.2475978178217765,0.2208369629473097,0.28350447411667234,76,76,
30,2008-11,6,ORIGIN,RS,0.44375396364602965,0.42733777536779455,0.45857153034471604,76,76,
30,2008-11,7,SOURCE,H,0.018689221169492964,0.005604486036919925,0.035347632976311764,76,76,
30,2008-11,7,SOURCE,RS,0.026933824966446404,0.006483055508826276,0.05409195984112146,76,76,
30,2008-11,7,SINK,H,0.016064643500174558,0.00425745866699363,0.03229087464393325,76,76,
30,2008-11,7,SINK,RS,0.015129652888311633,0.003920590853306137,0.02955697002278059,76,76,
30,2008-11,7,FADING,H,0.0,0.0,0.0,76,76,
30,2008-11,7,FADING,RS,0.0,0.0,0.0,76,76,
30,2008-11,7,UNDETERMINED,H,0.6975315388608456,0.6460708121718317,0.7398697790787223,76,76,
30,2008-11,7,UNDETERMINED,RS,0.5174394327234154,0.4896814282295611,0.5418493547032245,76,76,
30,2008-11,7,ORIGIN,H,0.2677145964694869,0.2323650767964869,0.309068950285381,76,76,
30,2008-11,7,ORIGIN,RS,0.4404970894218266,0.4217198017410464,0.45699981431578524,76,76,
30,2008-11,8,SOURCE,H,0.029980351505031602,0.011553821967672882,0.0517610610982081,76,76,
30,2008-11,8,SOURCE,RS,0.03729869511869228,0.014483566767694207,0.06553133001386423,76,76,
30,2008-11,8,SINK,H,0.00818479512656874,0.0015664741950032143,0.0174267811993417,76,76,
30,2008-11,8,SINK,RS,0.009386890323632364,0.0017897398851264828,0.01969600453241481,76,76,
30,2008-11,8,FADING,H,0.0,0.0,0.0,76,76,
30,2008-11,8,FADING,RS,0.0,0.0,0.0,76,76,
30,2008-11,8,UNDETERMINED,H,0.693069379259908,0.6469406233398489,0.7345643469968944,76,76,
30,2008-11,8,UNDETERMINED,RS,0.5208370628114792,0.4927271487763831,0.5444705165898924,76,76,
30,2008-11,8,ORIGIN,H,0.26876547410849183,0.2299172471359872,0.3117097218614704,76,76,
30,2008-11,8,ORIGIN,RS,0.43247735174619606,0.412221618502469,0.45061921484870987,76,76,
30,2012-16,3,SOURCE,H,0.0,0.0,0.0,70,70,
30,2012-16,3,SOURCE,RS,0.0,0.0,0.0,70,70,
30,2012-16,3,SINK,H,0.0,0.0,0.0,70,70,
30,2012-16,3,SINK,RS,0.0,0.0,0.0,70,70,
30,2012-16,3,FADING,H,0.0,0.0,0.0,70,70,
30,2012-16,3,FADING,RS,0.0,0.0,0.0,70,70,
30,2012-16,3,UNDETERMINED,H,0.697166122714263,0.6410213749672042,0.7450197441585135,70,70,
30,2012-16,3,UNDETERMINED,RS,0.5621675274219563,0.5451027709277344,0.5810392970395316,70,70,
30,2012-16,3,ORIGIN,H,0.30283387728573674,0.25097435112995814,0.3576539873062533,70,70,
30,2012-16,3,ORIGIN,RS,0.43783247257804364,0.41945354285537156,0.4557443311367788,70,70,
30,2012-16,4,SOURCE,H,0.00230937299612771,0.0,0.00692811898838313,65,65,
30,2012-16,4,SOURCE,RS,0.002581408632110285,0.0,0.008151816732979848,65,65,
30,2012-16,4,SINK,H,0.0,0.0,0.0,65,65,
30,2012-16,4,SINK,RS,0.0,0.0,0.0,65,65,
30,2012-16,4,FADING,H,0.002661566136399721,0.0,0.007984698409199164,65,65,
30,2012-16,4,FADING,RS,0.0038115474503074335,0.0,0.01162844984839556,65,65,
30,2012-16,4,UNDETERMINED,H,0.7147775254757411,0.6583388986316628,0.7617855263862799,65,65,
30,2012-16,4,UNDETERMINED,RS,0.5546680403504121,0.5392903794491689,0.5715488405137513,65,65,
30,2012-16,4,ORIGIN,H,0.2802515353917315,0.23184911739025413,0.3394101483128735,65,65,
30,2012-16,4,ORIGIN,RS,0.4389390035671701,0.4206380228658214,0.4556576570762206,65,65,
30,2012-16,5,SOURCE,H,0.03371457686331907,0.00786923578224834,0.06887930538321349,49,49,
30,2012-16,5,SOURCE,RS,0.04201874117764417,0.009810178662699138,0.08125458520282927,49,49,
30,2012-16,5,SINK,H,0.0,0.0,0.0,49,49,
30,2012-16,5,SINK,RS,0.0,0.0,0.0,49,49,
30,2012-16,5,FADING,H,0.002227500046147333,0.0,0.006682500138441998,49,49,
30,2012-16,5,FADING,RS,0.002155191413523464,0.0,0.006938665038660909,49,49,
30,2012-16,5,UNDETERMINED,H,0.6657510812255316,0.5953322421599,0.7323751748570763,49,49,
30,2012-16,5,UNDETERMINED,RS,0.5202245314968524,0.48193948177739715,0.5557614923993002,49,49,
30,2012-16,5,ORIGIN,H,0.298306841865002,0.23915533007225986,0.37502092502163015,49,49,
30,2012-16,5,ORIGIN,RS,0.43560153591197986,0.41301394306257283,0.4548261268829202,49,49,
30,2012-16,6,SOURCE,H,0.046213156845962104,0.010713089744093521,0.08730241729898827,33,33,
30,2012-16,6,SOURCE,RS,0.05889346958539778,0.013545779372708558,0.11868221681141441,33,33,
30,2012-16,6,SINK,H,0.0,0.0,0.0,33,33,
30,2012-16,6,SINK,RS,0.0,0.0,0.0,33,33,
30,2012-16,6,FADING,H,0.0,0.0,0.0,33,33,
30,2012-16,6,FADING,RS,0.0,0.0,0.0,33,33,
30,2012-16,6,UNDETERMINED,H,0.6415347572202815,0.5355615193111521,0.7328881067619787,33,33,
30,2012-16,6,UNDETERMINED,RS,0.507286173938892,0.44556124192305135,0.5650035869534855,33,33,
30,2012-16,6,ORIGIN,H,0.3122520859337563,0.2306639222714587,0.40111333073736816,33,33,
30,2012-16,6,ORIGIN,RS,0.43382035647571027,0.4016695148163888,0.46114053276356193,33,33,
30,2012-16,7,SOURCE,H,0.06282583862812036,0.012242234759224847,0.12711591288223445,18,18,
30,2012-16,7,SOURCE,RS,0.0901395206331659,0.018784373257874545,0.1790696715514265,18,18,
30,2012-16,7,SINK,H,0.0,0.0,0.0,18,18,
30,2012-16,7,SINK,RS,0.0,0.0,0.0,18,18,
30,2012-16,7,FADING,H,0.0,0.0,0.0,18,18,
30,2012-16,7,FADING,RS,0.0,0.0,0.0,18,18,
30,2012-16,7,UNDETERMINED,H,0.5865003632938589,0.4415646569682476,0.716432419675714,18,18,
30,2012-16,7,UNDETERMINED,RS,0.46860032621458425,0.3830490877079452,0.5478389450496159,18,18,
30,2012-16,7,ORIGIN,H,0.3506737980780208,0.22798830002811332,0.4936798857434997,18,18,
30,2012-16,7,ORIGIN,RS,0.4412601531522498,0.3983960163330398,0.4753355335482785,18,18,
30,ALL,-1,ALL,H_pooled_json,,,,919,184,"{""SOURCE"": 0.0143622652055626, ""SINK"": 0.004004885319154524, ""FADING"": 0.0018247676478506517, ""UNDETERMINED"": 0.704263685435453, ""ORIGIN"": 0.2755443963919792}"
