file,column,dtype,n_rows,n_missing_or_empty,description
data/sjr_transition_panel.parquet,journal_category_key,string,1806415,0,source_id|category_standardized; identifies a journal-category pair across years
data/sjr_transition_panel.parquet,source_id,string,1806415,0,Scopus source identifier of the journal (stable identifier; join key across years)
data/sjr_transition_panel.parquet,year,int64,1806415,0,SJR ranking year (transition panel: start year t of the t->t+1 transition)
data/sjr_transition_panel.parquet,category_standardized,string,1806415,0,Subject category name with the quartile suffix removed and whitespace normalised
data/sjr_transition_panel.parquet,quartile_t,double,1806415,538771,Reported category quartile in year t (1 = Q1 ... 4 = Q4); missing if not reported or absent
data/sjr_transition_panel.parquet,quartile_t1,double,1806415,493362,Reported category quartile in year t+1; missing if not reported or absent
data/sjr_transition_panel.parquet,quartile_changed,double,1806415,564109,"1 if both quartiles are reported and differ, 0 if both reported and equal, missing otherwise"
data/sjr_transition_panel.parquet,transition_direction,string,1806415,564109,"'upward' (toward Q1), 'downward' (toward Q4) or 'stable'; missing when quartile_changed is missing"
data/sjr_transition_panel.parquet,transition_steps,double,1806415,564109,|quartile_t1 - quartile_t|; missing when not computable
data/sjr_transition_panel.parquet,one_step_transition,double,1806415,564109,"1 if transition_steps == 1, else 0; missing when transition_steps is missing"
data/sjr_transition_panel.parquet,major_transition,double,1806415,564109,"1 if transition_steps >= 2, else 0; missing when transition_steps is missing"
data/sjr_transition_panel.parquet,entry_t1,int64,1806415,0,1 if the pair is absent in year t and present in t+1 (never counted as a quartile change)
data/sjr_transition_panel.parquet,exit_t1,int64,1806415,0,1 if the pair is present in year t and absent in t+1 (never counted as a quartile change)
data/sjr_transition_panel.parquet,present_t,int64,1806415,0,"1 if the pair is present in year t, else 0"
data/sjr_transition_panel.parquet,present_t1,int64,1806415,0,"1 if the pair is present in year t+1, else 0"
data/sjr_transition_panel.parquet,boundary_distance_t,double,1806415,603701,"Distance from the rank position P = (avg_rank - 0.5) / category_size to the nearest quartile cutoff 0.25, 0.50 or 0.75 in year t; missing without a rank"
data/sjr_transition_panel.parquet,nearest_cutoff_t,string,1806415,603701,"Nearest cutoff in year t: 'Q1/Q2', 'Q2/Q3' or 'Q3/Q4' (exact ties go to the lower cutoff)"
data/sjr_transition_panel.parquet,avg_rank,double,1806415,603701,Rank of the source by SJR within the category-year among sources with an SJR score and a reported quartile (1 = highest SJR); tied scores receive the average of their positions
data/sjr_transition_panel.parquet,category_size,double,1806415,603701,N: number of ranked sources in the category-year (denominator of the rank position P)
data/sjr_transition_panel.parquet,sjr_score,double,1806415,318080,SJR indicator value for the year (decimal comma converted to a point); missing if not reported
data/sjr_transition_panel.parquet,validation_status,string,1806415,150110,"Agreement of the reported quartile with the quartile implied by the SJR rank: 'ok' (equal), 'boundary_tie_or_rounding' (differs by one class), 'far_mismatch' (differs by two or more); missing when no rank could be computed (no SJR score or no reported quartile)"
data/sjr_transition_panel.parquet,title_raw,string,1806415,0,Source title as published in the raw file
data/sjr_transition_panel.parquet,title_normalized,string,1806415,0,"Title lower-cased with punctuation and whitespace normalised (for review, not for joins)"
data/sjr_transition_panel.parquet,issn_print,string,1806415,271255,"First ISSN parsed from the raw Issn field (8 digits, no hyphen); missing if absent"
data/sjr_transition_panel.parquet,issn_online,string,1806415,785443,Second ISSN parsed from the raw Issn field; missing if absent
data/sjr_transition_panel.parquet,source_type_standardized,string,1806415,0,"Source type: journal, conference_proceedings, book_series or trade_journal"
data/sjr_transition_panel.parquet,best_quartile_raw,string,1806415,538955,Raw 'SJR Best Quartile' field (the journal's best quartile across its categories)
data/sjr_transition_panel.parquet,h_index,double,1806415,150110,Raw 'H index' field
data/sjr_transition_panel.parquet,total_docs_year,double,1806415,150110,Raw 'Total Docs. (<year>)': documents published in the ranking year
data/sjr_transition_panel.parquet,total_docs_3yr,double,1806415,150110,Raw 'Total Docs. (3years)': documents published in the three previous years
data/sjr_transition_panel.parquet,total_refs_year,double,1806415,150110,Raw 'Total Refs.': references in documents of the ranking year
data/sjr_transition_panel.parquet,total_cites_3yr,double,1806415,150110,Raw 'Total Citations (3years)'
data/sjr_transition_panel.parquet,citable_docs_3yr,double,1806415,150110,Raw 'Citable Docs. (3years)'
data/sjr_transition_panel.parquet,cites_per_doc_2yr,double,1806415,150110,Raw 'Citations / Doc. (2years)'
data/sjr_transition_panel.parquet,refs_per_doc_year,double,1806415,150110,Raw 'Ref. / Doc.'
data/sjr_transition_panel.parquet,country,string,1806415,0,Raw 'Country' field
data/sjr_transition_panel.parquet,region,string,1806415,0,Raw 'Region' field
data/sjr_transition_panel.parquet,publisher,string,1806415,313277,Raw 'Publisher' field (first occurrence; the raw files repeat this column)
data/sjr_transition_panel.parquet,coverage_raw,string,1806415,274328,Raw 'Coverage' field (Scopus coverage years)
data/sjr_category_panel.parquet,source_id,string,1736361,0,Scopus source identifier of the journal (stable identifier; join key across years)
data/sjr_category_panel.parquet,journal_category_key,string,1736361,0,source_id|category_standardized; identifies a journal-category pair across years
data/sjr_category_panel.parquet,year,int64,1736361,0,SJR ranking year (transition panel: start year t of the t->t+1 transition)
data/sjr_category_panel.parquet,category_raw,string,1736361,0,"Category label as it appears in the raw Categories field, including any quartile suffix"
data/sjr_category_panel.parquet,category_standardized,string,1736361,0,Subject category name with the quartile suffix removed and whitespace normalised
data/sjr_category_panel.parquet,broad_area_raw,string,1736361,0,Raw 'Areas' field
data/sjr_category_panel.parquet,category_quartile_raw,string,1736361,391865,Quartile suffix parsed from category_raw ('Q1'-'Q4'); empty when the label has none
data/sjr_category_panel.parquet,category_quartile_numeric,double,1736361,391865,category_quartile_raw as a number (1-4); missing when no quartile is reported
data/sjr_category_panel.parquet,parse_status,string,1736361,0,'parsed' (quartile present) or 'no_quartile' (category listed without a quartile)
data/sjr_category_panel.parquet,parse_notes,string,1736361,1344496,Parser notes for the record (empty when none)
data/sjr_category_panel.parquet,validation_status,string,1736361,0,"Agreement of the reported quartile with the quartile implied by the SJR rank: 'ok' (equal), 'boundary_tie_or_rounding' (differs by one class), 'far_mismatch' (differs by two or more); missing when no rank could be computed (no SJR score or no reported quartile)"
data/sjr_category_panel.parquet,title_raw,string,1736361,0,Source title as published in the raw file
data/sjr_category_panel.parquet,title_normalized,string,1736361,0,"Title lower-cased with punctuation and whitespace normalised (for review, not for joins)"
data/sjr_category_panel.parquet,issn_print,string,1736361,196250,"First ISSN parsed from the raw Issn field (8 digits, no hyphen); missing if absent"
data/sjr_category_panel.parquet,issn_online,string,1736361,703112,Second ISSN parsed from the raw Issn field; missing if absent
data/sjr_category_panel.parquet,issn_raw,string,1736361,196250,Raw 'Issn' field
data/sjr_category_panel.parquet,source_type_raw,string,1736361,0,Raw 'Type' field
data/sjr_category_panel.parquet,source_type_standardized,string,1736361,0,"Source type: journal, conference_proceedings, book_series or trade_journal"
data/sjr_category_panel.parquet,sjr_score,double,1736361,169186,SJR indicator value for the year (decimal comma converted to a point); missing if not reported
data/sjr_category_panel.parquet,best_quartile_raw,string,1736361,392045,Raw 'SJR Best Quartile' field (the journal's best quartile across its categories)
data/sjr_category_panel.parquet,h_index,double,1736361,0,Raw 'H index' field
data/sjr_category_panel.parquet,total_docs_year,double,1736361,0,Raw 'Total Docs. (<year>)': documents published in the ranking year
data/sjr_category_panel.parquet,total_docs_3yr,double,1736361,0,Raw 'Total Docs. (3years)': documents published in the three previous years
data/sjr_category_panel.parquet,total_refs_year,double,1736361,0,Raw 'Total Refs.': references in documents of the ranking year
data/sjr_category_panel.parquet,total_cites_3yr,double,1736361,0,Raw 'Total Citations (3years)'
data/sjr_category_panel.parquet,citable_docs_3yr,double,1736361,0,Raw 'Citable Docs. (3years)'
data/sjr_category_panel.parquet,cites_per_doc_2yr,double,1736361,0,Raw 'Citations / Doc. (2years)'
data/sjr_category_panel.parquet,refs_per_doc_year,double,1736361,0,Raw 'Ref. / Doc.'
data/sjr_category_panel.parquet,country,string,1736361,0,Raw 'Country' field
data/sjr_category_panel.parquet,region,string,1736361,0,Raw 'Region' field
data/sjr_category_panel.parquet,publisher,string,1736361,236699,Raw 'Publisher' field (first occurrence; the raw files repeat this column)
data/sjr_category_panel.parquet,coverage_raw,string,1736361,198588,Raw 'Coverage' field (Scopus coverage years)
data/sjr_category_panel.parquet,pct_female,double,1736361,0,Raw '%Female' field as published by SCImago (available in recent files only)
data/sjr_category_panel.parquet,rank_raw,string,1736361,0,Raw 'Rank' field: overall position in the annual SCImago file
data/sjr_category_panel.parquet,open_access,string,1736361,0,Raw 'Open Access' flag (Yes/No)
data/sjr_category_panel.parquet,open_access_diamond,string,1736361,0,Raw 'Open Access Diamond' flag (Yes/No; recent files only)
data/sjr_category_panel.parquet,overton,string,1736361,0,Raw 'Overton' field as published by SCImago (recent files only)
data/sjr_category_panel.parquet,raw_file_name,string,1736361,0,Name of the raw SCImago file the record was read from
data/sjr_category_panel.parquet,raw_file_sha256,string,1736361,0,SHA-256 of that raw file (matches raw_file_manifest.csv)
