model,population,openness,outcome,coef,ci_lo,ci_hi,p_boot,boot_sd,se_cr1,p_cr1,n_rows,n_concepts,n_params,sd_y,coef_in_sd_y,p_holm,q_bh_secondary
a_primary_OLS,MAIN,closure_res_z,Y1r,0.019426206103135495,-0.009846981749062192,0.04079337758585265,0.19890054972513743,0.012769064317663186,0.01202924156850275,0.10957732051112538,347,98,26,0.20486033301569234,0.09482658656835945,0.40479760119940034,
a_primary_OLS,MAIN,closure_res_z,Y2,0.006994838721874459,-0.0024393078369600338,0.013349642902353895,0.13493253373313344,0.0038869429929728303,0.003601039638892888,0.05492404671619213,351,100,26,0.06371270922507334,0.10978718072032209,0.40479760119940034,
a_primary_OLS,MAIN,closure_res_z,log1p_Y3,-0.06500206390938072,-0.15556203897534737,0.029948485452006506,0.175912043978011,0.048429365238717215,0.046395681010201924,0.1643299125318785,351,100,26,0.9044766170978427,-0.07186704739581903,0.40479760119940034,
a_primary_OLS,MAIN,closure_res_imp_z,Y1r,0.020877011022488554,-0.007858683758070879,0.0409519145574775,0.16591704147926037,0.012558723755262178,0.011661244573665724,0.07588750368392272,452,123,27,0.22896702955254422,0.09117911457945353,0.33183408295852074,
a_primary_OLS,MAIN,closure_res_imp_z,Y2,0.011964114292489588,0.0016755407523857172,0.020744098397255505,0.01999000499750125,0.0047428546194009874,0.004383541351748908,0.007192421091614074,512,136,27,0.09357814650731999,0.12785158436060406,0.05997001499250375,
a_primary_OLS,MAIN,closure_res_imp_z,log1p_Y3,-0.026155618363197887,-0.10285714253947678,0.06104422951195072,0.5537231384307846,0.04109325029344715,0.040524614462784804,0.5197469591603425,515,136,27,0.962703610906392,-0.027168921012534892,0.5537231384307846,
a_primary_OLS,MAIN,constraint_z,Y1r,0.010830182501140803,-0.016186106351585895,0.03409303677692012,0.43478260869565216,0.01283366224238449,0.012186105426285046,0.3758960443930376,453,123,27,0.2287912535533895,0.04733652328459108,,0.7136431784107946
a_primary_OLS,MAIN,constraint_z,Y2,-0.009378101332502825,-0.020830807891726533,0.0035833404300322307,0.17891054472763618,0.006235527832594639,0.006008500217195796,0.12089361842123132,523,137,27,0.1020084365705278,-0.09193456588288051,,0.6146926536731634
a_primary_OLS,MAIN,constraint_z,log1p_Y3,0.06170751130708947,-0.028955851993500002,0.14395472600231699,0.2048975512243878,0.04302073408775662,0.04246733199691072,0.14849425977798583,528,138,27,0.9666530984480146,0.06383625253585014,,0.6146926536731634
a_primary_OLS,MAIN,esize_norm_z,Y1r,-0.00859545813780816,-0.042909341722179424,0.033092887940250275,0.7116441779110445,0.01902847406672841,0.018459962408269873,0.6423126280722516,453,123,27,0.2287912535533895,-0.0375689979591041,,0.8539730134932533
a_primary_OLS,MAIN,esize_norm_z,Y2,0.000580960674713894,-0.016728434281405833,0.02519715124593986,0.862568715642179,0.010846739460580552,0.010959364489803204,0.9578013808265073,523,137,27,0.1020084365705278,0.0056952218291496165,,0.862568715642179
a_primary_OLS,MAIN,esize_norm_z,log1p_Y3,0.04333299193814407,-0.07635254221208146,0.18307592827925295,0.4757621189405297,0.06656422816171109,0.0665306272591258,0.5159284257576516,528,138,27,0.9666530984480146,0.04482786224729043,,0.7136431784107946
a_primary_OLS,MAIN,xcomm_exc_z,Y1r,0.0032914356914283127,-0.020444266036398206,0.038145545121405576,0.6586706646676662,0.01510640400041403,0.014607295112013854,0.8221040763727886,429,122,27,0.22751554511832547,0.014466860669746827,,
a_primary_OLS,MAIN,xcomm_exc_z,Y2,-0.002148248581598504,-0.014392157203068927,0.011010465373574209,0.784607696151924,0.006443702474873556,0.006527943924359056,0.7426014032200796,497,136,27,0.10215002074862194,-0.0210303293710049,,
a_primary_OLS,MAIN,xcomm_exc_z,log1p_Y3,0.04566400026651521,-0.04429891137111684,0.1344025330300083,0.34382808595702147,0.04624322377448688,0.045741518939826864,0.3199042572742125,502,137,27,0.9424837146002726,0.04845070483353899,,
