model,population,openness,outcome,r2_base,r2_full,delta_r2,ci_lo,ci_hi,n_rows,n_concepts,foldwise
b_grouped_cv,MAIN,closure_res_z,Y1r,0.20007307581874278,0.20674185563458725,0.006668779815844461,-0.015125548402297193,0.030459975032708173,347,98,False
b_grouped_cv_foldwise_R1a,MAIN,closure_res_z,Y1r,0.20007307581874278,0.20721130291592238,0.007138227097179595,-0.015194312081675862,0.03154534377789608,347,98,True
b_grouped_cv,MAIN,closure_res_z,Y2,0.08142370737937754,0.09367742405326684,0.012253716673889303,-0.012913644160463315,0.04255422615570603,351,100,False
b_grouped_cv_foldwise_R1a,MAIN,closure_res_z,Y2,0.08142370737937754,0.0936605570474528,0.012236849668075256,-0.01382108064681266,0.043282075150404116,351,100,True
b_grouped_cv,MAIN,closure_res_z,log1p_Y3,0.4285972168772898,0.42966057524897006,0.0010633583716802564,-0.012277950205480096,0.01461412237149218,351,100,False
b_grouped_cv_foldwise_R1a,MAIN,closure_res_z,log1p_Y3,0.4285972168772898,0.4292880211620679,0.0006908042847780793,-0.011629873616566502,0.013227447121396516,351,100,True
b_grouped_cv,MAIN,closure_res_imp_z,Y1r,-0.004219492833938299,0.0037046056690759332,0.007924098503014232,-0.011012623899522966,0.027089207029838924,452,123,False
b_grouped_cv,MAIN,closure_res_imp_z,Y2,-0.06307977801237241,-0.04484216124988283,0.018237616762489584,-0.003186766559660786,0.03895733754328488,512,136,False
b_grouped_cv,MAIN,closure_res_imp_z,log1p_Y3,0.4804454990219683,0.47829104899308994,-0.002154450028878374,-0.006136757721353331,0.002072461808404748,515,136,False
b_grouped_cv,MAIN,constraint_z,Y1r,-0.0267147980004947,-0.02731281044900591,-0.0005980124485112093,-0.008686616937330461,0.008810024120563989,453,123,False
b_grouped_cv,MAIN,constraint_z,Y2,-0.00690006062036197,-0.004448789859494706,0.0024512707608672635,-0.021882644141264722,0.016517998322282408,523,137,False
b_grouped_cv,MAIN,constraint_z,log1p_Y3,0.4954381918136912,0.49490005145869265,-0.0005381403549985508,-0.010513783929539697,0.009311697214980756,528,138,False
b_grouped_cv,MAIN,esize_norm_z,Y1r,-0.0267147980004947,-0.03233832530709391,-0.0056235273065992075,-0.01297961709554481,0.000608218556557387,453,123,False
b_grouped_cv,MAIN,esize_norm_z,Y2,-0.00690006062036197,-0.02192711542760084,-0.015027054807238871,-0.03314637543099453,-0.003906932302041453,523,137,False
b_grouped_cv,MAIN,esize_norm_z,log1p_Y3,0.4954381918136912,0.48876310647051746,-0.006675085343173737,-0.020095128982014408,0.0025261107324460338,528,138,False
b_grouped_cv,MAIN,xcomm_exc_z,Y1r,-0.06488220641612541,-0.07541681693611446,-0.010534610519989052,-0.02052321204881515,-0.0030963245388311725,429,122,False
b_grouped_cv,MAIN,xcomm_exc_z,Y2,0.07512745283004885,0.06948714338035245,-0.005640309449696401,-0.011402423397511357,-0.0017533752423467925,497,136,False
b_grouped_cv,MAIN,xcomm_exc_z,log1p_Y3,0.4484580923457582,0.44682175289219694,-0.0016363394535612308,-0.007201267613013082,0.00375419998812969,502,137,False
