outcome,decile,x_resid_mean,y_resid_mean,ci_lo,ci_hi,n
Y1r,1,-2.346616224923202,-0.02367570711003018,-0.06741950307181055,0.023274678798579324,35
Y1r,2,-0.8651398921783876,-0.015683938811699813,-0.06843708717563804,0.04182356097369085,35
Y1r,3,-0.49660622973349833,-0.01837466911622212,-0.06374755402791873,0.02921721631591566,34
Y1r,4,-0.23991118534748998,0.0214055615371239,-0.03777027217212318,0.08168231235671085,35
Y1r,5,-0.006356812040610562,0.04583632985371388,-0.02003641661995536,0.1129779738064604,35
Y1r,6,0.22871652365577266,-0.028601370349493505,-0.09046090596653898,0.03343261415092157,34
Y1r,7,0.4421151851100342,-0.024131373467970882,-0.07216769450432135,0.030504585834018265,35
Y1r,8,0.6806131618488902,-0.01797611117064786,-0.0859501399306098,0.05553522501158991,34
Y1r,9,0.9985007102366286,-0.015556977588068465,-0.0733477105361387,0.04825101051347279,35
Y1r,10,1.616476862108209,0.07490248049082167,-0.01280101694246477,0.14702850474027399,35
Y2,1,-2.3248448663706713,-0.011332294882928567,-0.027035602824307305,0.0027407406900658987,36
Y2,2,-0.860592500949134,-0.005694636873426159,-0.022281422111079852,0.011001799523711015,35
Y2,3,-0.49169885970081667,-0.007208797776276881,-0.024147337330484676,0.012120947454644166,35
Y2,4,-0.24660240245093132,0.010644240793542752,-0.006137509587912325,0.027456628263260112,35
Y2,5,-0.008413067277864414,0.0159978500466801,-0.01209938580738676,0.04590772019048535,35
Y2,6,0.2274952061178346,-0.00978431154450333,-0.029349277912856565,0.011230131198250361,35
Y2,7,0.4387662182418041,-0.0037591784730215856,-0.018194993061817478,0.012399605734941291,35
Y2,8,0.6935528724626686,-0.005439289724713344,-0.029948890468704498,0.021662284746192712,35
Y2,9,1.0188067622314714,-0.0038880380560295746,-0.018051936333127606,0.010437919543883973,35
Y2,10,1.6199547767347975,0.020788236344476983,-0.005787982320454935,0.04229081786425652,35
log1p_Y3,1,-2.3248448663706713,0.1427395696941857,-0.05362834313943792,0.34056370732549546,36
log1p_Y3,2,-0.860592500949134,0.10907078399762951,-0.12016732528528998,0.3524877578014686,35
log1p_Y3,3,-0.49169885970081667,-0.06717014904184906,-0.23892077435323247,0.12225059717621656,35
log1p_Y3,4,-0.24660240245093132,0.055461331153268026,-0.18654467353487347,0.2715149808050744,35
log1p_Y3,5,-0.008413067277864414,0.03663679982921311,-0.14435326364827658,0.2094656797424572,35
log1p_Y3,6,0.2274952061178346,0.008596833402909168,-0.15440542791262227,0.16586999163968696,35
log1p_Y3,7,0.4387662182418041,-0.05760956489693393,-0.24537340974939298,0.12459314655084482,35
log1p_Y3,8,0.6935528724626686,0.08624173654717511,-0.1284347962080733,0.3108974880599174,35
log1p_Y3,9,1.0188067622314714,-0.2552779923534266,-0.4995510457006274,0.015036828530996303,35
log1p_Y3,10,1.6199547767347975,-0.06276762175203839,-0.44362201633642834,0.22846879725074937,35
