concept_id,cluster,group,pattern_combo,cluster_H,group_E_alt,group_E_up
c_007a7950eb4d,1,never,001,0,never,emerging
c_02792d2208de,0,never,000,0,never,emerging
c_1bd834da7f00,1,never,001,0,never,emerging
c_21960ecc2d0a,1,never,001,0,never,emerging
c_24fd61e090ea,1,never,000,1,never,never
c_2c781d19e525,1,never,001,1,never,emerging
c_2fc072066f34,0,never,001,1,never,emerging
c_3471cfc978c7,0,never,001,1,never,emerging
c_35914ea8d7b8,1,never,001,0,never,emerging
c_3a8d31dc5fbf,1,never,000,0,emerging,emerging
c_3ae606bfd61f,1,never,001,1,never,emerging
c_3b21300dbb0b,1,other,001,0,other,other
c_3d37fffdfb30,1,never,001,1,never,emerging
c_4010f34bf1ab,1,never,000,1,never,emerging
c_43521ace85c3,1,emerging,001,0,never,emerging
c_46d8de220318,1,other,001,0,other,other
c_4a952e8aa8a9,0,other,001,1,other,other
c_4bc22ae42748,0,never,000,0,emerging,emerging
c_4c081bfc5787,1,never,000,1,never,emerging
c_4cdee4852bd9,0,never,001,0,never,emerging
c_509ba93dffc8,1,never,001,0,emerging,emerging
c_55c5e5df6bab,1,emerging,001,1,emerging,emerging
c_5891791e366f,1,other,001,1,other,other
c_5af098ea73b2,0,never,001,1,emerging,emerging
c_6016216be4fa,1,never,001,0,never,emerging
c_62af526ae811,1,emerging,001,0,never,emerging
c_6340f70f7803,0,never,001,1,never,emerging
c_6388f9983159,1,never,001,1,never,emerging
c_667b35b905bc,1,never,000,1,never,emerging
c_6d2c0bb6acb0,1,never,001,1,never,never
c_70af732266c6,1,other,001,0,other,other
c_77d5d74f1bf6,0,never,001,1,never,never
c_7a1183961ed2,0,never,001,1,never,emerging
c_7afec8c4aadb,1,other,001,0,other,other
c_7eed579eaddd,0,other,001,1,other,other
c_87df94bef363,0,never,000,1,never,never
c_8904d963bc30,1,never,001,0,never,never
c_8d94ed006e2f,1,never,001,0,never,emerging
c_9aabfd15c0ee,1,other,000,0,other,other
c_9cceb3c510be,1,never,001,0,never,emerging
c_9d2447253ac5,0,never,001,0,never,emerging
c_9d4eaaf7197d,1,other,001,0,other,other
c_9e3bad270e4c,1,never,001,0,never,never
c_a5d4697b6de1,0,never,001,1,never,never
c_b38eddee27ee,1,never,001,0,emerging,emerging
c_b416c627fe94,1,other,001,0,other,other
c_be7b73687012,0,other,010,1,other,other
c_c95c87230241,1,other,001,0,other,other
c_cbade03273e8,1,other,001,0,other,other
c_ce417b0a39d3,1,other,000,0,other,other
c_d6845c35d3d0,0,never,011,1,never,emerging
c_de3171466662,1,never,001,0,emerging,emerging
c_e1a8b816be94,0,other,000,1,other,other
c_e44f84504a49,0,other,001,1,other,other
c_e79d5454fc88,1,never,001,1,never,emerging
c_e895570ed25f,1,other,000,0,other,other
c_e8febadc6f35,1,never,001,0,emerging,emerging
c_ef7889a4d23e,1,never,010,1,never,emerging
c_f546e5e7ea86,0,other,001,1,other,other
