key,pct,power,fail_share,two_sided_reject_crv,wild_size_005,wild_n
hypothetical_10_clusters,-15,0.17,0.0,0.20666666666666667,,0
hypothetical_10_clusters,-10,0.13,0.0,0.2,,0
hypothetical_10_clusters,-5,0.12666666666666668,0.0,0.17666666666666667,,0
hypothetical_10_clusters,0,0.08666666666666667,0.0,0.16333333333333333,0.07,100
hypothetical_10_clusters,-20,0.2966666666666667,0.0,0.3233333333333333,,0
hypothetical_10_clusters,-25,0.29333333333333333,0.0,0.31666666666666665,,0
hypothetical_10_clusters,-50,0.7,0.0,0.7,,0
hypothetical_10_clusters,-35,0.4866666666666667,0.0,0.49333333333333335,,0
hypothetical_10_clusters,-60,0.8566666666666667,0.0,0.8566666666666667,,0
hypothetical_30_clusters,-5,0.08333333333333333,0.0,0.10666666666666667,,0
hypothetical_30_clusters,0,0.05,0.0,0.1,,0
hypothetical_30_clusters,-10,0.20333333333333334,0.0,0.21333333333333335,,0
hypothetical_30_clusters,-15,0.2633333333333333,0.0,0.26666666666666666,,0
hypothetical_30_clusters,-20,0.47,0.0,0.47333333333333333,,0
hypothetical_30_clusters,-25,0.6033333333333334,0.0,0.6033333333333334,,0
hypothetical_30_clusters,-35,0.8666666666666667,0.0,0.8666666666666667,,0
hypothetical_30_clusters,-50,0.9866666666666667,0.0,0.9866666666666667,,0
hypothetical_30_clusters,-60,1.0,0.0,1.0,,0
hypothetical_60_clusters,-5,0.1,0.0,0.10333333333333333,,0
hypothetical_60_clusters,0,0.06333333333333334,0.0,0.11,,0
hypothetical_60_clusters,-10,0.24666666666666667,0.0,0.25333333333333335,,0
hypothetical_60_clusters,-15,0.42333333333333334,0.0,0.42333333333333334,,0
hypothetical_60_clusters,-20,0.6233333333333333,0.0,0.6266666666666667,,0
hypothetical_60_clusters,-25,0.7666666666666667,0.0,0.7666666666666667,,0
hypothetical_60_clusters,-35,0.9666666666666667,0.0,0.9666666666666667,,0
hypothetical_60_clusters,-50,1.0,0.0,1.0,,0
hypothetical_60_clusters,-60,1.0,0.0,1.0,,0
hypothetical_120_clusters,0,0.056666666666666664,0.0,0.07,,0
hypothetical_120_clusters,-5,0.15,0.0,0.15333333333333332,,0
hypothetical_120_clusters,-10,0.38666666666666666,0.0,0.38666666666666666,,0
hypothetical_120_clusters,-15,0.67,0.0,0.67,,0
hypothetical_120_clusters,-25,0.9733333333333334,0.0,0.9733333333333334,,0
hypothetical_120_clusters,-20,0.8566666666666667,0.0,0.8566666666666667,,0
hypothetical_120_clusters,-35,1.0,0.0,1.0,,0
hypothetical_120_clusters,-50,1.0,0.0,1.0,,0
hypothetical_120_clusters,-60,1.0,0.0,1.0,,0
