key,n_min,design,target_N_c,base_target,gamma,true_delta,power,mc_se,mean_point,outcome
auc|nmin5|AUC0.7|realised,5,realised,,0.7,0.0,0.0,0.0,0.0,-0.0052765871039932265,auc
auc|nmin5|AUC0.7|realised,5,realised,,0.7,0.1,0.0013563806566649905,0.01,0.007035623639735145,-0.0020677955287930956,auc
auc|nmin5|AUC0.7|realised,5,realised,,0.7,0.2,0.005933301511900302,0.02,0.009899494936611665,0.0012555346740298556,auc
auc|nmin5|AUC0.7|realised,5,realised,,0.7,0.35,0.01992792535340926,0.14,0.024535688292770596,0.017273596935035447,auc
auc|nmin5|AUC0.7|realised,5,realised,,0.7,0.5,0.04112208744110191,0.535,0.03526861210765175,0.045418607859855194,auc
auc|nmin5|AUC0.7|realised,5,realised,,0.7,0.75,0.08304322927107255,0.925,0.01862458053218917,0.09215054923094261,auc
auc|nmin5|AUC0.7|realised,5,realised,,0.7,1.0,0.12969691212510548,1.0,0.0,0.14675747676011366,auc
auc|nmin5|AUC0.7|realised,5,realised,,0.7,1.5,0.21817335442527996,1.0,0.0,0.2508706316222058,auc
auc|nmin5|AUC0.7|projected,5,projected,189.7,0.7,0.0,0.0,0.0,0.0,-0.0031888337123893713,auc
auc|nmin5|AUC0.7|projected,5,projected,189.7,0.7,0.1,0.0013563806566649905,0.015,0.008595056718835542,-0.001199799908837433,auc
auc|nmin5|AUC0.7|projected,5,projected,189.7,0.7,0.2,0.005933301511900302,0.05,0.015411035007422441,0.005284753731746758,auc
auc|nmin5|AUC0.7|projected,5,projected,189.7,0.7,0.35,0.01992792535340926,0.34,0.03349626844888845,0.019928071759126066,auc
auc|nmin5|AUC0.7|projected,5,projected,189.7,0.7,0.5,0.04112208744110191,0.86,0.024535688292770596,0.043425844234062094,auc
auc|nmin5|AUC0.7|projected,5,projected,189.7,0.7,0.75,0.08304322927107255,1.0,0.0,0.08665411754443224,auc
auc|nmin5|AUC0.7|projected,5,projected,189.7,0.7,1.0,0.12969691212510548,1.0,0.0,0.14001926827524913,auc
auc|nmin5|AUC0.7|projected,5,projected,189.7,0.7,1.5,0.21817335442527996,1.0,0.0,0.24015325512751853,auc
auc|nmin5|AUC0.7|N150,5,N150,150.0,0.7,0.0,0.0,0.0,0.0,-0.00391697239150841,auc
auc|nmin5|AUC0.7|N150,5,N150,150.0,0.7,0.1,0.0013563806566649905,0.015,0.008595056718835542,-0.0012425303763919332,auc
auc|nmin5|AUC0.7|N150,5,N150,150.0,0.7,0.2,0.005933301511900302,0.02,0.009899494936611665,0.0038887317502738395,auc
auc|nmin5|AUC0.7|N150,5,N150,150.0,0.7,0.35,0.01992792535340926,0.22,0.02929163703175362,0.01770011617026557,auc
auc|nmin5|AUC0.7|N150,5,N150,150.0,0.7,0.5,0.04112208744110191,0.67,0.0332490601370926,0.04165469967902108,auc
auc|nmin5|AUC0.7|N150,5,N150,150.0,0.7,0.75,0.08304322927107255,0.99,0.007035623639735147,0.08746705907906432,auc
auc|nmin5|AUC0.7|N150,5,N150,150.0,0.7,1.0,0.12969691212510548,1.0,0.0,0.14334220467348824,auc
auc|nmin5|AUC0.7|N150,5,N150,150.0,0.7,1.5,0.21817335442527996,1.0,0.0,0.2413989733212174,auc
auc|nmin5|AUC0.8|realised,5,realised,,0.8,0.0,0.0,0.0,0.0,-0.0036954761040221096,auc
auc|nmin5|AUC0.8|realised,5,realised,,0.8,0.1,0.0007272114854646183,0.0,0.0,-0.0033024047316899223,auc
auc|nmin5|AUC0.8|realised,5,realised,,0.8,0.2,0.002950990070705539,0.0,0.0,-0.0006731261852689441,auc
auc|nmin5|AUC0.8|realised,5,realised,,0.8,0.35,0.009917276831948652,0.045,0.014658615214269049,0.006498031624422517,auc
auc|nmin5|AUC0.8|realised,5,realised,,0.8,0.5,0.020625517134842397,0.235,0.029981244136960027,0.017424082161897815,auc
auc|nmin5|AUC0.8|realised,5,realised,,0.8,0.75,0.04534878287424249,0.77,0.02975735203273302,0.04701945261009634,auc
auc|nmin5|AUC0.8|realised,5,realised,,0.8,1.0,0.07672807978025364,0.98,0.009899494936611668,0.08306590435562883,auc
auc|nmin5|AUC0.8|realised,5,realised,,0.8,1.5,0.15049174701651435,1.0,0.0,0.16564675988062622,auc
auc|nmin5|AUC0.8|projected,5,projected,189.7,0.8,0.0,0.0,0.0,0.0,-0.002395775469266628,auc
auc|nmin5|AUC0.8|projected,5,projected,189.7,0.8,0.1,0.0007272114854646183,0.0,0.0,-0.0011305866309669432,auc
auc|nmin5|AUC0.8|projected,5,projected,189.7,0.8,0.2,0.002950990070705539,0.025,0.011039701082909808,0.0015841336238051511,auc
auc|nmin5|AUC0.8|projected,5,projected,189.7,0.8,0.35,0.009917276831948652,0.135,0.024163505540380516,0.0079262968582002,auc
auc|nmin5|AUC0.8|projected,5,projected,189.7,0.8,0.5,0.020625517134842397,0.595,0.0347113093962184,0.019197850103706292,auc
auc|nmin5|AUC0.8|projected,5,projected,189.7,0.8,0.75,0.04534878287424249,0.985,0.008595056718835545,0.04385024794953513,auc
auc|nmin5|AUC0.8|projected,5,projected,189.7,0.8,1.0,0.07672807978025364,1.0,0.0,0.08030384240897362,auc
auc|nmin5|AUC0.8|projected,5,projected,189.7,0.8,1.5,0.15049174701651435,1.0,0.0,0.15523627391346226,auc
auc|nmin5|AUC0.8|N150,5,N150,150.0,0.8,0.0,0.0,0.0,0.0,-0.0028735977246774824,auc
auc|nmin5|AUC0.8|N150,5,N150,150.0,0.8,0.1,0.0007272114854646183,0.005,0.004987484335815001,-0.0018685594970160836,auc
auc|nmin5|AUC0.8|N150,5,N150,150.0,0.8,0.2,0.002950990070705539,0.005,0.004987484335815001,0.0008189834414600245,auc
auc|nmin5|AUC0.8|N150,5,N150,150.0,0.8,0.35,0.009917276831948652,0.075,0.018624580532189176,0.007153026318346722,auc
auc|nmin5|AUC0.8|N150,5,N150,150.0,0.8,0.5,0.020625517134842397,0.36,0.03394112549695428,0.01705042973179449,auc
auc|nmin5|AUC0.8|N150,5,N150,150.0,0.8,0.75,0.04534878287424249,0.95,0.015411035007422448,0.0446328115353919,auc
auc|nmin5|AUC0.8|N150,5,N150,150.0,0.8,1.0,0.07672807978025364,1.0,0.0,0.0809988708167214,auc
auc|nmin5|AUC0.8|N150,5,N150,150.0,0.8,1.5,0.15049174701651435,1.0,0.0,0.15793396194880502,auc
r2|nmin5|R20.1|realised,5,realised,,0.1,0.0,0.0,0.0,0.0,-0.008836162856602506,r2
r2|nmin5|R20.1|realised,5,realised,,0.1,0.1,0.008027750247770069,0.0,0.0,0.0013121178555892898,r2
r2|nmin5|R20.1|realised,5,realised,,0.1,0.2,0.03127413127413127,0.16,0.03666060555964672,0.027201163239273785,r2
r2|nmin5|R20.1|realised,5,realised,,0.1,0.35,0.08937176311641519,0.91,0.028618176042508364,0.10143957478531009,r2
r2|nmin5|R20.1|realised,5,realised,,0.1,0.5,0.16530612244897958,1.0,0.0,0.18610976658947723,r2
r2|nmin5|R20.1|realised,5,realised,,0.1,0.75,0.3024896265560166,1.0,0.0,0.3545536339439903,r2
r2|nmin5|R20.1|realised,5,realised,,0.1,1.0,0.42631578947368415,1.0,0.0,0.5044142202605738,r2
r2|nmin5|R20.1|realised,5,realised,,0.1,1.5,0.6024793388429752,1.0,0.0,0.7117638341142195,r2
r2|nmin5|R20.1|projected,5,projected,189.7,0.1,0.0,0.0,0.0,0.0,-0.003174888846393873,r2
r2|nmin5|R20.1|projected,5,projected,189.7,0.1,0.1,0.008027750247770069,0.02,0.014,0.0050370232935028425,r2
r2|nmin5|R20.1|projected,5,projected,189.7,0.1,0.2,0.03127413127413127,0.68,0.0466476151587624,0.03343975225224148,r2
r2|nmin5|R20.1|projected,5,projected,189.7,0.1,0.35,0.08937176311641519,1.0,0.0,0.1002716747387617,r2
r2|nmin5|R20.1|projected,5,projected,189.7,0.1,0.5,0.16530612244897958,1.0,0.0,0.1811049705464872,r2
r2|nmin5|R20.1|projected,5,projected,189.7,0.1,0.75,0.3024896265560166,1.0,0.0,0.34254589950701836,r2
r2|nmin5|R20.1|projected,5,projected,189.7,0.1,1.0,0.42631578947368415,1.0,0.0,0.4910075653628131,r2
r2|nmin5|R20.1|projected,5,projected,189.7,0.1,1.5,0.6024793388429752,1.0,0.0,0.6927909519864487,r2
r2|nmin5|R20.1|N150,5,N150,150.0,0.1,0.0,0.0,0.0,0.0,-0.004275812290424262,r2
r2|nmin5|R20.1|N150,5,N150,150.0,0.1,0.1,0.008027750247770069,0.02,0.014,0.005100238512885333,r2
r2|nmin5|R20.1|N150,5,N150,150.0,0.1,0.2,0.03127413127413127,0.55,0.049749371855330994,0.03310258425606471,r2
r2|nmin5|R20.1|N150,5,N150,150.0,0.1,0.35,0.08937176311641519,1.0,0.0,0.10243697636322074,r2
r2|nmin5|R20.1|N150,5,N150,150.0,0.1,0.5,0.16530612244897958,1.0,0.0,0.18818062934906368,r2
r2|nmin5|R20.1|N150,5,N150,150.0,0.1,0.75,0.3024896265560166,1.0,0.0,0.3455985275522475,r2
r2|nmin5|R20.1|N150,5,N150,150.0,0.1,1.0,0.42631578947368415,1.0,0.0,0.4971308247688324,r2
r2|nmin5|R20.1|N150,5,N150,150.0,0.1,1.5,0.6024793388429752,1.0,0.0,0.7028854424613954,r2
r2|nmin5|R20.3|realised,5,realised,,0.3,0.0,0.0,0.0,0.0,-0.00618178965760663,r2
r2|nmin5|R20.3|realised,5,realised,,0.3,0.1,0.004865938430983152,0.0,0.0,0.000733694280438405,r2
r2|nmin5|R20.3|realised,5,realised,,0.3,0.2,0.019066147859922167,0.26,0.04386342439892262,0.02416864504061712,r2
r2|nmin5|R20.3|realised,5,realised,,0.3,0.35,0.05528436564586692,0.95,0.021794494717703377,0.07885033896001961,r2
r2|nmin5|R20.3|realised,5,realised,,0.3,0.5,0.10425531914893615,0.99,0.009949874371066205,0.15472305492550475,r2
r2|nmin5|R20.3|realised,5,realised,,0.3,0.75,0.19775784753363224,1.0,0.0,0.3051013396734481,r2
r2|nmin5|R20.3|realised,5,realised,,0.3,1.0,0.2882352941176469,1.0,0.0,0.43448265760026233,r2
r2|nmin5|R20.3|realised,5,realised,,0.3,1.5,0.4281553398058252,1.0,0.0,0.6512000729194998,r2
r2|nmin5|R20.3|projected,5,projected,189.7,0.3,0.0,0.0,0.0,0.0,-0.002973291108958984,r2
r2|nmin5|R20.3|projected,5,projected,189.7,0.3,0.1,0.004865938430983152,0.05,0.021794494717703367,0.00537628279997803,r2
r2|nmin5|R20.3|projected,5,projected,189.7,0.3,0.2,0.019066147859922167,0.72,0.0448998886412873,0.027001263877604688,r2
r2|nmin5|R20.3|projected,5,projected,189.7,0.3,0.35,0.05528436564586692,1.0,0.0,0.08117645151559305,r2
r2|nmin5|R20.3|projected,5,projected,189.7,0.3,0.5,0.10425531914893615,1.0,0.0,0.15438718126097928,r2
r2|nmin5|R20.3|projected,5,projected,189.7,0.3,0.75,0.19775784753363224,1.0,0.0,0.2922457665018111,r2
r2|nmin5|R20.3|projected,5,projected,189.7,0.3,1.0,0.2882352941176469,1.0,0.0,0.42645331071138526,r2
r2|nmin5|R20.3|projected,5,projected,189.7,0.3,1.5,0.4281553398058252,1.0,0.0,0.6353580468885768,r2
r2|nmin5|R20.3|N150,5,N150,150.0,0.3,0.0,0.0,0.0,0.0,-0.004457614715661958,r2
r2|nmin5|R20.3|N150,5,N150,150.0,0.3,0.1,0.004865938430983152,0.02,0.014,0.002997413145552814,r2
r2|nmin5|R20.3|N150,5,N150,150.0,0.3,0.2,0.019066147859922167,0.54,0.04983974317750845,0.02563823476248205,r2
r2|nmin5|R20.3|N150,5,N150,150.0,0.3,0.35,0.05528436564586692,0.99,0.009949874371066205,0.07846947774759061,r2
r2|nmin5|R20.3|N150,5,N150,150.0,0.3,0.5,0.10425531914893615,1.0,0.0,0.15417645934930513,r2
r2|nmin5|R20.3|N150,5,N150,150.0,0.3,0.75,0.19775784753363224,1.0,0.0,0.2869207245398184,r2
r2|nmin5|R20.3|N150,5,N150,150.0,0.3,1.0,0.2882352941176469,1.0,0.0,0.43497121751479106,r2
r2|nmin5|R20.3|N150,5,N150,150.0,0.3,1.5,0.4281553398058252,1.0,0.0,0.6405402880492674,r2
auc|nmin10|AUC0.7|realised,10,realised,,0.7,0.0,0.0,0.0,0.0,-0.00571774124736631,auc
auc|nmin10|AUC0.7|realised,10,realised,,0.7,0.1,0.0020503205210939957,0.0,0.0,-0.00569932753193638,auc
auc|nmin10|AUC0.7|realised,10,realised,,0.7,0.2,0.007875408514245619,0.03,0.012062338081814818,0.001547788776362637,auc
auc|nmin10|AUC0.7|realised,10,realised,,0.7,0.35,0.02272848741354838,0.165,0.026246428328441186,0.019999391618967785,auc
auc|nmin10|AUC0.7|realised,10,realised,,0.7,0.5,0.04346810842026483,0.545,0.035211858797853886,0.04699544904535322,auc
auc|nmin10|AUC0.7|realised,10,realised,,0.7,0.75,0.08545464854020157,0.905,0.02073342711661533,0.09186800896377062,auc
auc|nmin10|AUC0.7|realised,10,realised,,0.7,1.0,0.12995594180499614,1.0,0.0,0.14967676803264976,auc
auc|nmin10|AUC0.7|realised,10,realised,,0.7,1.5,0.21640374487028124,1.0,0.0,0.25351274343422964,auc
auc|nmin10|AUC0.7|projected,10,projected,184.7,0.7,0.0,0.0,0.0,0.0,-0.00395018739649458,auc
auc|nmin10|AUC0.7|projected,10,projected,184.7,0.7,0.1,0.0020503205210939957,0.005,0.004987484335815001,-0.00057510456636365,auc
auc|nmin10|AUC0.7|projected,10,projected,184.7,0.7,0.2,0.007875408514245619,0.08,0.01918332609325088,0.006913607992008048,auc
auc|nmin10|AUC0.7|projected,10,projected,184.7,0.7,0.35,0.02272848741354838,0.42,0.034899856733230296,0.02354510057415267,auc
auc|nmin10|AUC0.7|projected,10,projected,184.7,0.7,0.5,0.04346810842026483,0.82,0.027166155414412252,0.04349537176177551,auc
auc|nmin10|AUC0.7|projected,10,projected,184.7,0.7,0.75,0.08545464854020157,1.0,0.0,0.09388928626560211,auc
auc|nmin10|AUC0.7|projected,10,projected,184.7,0.7,1.0,0.12995594180499614,1.0,0.0,0.13902967258904161,auc
auc|nmin10|AUC0.7|projected,10,projected,184.7,0.7,1.5,0.21640374487028124,1.0,0.0,0.2307337207215705,auc
auc|nmin10|AUC0.7|N150,10,N150,150.0,0.7,0.0,0.0,0.0,0.0,-0.003409981740928646,auc
auc|nmin10|AUC0.7|N150,10,N150,150.0,0.7,0.1,0.0020503205210939957,0.015,0.008595056718835542,-0.0012936785379518683,auc
auc|nmin10|AUC0.7|N150,10,N150,150.0,0.7,0.2,0.007875408514245619,0.045,0.014658615214269049,0.005200609647098624,auc
auc|nmin10|AUC0.7|N150,10,N150,150.0,0.7,0.35,0.02272848741354838,0.295,0.03224709289222828,0.02245330253325086,auc
auc|nmin10|AUC0.7|N150,10,N150,150.0,0.7,0.5,0.04346810842026483,0.72,0.03174901573277509,0.044057499535288966,auc
auc|nmin10|AUC0.7|N150,10,N150,150.0,0.7,0.75,0.08545464854020157,0.995,0.004987484335815003,0.0889801914608172,auc
auc|nmin10|AUC0.7|N150,10,N150,150.0,0.7,1.0,0.12995594180499614,1.0,0.0,0.1447591270781415,auc
auc|nmin10|AUC0.7|N150,10,N150,150.0,0.7,1.5,0.21640374487028124,1.0,0.0,0.23402669799181808,auc
auc|nmin10|AUC0.8|realised,10,realised,,0.8,0.0,0.0,0.0,0.0,-0.0042211689823597985,auc
auc|nmin10|AUC0.8|realised,10,realised,,0.8,0.1,0.0007262850223314077,0.0,0.0,-0.0038256013860216826,auc
auc|nmin10|AUC0.8|realised,10,realised,,0.8,0.2,0.0032661890061259635,0.005,0.004987484335815001,-0.0011606850483587429,auc
auc|nmin10|AUC0.8|realised,10,realised,,0.8,0.35,0.010793626491353181,0.065,0.017432010784760317,0.007293047848755221,auc
auc|nmin10|AUC0.8|realised,10,realised,,0.8,0.5,0.022575462124479584,0.28,0.03174901573277509,0.02061480493862952,auc
auc|nmin10|AUC0.8|realised,10,realised,,0.8,0.75,0.049539919903068275,0.775,0.02952752952754429,0.05228053884516846,auc
auc|nmin10|AUC0.8|realised,10,realised,,0.8,1.0,0.08307123455224541,0.97,0.012062338081814825,0.09122469907005648,auc
auc|nmin10|AUC0.8|realised,10,realised,,0.8,1.5,0.15364913222205634,1.0,0.0,0.16598642374053646,auc
auc|nmin10|AUC0.8|projected,10,projected,184.7,0.8,0.0,0.0,0.0,0.0,-0.0022322314550990664,auc
auc|nmin10|AUC0.8|projected,10,projected,184.7,0.8,0.1,0.0007262850223314077,0.0,0.0,-0.0017530415664898874,auc
auc|nmin10|AUC0.8|projected,10,projected,184.7,0.8,0.2,0.0032661890061259635,0.015,0.008595056718835542,0.0020292694552502023,auc
auc|nmin10|AUC0.8|projected,10,projected,184.7,0.8,0.35,0.010793626491353181,0.155,0.02559052559053839,0.009054167578403428,auc
auc|nmin10|AUC0.8|projected,10,projected,184.7,0.8,0.5,0.022575462124479584,0.585,0.03484070894801081,0.02115502784260259,auc
auc|nmin10|AUC0.8|projected,10,projected,184.7,0.8,0.75,0.049539919903068275,0.985,0.008595056718835545,0.051418842639948094,auc
auc|nmin10|AUC0.8|projected,10,projected,184.7,0.8,1.0,0.08307123455224541,1.0,0.0,0.08756788266161848,auc
auc|nmin10|AUC0.8|projected,10,projected,184.7,0.8,1.5,0.15364913222205634,1.0,0.0,0.15832996719510875,auc
auc|nmin10|AUC0.8|N150,10,N150,150.0,0.8,0.0,0.0,0.0,0.0,-0.0028704486849832154,auc
auc|nmin10|AUC0.8|N150,10,N150,150.0,0.8,0.1,0.0007262850223314077,0.0,0.0,-0.0015103049144407354,auc
auc|nmin10|AUC0.8|N150,10,N150,150.0,0.8,0.2,0.0032661890061259635,0.0,0.0,0.0010975758786618411,auc
auc|nmin10|AUC0.8|N150,10,N150,150.0,0.8,0.35,0.010793626491353181,0.09,0.02023610634484806,0.008714177543826246,auc
auc|nmin10|AUC0.8|N150,10,N150,150.0,0.8,0.5,0.022575462124479584,0.465,0.03526861210765175,0.02011881160668194,auc
auc|nmin10|AUC0.8|N150,10,N150,150.0,0.8,0.75,0.049539919903068275,0.965,0.012995191418367032,0.05004949900182079,auc
auc|nmin10|AUC0.8|N150,10,N150,150.0,0.8,1.0,0.08307123455224541,1.0,0.0,0.08575633115313387,auc
auc|nmin10|AUC0.8|N150,10,N150,150.0,0.8,1.5,0.15364913222205634,1.0,0.0,0.16158091268446637,auc
r2|nmin10|R20.1|realised,10,realised,,0.1,0.0,0.0,0.0,0.0,-0.010130619967074704,r2
r2|nmin10|R20.1|realised,10,realised,,0.1,0.1,0.008027750247770069,0.01,0.0099498743710662,0.002113215975598106,r2
r2|nmin10|R20.1|realised,10,realised,,0.1,0.2,0.03127413127413127,0.2,0.04,0.028325104964742946,r2
r2|nmin10|R20.1|realised,10,realised,,0.1,0.35,0.08937176311641519,0.91,0.028618176042508364,0.10786006506978886,r2
r2|nmin10|R20.1|realised,10,realised,,0.1,0.5,0.16530612244897958,1.0,0.0,0.20489221913545166,r2
r2|nmin10|R20.1|realised,10,realised,,0.1,0.75,0.3024896265560166,1.0,0.0,0.376221088995026,r2
r2|nmin10|R20.1|realised,10,realised,,0.1,1.0,0.42631578947368415,1.0,0.0,0.5303553738171446,r2
r2|nmin10|R20.1|realised,10,realised,,0.1,1.5,0.6024793388429752,1.0,0.0,0.7544241788569973,r2
r2|nmin10|R20.1|projected,10,projected,184.7,0.1,0.0,0.0,0.0,0.0,-0.004008289838349177,r2
r2|nmin10|R20.1|projected,10,projected,184.7,0.1,0.1,0.008027750247770069,0.04,0.019595917942265423,0.005917523226960628,r2
r2|nmin10|R20.1|projected,10,projected,184.7,0.1,0.2,0.03127413127413127,0.62,0.048538644398046386,0.03216606646762658,r2
r2|nmin10|R20.1|projected,10,projected,184.7,0.1,0.35,0.08937176311641519,1.0,0.0,0.10480458595464079,r2
r2|nmin10|R20.1|projected,10,projected,184.7,0.1,0.5,0.16530612244897958,1.0,0.0,0.18903850525829496,r2
r2|nmin10|R20.1|projected,10,projected,184.7,0.1,0.75,0.3024896265560166,1.0,0.0,0.3484773508180915,r2
r2|nmin10|R20.1|projected,10,projected,184.7,0.1,1.0,0.42631578947368415,1.0,0.0,0.4932177962148298,r2
r2|nmin10|R20.1|projected,10,projected,184.7,0.1,1.5,0.6024793388429752,1.0,0.0,0.6944781787149392,r2
r2|nmin10|R20.1|N150,10,N150,150.0,0.1,0.0,0.0,0.0,0.0,-0.0037034464704857094,r2
r2|nmin10|R20.1|N150,10,N150,150.0,0.1,0.1,0.008027750247770069,0.03,0.01705872210923198,0.005049418947532254,r2
r2|nmin10|R20.1|N150,10,N150,150.0,0.1,0.2,0.03127413127413127,0.46,0.04983974317750845,0.031958402165111005,r2
r2|nmin10|R20.1|N150,10,N150,150.0,0.1,0.35,0.08937176311641519,1.0,0.0,0.10487998936352536,r2
r2|nmin10|R20.1|N150,10,N150,150.0,0.1,0.5,0.16530612244897958,1.0,0.0,0.1895738876438979,r2
r2|nmin10|R20.1|N150,10,N150,150.0,0.1,0.75,0.3024896265560166,1.0,0.0,0.350676588500032,r2
r2|nmin10|R20.1|N150,10,N150,150.0,0.1,1.0,0.42631578947368415,1.0,0.0,0.4958333729118091,r2
r2|nmin10|R20.1|N150,10,N150,150.0,0.1,1.5,0.6024793388429752,1.0,0.0,0.7009252657535642,r2
r2|nmin10|R20.3|realised,10,realised,,0.3,0.0,0.0,0.0,0.0,-0.007030992979749458,r2
r2|nmin10|R20.3|realised,10,realised,,0.3,0.1,0.004865938430983152,0.04,0.019595917942265423,0.001843111133089157,r2
r2|nmin10|R20.3|realised,10,realised,,0.3,0.2,0.019066147859922167,0.27,0.044395945760846225,0.026887847047265247,r2
r2|nmin10|R20.3|realised,10,realised,,0.3,0.35,0.05528436564586692,0.87,0.03363034344160047,0.08898418612052804,r2
r2|nmin10|R20.3|realised,10,realised,,0.3,0.5,0.10425531914893615,1.0,0.0,0.15804767745221673,r2
r2|nmin10|R20.3|realised,10,realised,,0.3,0.75,0.19775784753363224,1.0,0.0,0.3179685611857918,r2
r2|nmin10|R20.3|realised,10,realised,,0.3,1.0,0.2882352941176469,1.0,0.0,0.45748369294710245,r2
r2|nmin10|R20.3|realised,10,realised,,0.3,1.5,0.4281553398058252,1.0,0.0,0.6837092800592092,r2
r2|nmin10|R20.3|projected,10,projected,184.7,0.3,0.0,0.0,0.0,0.0,-0.003224590757311255,r2
r2|nmin10|R20.3|projected,10,projected,184.7,0.3,0.1,0.004865938430983152,0.07,0.02551470164434615,0.0047844644289861595,r2
r2|nmin10|R20.3|projected,10,projected,184.7,0.3,0.2,0.019066147859922167,0.56,0.04963869458396342,0.023779812296894486,r2
r2|nmin10|R20.3|projected,10,projected,184.7,0.3,0.35,0.05528436564586692,0.99,0.009949874371066205,0.07925611939101734,r2
r2|nmin10|R20.3|projected,10,projected,184.7,0.3,0.5,0.10425531914893615,1.0,0.0,0.15405047667022356,r2
r2|nmin10|R20.3|projected,10,projected,184.7,0.3,0.75,0.19775784753363224,1.0,0.0,0.29089882874624357,r2
r2|nmin10|R20.3|projected,10,projected,184.7,0.3,1.0,0.2882352941176469,1.0,0.0,0.4283412996659532,r2
r2|nmin10|R20.3|projected,10,projected,184.7,0.3,1.5,0.4281553398058252,1.0,0.0,0.6315487280248219,r2
r2|nmin10|R20.3|N150,10,N150,150.0,0.3,0.0,0.0,0.0,0.0,-0.0028201635279129457,r2
r2|nmin10|R20.3|N150,10,N150,150.0,0.3,0.1,0.004865938430983152,0.02,0.014,0.0021467127394930517,r2
r2|nmin10|R20.3|N150,10,N150,150.0,0.3,0.2,0.019066147859922167,0.44,0.04963869458396343,0.02664491994155817,r2
r2|nmin10|R20.3|N150,10,N150,150.0,0.3,0.35,0.05528436564586692,1.0,0.0,0.08101817598368834,r2
r2|nmin10|R20.3|N150,10,N150,150.0,0.3,0.5,0.10425531914893615,1.0,0.0,0.15361663102082437,r2
r2|nmin10|R20.3|N150,10,N150,150.0,0.3,0.75,0.19775784753363224,1.0,0.0,0.29543278998346567,r2
r2|nmin10|R20.3|N150,10,N150,150.0,0.3,1.0,0.2882352941176469,1.0,0.0,0.428157860694027,r2
r2|nmin10|R20.3|N150,10,N150,150.0,0.3,1.5,0.4281553398058252,1.0,0.0,0.6410618625494454,r2
auc|nmin20|AUC0.7|realised,20,realised,,0.7,0.0,0.0,0.005,0.004987484335815001,-0.006204832216610175,auc
auc|nmin20|AUC0.7|realised,20,realised,,0.7,0.1,0.001351653852588064,0.015,0.008595056718835542,-0.005791674648652143,auc
auc|nmin20|AUC0.7|realised,20,realised,,0.7,0.2,0.005995539558784735,0.02,0.009899494936611665,0.0006127064128944315,auc
auc|nmin20|AUC0.7|realised,20,realised,,0.7,0.35,0.019538275095793867,0.065,0.017432010784760317,0.017302413499538406,auc
auc|nmin20|AUC0.7|realised,20,realised,,0.7,0.5,0.03885903965616655,0.255,0.030820042180373472,0.04148338047761737,auc
auc|nmin20|AUC0.7|realised,20,realised,,0.7,0.75,0.08143615340293953,0.695,0.03255572146336186,0.0878510541088817,auc
auc|nmin20|AUC0.7|realised,20,realised,,0.7,1.0,0.1253062374660484,0.945,0.016120638945153514,0.14985511948031008,auc
auc|nmin20|AUC0.7|realised,20,realised,,0.7,1.5,0.20586876473551596,1.0,0.0,0.2490035744335937,auc
auc|nmin20|AUC0.7|projected,20,projected,117.6,0.7,0.0,0.0,0.005,0.004987484335815001,-0.004984963547766925,auc
auc|nmin20|AUC0.7|projected,20,projected,117.6,0.7,0.1,0.001351653852588064,0.0,0.0,-0.003092879331972636,auc
auc|nmin20|AUC0.7|projected,20,projected,117.6,0.7,0.2,0.005995539558784735,0.035,0.012995191418367026,0.004131218467087203,auc
auc|nmin20|AUC0.7|projected,20,projected,117.6,0.7,0.35,0.019538275095793867,0.235,0.029981244136960027,0.019858404816563646,auc
auc|nmin20|AUC0.7|projected,20,projected,117.6,0.7,0.5,0.03885903965616655,0.545,0.035211858797853886,0.04167300956331411,auc
auc|nmin20|AUC0.7|projected,20,projected,117.6,0.7,0.75,0.08143615340293953,0.96,0.013856406460551024,0.08950353988127968,auc
auc|nmin20|AUC0.7|projected,20,projected,117.6,0.7,1.0,0.1253062374660484,1.0,0.0,0.13579927917300277,auc
auc|nmin20|AUC0.7|projected,20,projected,117.6,0.7,1.5,0.20586876473551596,1.0,0.0,0.22394753273207613,auc
auc|nmin20|AUC0.7|N150,20,N150,150.0,0.7,0.0,0.0,0.005,0.004987484335815001,-0.003848660787404511,auc
auc|nmin20|AUC0.7|N150,20,N150,150.0,0.7,0.1,0.001351653852588064,0.005,0.004987484335815001,-0.0023018805490857427,auc
auc|nmin20|AUC0.7|N150,20,N150,150.0,0.7,0.2,0.005995539558784735,0.015,0.008595056718835542,0.004695207700037706,auc
auc|nmin20|AUC0.7|N150,20,N150,150.0,0.7,0.35,0.019538275095793867,0.21,0.028801041647829335,0.018278945284452106,auc
auc|nmin20|AUC0.7|N150,20,N150,150.0,0.7,0.5,0.03885903965616655,0.625,0.03423265984407288,0.04100228766194321,auc
auc|nmin20|AUC0.7|N150,20,N150,150.0,0.7,0.75,0.08143615340293953,1.0,0.0,0.0857606370762597,auc
auc|nmin20|AUC0.7|N150,20,N150,150.0,0.7,1.0,0.1253062374660484,1.0,0.0,0.13364041609127975,auc
auc|nmin20|AUC0.7|N150,20,N150,150.0,0.7,1.5,0.20586876473551596,1.0,0.0,0.22590078054566642,auc
auc|nmin20|AUC0.8|realised,20,realised,,0.8,0.0,0.0,0.0,0.0,-0.007178630600974893,auc
auc|nmin20|AUC0.8|realised,20,realised,,0.8,0.1,0.0006990885499720267,0.0,0.0,-0.006455346488795979,auc
auc|nmin20|AUC0.8|realised,20,realised,,0.8,0.2,0.002818024229674365,0.01,0.007035623639735145,-0.002114487136086127,auc
auc|nmin20|AUC0.8|realised,20,realised,,0.8,0.35,0.008743708106937143,0.03,0.012062338081814818,0.003939798135526665,auc
auc|nmin20|AUC0.8|realised,20,realised,,0.8,0.5,0.01834202977834798,0.115,0.022558257911461158,0.016449385717989203,auc
auc|nmin20|AUC0.8|realised,20,realised,,0.8,0.75,0.04351758796988803,0.41,0.0347778665245584,0.04667005216846922,auc
auc|nmin20|AUC0.8|realised,20,realised,,0.8,1.0,0.07549226753375082,0.74,0.031016124838541645,0.0834606234545668,auc
auc|nmin20|AUC0.8|realised,20,realised,,0.8,1.5,0.1422243615507507,0.985,0.008595056718835545,0.15517247151649421,auc
auc|nmin20|AUC0.8|projected,20,projected,117.6,0.8,0.0,0.0,0.0,0.0,-0.003335405855992886,auc
auc|nmin20|AUC0.8|projected,20,projected,117.6,0.8,0.1,0.0006990885499720267,0.0,0.0,-0.0023683203296384113,auc
auc|nmin20|AUC0.8|projected,20,projected,117.6,0.8,0.2,0.002818024229674365,0.03,0.012062338081814818,0.0012532657338605474,auc
auc|nmin20|AUC0.8|projected,20,projected,117.6,0.8,0.35,0.008743708106937143,0.065,0.017432010784760317,0.00682366817488972,auc
auc|nmin20|AUC0.8|projected,20,projected,117.6,0.8,0.5,0.01834202977834798,0.28,0.03174901573277509,0.01911283930755467,auc
auc|nmin20|AUC0.8|projected,20,projected,117.6,0.8,0.75,0.04351758796988803,0.82,0.027166155414412252,0.04842098034930566,auc
auc|nmin20|AUC0.8|projected,20,projected,117.6,0.8,1.0,0.07549226753375082,0.97,0.012062338081814825,0.08166790755442087,auc
auc|nmin20|AUC0.8|projected,20,projected,117.6,0.8,1.5,0.1422243615507507,1.0,0.0,0.15629920419988635,auc
auc|nmin20|AUC0.8|N150,20,N150,150.0,0.8,0.0,0.0,0.005,0.004987484335815001,-0.0025117513912703547,auc
auc|nmin20|AUC0.8|N150,20,N150,150.0,0.8,0.1,0.0006990885499720267,0.0,0.0,-0.0015732246135700255,auc
auc|nmin20|AUC0.8|N150,20,N150,150.0,0.8,0.2,0.002818024229674365,0.015,0.008595056718835542,-9.240779452023563e-05,auc
auc|nmin20|AUC0.8|N150,20,N150,150.0,0.8,0.35,0.008743708106937143,0.055,0.016120638945153507,0.0064442606355946475,auc
auc|nmin20|AUC0.8|N150,20,N150,150.0,0.8,0.5,0.01834202977834798,0.32,0.03298484500494128,0.018464450567734762,auc
auc|nmin20|AUC0.8|N150,20,N150,150.0,0.8,0.75,0.04351758796988803,0.905,0.02073342711661533,0.046569676979960326,auc
auc|nmin20|AUC0.8|N150,20,N150,150.0,0.8,1.0,0.07549226753375082,0.995,0.004987484335815003,0.08085669977965493,auc
auc|nmin20|AUC0.8|N150,20,N150,150.0,0.8,1.5,0.1422243615507507,1.0,0.0,0.15569305779112297,auc
r2|nmin20|R20.1|realised,20,realised,,0.1,0.0,0.0,0.0,0.0,-0.020196570423583245,r2
r2|nmin20|R20.1|realised,20,realised,,0.1,0.1,0.008027750247770069,0.0,0.0,-0.005806469110594995,r2
r2|nmin20|R20.1|realised,20,realised,,0.1,0.2,0.03127413127413127,0.12,0.03249615361854384,0.027715949675326396,r2
r2|nmin20|R20.1|realised,20,realised,,0.1,0.35,0.08937176311641519,0.54,0.04983974317750845,0.10375744260300657,r2
r2|nmin20|R20.1|realised,20,realised,,0.1,0.5,0.16530612244897958,0.93,0.02551470164434614,0.20485917186625913,r2
r2|nmin20|R20.1|realised,20,realised,,0.1,0.75,0.3024896265560166,1.0,0.0,0.387954295132714,r2
r2|nmin20|R20.1|realised,20,realised,,0.1,1.0,0.42631578947368415,1.0,0.0,0.5417822477958208,r2
r2|nmin20|R20.1|realised,20,realised,,0.1,1.5,0.6024793388429752,1.0,0.0,0.7797339873717868,r2
r2|nmin20|R20.1|projected,20,projected,117.6,0.1,0.0,0.0,0.0,0.0,-0.007872821902703539,r2
r2|nmin20|R20.1|projected,20,projected,117.6,0.1,0.1,0.008027750247770069,0.0,0.0,0.0015208863976406129,r2
r2|nmin20|R20.1|projected,20,projected,117.6,0.1,0.2,0.03127413127413127,0.25,0.04330127018922193,0.032029802377474915,r2
r2|nmin20|R20.1|projected,20,projected,117.6,0.1,0.35,0.08937176311641519,0.9,0.03,0.10138592692349116,r2
r2|nmin20|R20.1|projected,20,projected,117.6,0.1,0.5,0.16530612244897958,1.0,0.0,0.18831489192092668,r2
r2|nmin20|R20.1|projected,20,projected,117.6,0.1,0.75,0.3024896265560166,1.0,0.0,0.3472722268417926,r2
r2|nmin20|R20.1|projected,20,projected,117.6,0.1,1.0,0.42631578947368415,1.0,0.0,0.5034356881123326,r2
r2|nmin20|R20.1|projected,20,projected,117.6,0.1,1.5,0.6024793388429752,1.0,0.0,0.7096452242386303,r2
r2|nmin20|R20.1|N150,20,N150,150.0,0.1,0.0,0.0,0.0,0.0,-0.006471249304206414,r2
r2|nmin20|R20.1|N150,20,N150,150.0,0.1,0.1,0.008027750247770069,0.01,0.0099498743710662,0.003248491084506484,r2
r2|nmin20|R20.1|N150,20,N150,150.0,0.1,0.2,0.03127413127413127,0.33,0.04702127178203499,0.03095228558543548,r2
r2|nmin20|R20.1|N150,20,N150,150.0,0.1,0.35,0.08937176311641519,0.98,0.014000000000000005,0.10176681186280724,r2
r2|nmin20|R20.1|N150,20,N150,150.0,0.1,0.5,0.16530612244897958,1.0,0.0,0.18762119268060778,r2
r2|nmin20|R20.1|N150,20,N150,150.0,0.1,0.75,0.3024896265560166,1.0,0.0,0.3441112271597976,r2
r2|nmin20|R20.1|N150,20,N150,150.0,0.1,1.0,0.42631578947368415,1.0,0.0,0.4890966565718722,r2
r2|nmin20|R20.1|N150,20,N150,150.0,0.1,1.5,0.6024793388429752,1.0,0.0,0.7028415687524678,r2
r2|nmin20|R20.3|realised,20,realised,,0.3,0.0,0.0,0.0,0.0,-0.013007960845731024,r2
r2|nmin20|R20.3|realised,20,realised,,0.3,0.1,0.004865938430983152,0.0,0.0,-0.006137463634630498,r2
r2|nmin20|R20.3|realised,20,realised,,0.3,0.2,0.019066147859922167,0.06,0.023748684174075833,0.02120701813305802,r2
r2|nmin20|R20.3|realised,20,realised,,0.3,0.35,0.05528436564586692,0.52,0.049959983987187186,0.08233557642600887,r2
r2|nmin20|R20.3|realised,20,realised,,0.3,0.5,0.10425531914893615,0.92,0.027129319932501065,0.16575099639202795,r2
r2|nmin20|R20.3|realised,20,realised,,0.3,0.75,0.19775784753363224,1.0,0.0,0.3178152303492847,r2
r2|nmin20|R20.3|realised,20,realised,,0.3,1.0,0.2882352941176469,1.0,0.0,0.48000119304378147,r2
r2|nmin20|R20.3|realised,20,realised,,0.3,1.5,0.4281553398058252,1.0,0.0,0.7138769655995424,r2
r2|nmin20|R20.3|projected,20,projected,117.6,0.3,0.0,0.0,0.0,0.0,-0.006207464437816379,r2
r2|nmin20|R20.3|projected,20,projected,117.6,0.3,0.1,0.004865938430983152,0.01,0.0099498743710662,0.000634979626054809,r2
r2|nmin20|R20.3|projected,20,projected,117.6,0.3,0.2,0.019066147859922167,0.19,0.039230090491866064,0.025124539064023333,r2
r2|nmin20|R20.3|projected,20,projected,117.6,0.3,0.35,0.05528436564586692,0.98,0.014000000000000005,0.08086429733561827,r2
r2|nmin20|R20.3|projected,20,projected,117.6,0.3,0.5,0.10425531914893615,1.0,0.0,0.15226584040128213,r2
r2|nmin20|R20.3|projected,20,projected,117.6,0.3,0.75,0.19775784753363224,1.0,0.0,0.2965859692154694,r2
r2|nmin20|R20.3|projected,20,projected,117.6,0.3,1.0,0.2882352941176469,1.0,0.0,0.4385901628057129,r2
r2|nmin20|R20.3|projected,20,projected,117.6,0.3,1.5,0.4281553398058252,1.0,0.0,0.6481537032668895,r2
r2|nmin20|R20.3|N150,20,N150,150.0,0.3,0.0,0.0,0.0,0.0,-0.004443736122288948,r2
r2|nmin20|R20.3|N150,20,N150,150.0,0.3,0.1,0.004865938430983152,0.0,0.0,0.0029504130247568648,r2
r2|nmin20|R20.3|N150,20,N150,150.0,0.3,0.2,0.019066147859922167,0.34,0.04737087712930804,0.024250697646331323,r2
r2|nmin20|R20.3|N150,20,N150,150.0,0.3,0.35,0.05528436564586692,0.98,0.014000000000000005,0.08325737178913081,r2
r2|nmin20|R20.3|N150,20,N150,150.0,0.3,0.5,0.10425531914893615,1.0,0.0,0.15026528718719817,r2
r2|nmin20|R20.3|N150,20,N150,150.0,0.3,0.75,0.19775784753363224,1.0,0.0,0.287863799405685,r2
r2|nmin20|R20.3|N150,20,N150,150.0,0.3,1.0,0.2882352941176469,1.0,0.0,0.4312463768368252,r2
r2|nmin20|R20.3|N150,20,N150,150.0,0.3,1.5,0.4281553398058252,1.0,0.0,0.6373136725600678,r2
auc|nmin30|AUC0.7|realised,30,realised,,0.7,0.0,0.0,0.01,0.007035623639735145,-0.008124724580389861,auc
auc|nmin30|AUC0.7|realised,30,realised,,0.7,0.1,0.0019081547290451528,0.005,0.004987484335815001,-0.011556072842424126,auc
auc|nmin30|AUC0.7|realised,30,realised,,0.7,0.2,0.007271152467652642,0.01,0.007035623639735145,0.0005468939077962737,auc
auc|nmin30|AUC0.7|realised,30,realised,,0.7,0.35,0.02085576307692305,0.045,0.014658615214269049,0.01310287624724355,auc
auc|nmin30|AUC0.7|realised,30,realised,,0.7,0.5,0.039729989871785554,0.17,0.02656124997058685,0.035450593104654746,auc
auc|nmin30|AUC0.7|realised,30,realised,,0.7,0.75,0.07823217076557898,0.485,0.03533942557541082,0.08887413555135297,auc
auc|nmin30|AUC0.7|realised,30,realised,,0.7,1.0,0.11899338553880323,0.76,0.030199337741083,0.1419881788793435,auc
auc|nmin30|AUC0.7|realised,30,realised,,0.7,1.5,0.19919359277406845,0.97,0.012062338081814825,0.2515966229899938,auc
auc|nmin30|AUC0.7|projected,30,projected,77.5,0.7,0.0,0.0,0.0,0.0,-0.008909280296988757,auc
auc|nmin30|AUC0.7|projected,30,projected,77.5,0.7,0.1,0.0019081547290451528,0.015,0.008595056718835542,-0.0033626090538901427,auc
auc|nmin30|AUC0.7|projected,30,projected,77.5,0.7,0.2,0.007271152467652642,0.025,0.011039701082909808,0.0014315111179369693,auc
auc|nmin30|AUC0.7|projected,30,projected,77.5,0.7,0.35,0.02085576307692305,0.115,0.022558257911461158,0.01684640620086025,auc
auc|nmin30|AUC0.7|projected,30,projected,77.5,0.7,0.5,0.039729989871785554,0.335,0.0333747659167821,0.041866398038618365,auc
auc|nmin30|AUC0.7|projected,30,projected,77.5,0.7,0.75,0.07823217076557898,0.77,0.02975735203273302,0.08087556177437355,auc
auc|nmin30|AUC0.7|projected,30,projected,77.5,0.7,1.0,0.11899338553880323,0.99,0.007035623639735147,0.13077374859910068,auc
auc|nmin30|AUC0.7|projected,30,projected,77.5,0.7,1.5,0.19919359277406845,1.0,0.0,0.22801528103334934,auc
auc|nmin30|AUC0.7|N150,30,N150,150.0,0.7,0.0,0.0,0.0,0.0,-0.00332109771186368,auc
auc|nmin30|AUC0.7|N150,30,N150,150.0,0.7,0.1,0.0019081547290451528,0.005,0.004987484335815001,-0.0009153077067238146,auc
auc|nmin30|AUC0.7|N150,30,N150,150.0,0.7,0.2,0.007271152467652642,0.015,0.008595056718835542,0.002221486570969369,auc
auc|nmin30|AUC0.7|N150,30,N150,150.0,0.7,0.35,0.02085576307692305,0.19,0.027739863013360393,0.01651804536614151,auc
auc|nmin30|AUC0.7|N150,30,N150,150.0,0.7,0.5,0.039729989871785554,0.61,0.03448912872196107,0.039430782299306306,auc
auc|nmin30|AUC0.7|N150,30,N150,150.0,0.7,0.75,0.07823217076557898,0.995,0.004987484335815003,0.07896769578650309,auc
auc|nmin30|AUC0.7|N150,30,N150,150.0,0.7,1.0,0.11899338553880323,1.0,0.0,0.12670380405142143,auc
auc|nmin30|AUC0.7|N150,30,N150,150.0,0.7,1.5,0.19919359277406845,1.0,0.0,0.21595126363153433,auc
auc|nmin30|AUC0.8|realised,30,realised,,0.8,0.0,0.0,0.0,0.0,-0.009957232482961658,auc
auc|nmin30|AUC0.8|realised,30,realised,,0.8,0.1,0.0009768561249532404,0.0,0.0,-0.009302952261987397,auc
auc|nmin30|AUC0.8|realised,30,realised,,0.8,0.2,0.0032762563910770925,0.005,0.004987484335815001,-0.005189807655719552,auc
auc|nmin30|AUC0.8|realised,30,realised,,0.8,0.35,0.009894792795636098,0.03,0.012062338081814818,0.004135328629435892,auc
auc|nmin30|AUC0.8|realised,30,realised,,0.8,0.5,0.019767451127457147,0.065,0.017432010784760317,0.0128545313776959,auc
auc|nmin30|AUC0.8|realised,30,realised,,0.8,0.75,0.043815156562659885,0.26,0.031016124838541645,0.039731584851032384,auc
auc|nmin30|AUC0.8|realised,30,realised,,0.8,1.0,0.07339082455810109,0.495,0.03535357124817803,0.07596940391884231,auc
auc|nmin30|AUC0.8|realised,30,realised,,0.8,1.5,0.13280504918858482,0.92,0.019183326093250873,0.14821042169788698,auc
auc|nmin30|AUC0.8|projected,30,projected,77.5,0.8,0.0,0.0,0.0,0.0,-0.004352301245083988,auc
auc|nmin30|AUC0.8|projected,30,projected,77.5,0.8,0.1,0.0009768561249532404,0.005,0.004987484335815001,-0.003887515707278401,auc
auc|nmin30|AUC0.8|projected,30,projected,77.5,0.8,0.2,0.0032762563910770925,0.005,0.004987484335815001,-0.002086381403044045,auc
auc|nmin30|AUC0.8|projected,30,projected,77.5,0.8,0.35,0.009894792795636098,0.03,0.012062338081814818,0.0065119593252423525,auc
auc|nmin30|AUC0.8|projected,30,projected,77.5,0.8,0.5,0.019767451127457147,0.14,0.024535688292770596,0.016303321906451996,auc
auc|nmin30|AUC0.8|projected,30,projected,77.5,0.8,0.75,0.043815156562659885,0.495,0.03535357124817803,0.04149910861360794,auc
auc|nmin30|AUC0.8|projected,30,projected,77.5,0.8,1.0,0.07339082455810109,0.855,0.02489728900904675,0.07395789336147934,auc
auc|nmin30|AUC0.8|projected,30,projected,77.5,0.8,1.5,0.13280504918858482,1.0,0.0,0.13966674850399335,auc
auc|nmin30|AUC0.8|N150,30,N150,150.0,0.8,0.0,0.0,0.0,0.0,-0.0025665815376578168,auc
auc|nmin30|AUC0.8|N150,30,N150,150.0,0.8,0.1,0.0009768561249532404,0.0,0.0,-0.001989463466774414,auc
auc|nmin30|AUC0.8|N150,30,N150,150.0,0.8,0.2,0.0032762563910770925,0.015,0.008595056718835542,0.0006023415971682166,auc
auc|nmin30|AUC0.8|N150,30,N150,150.0,0.8,0.35,0.009894792795636098,0.115,0.022558257911461158,0.007675592957066293,auc
auc|nmin30|AUC0.8|N150,30,N150,150.0,0.8,0.5,0.019767451127457147,0.355,0.033836001536824645,0.017801326544610016,auc
auc|nmin30|AUC0.8|N150,30,N150,150.0,0.8,0.75,0.043815156562659885,0.91,0.02023610634484806,0.04263848136610677,auc
auc|nmin30|AUC0.8|N150,30,N150,150.0,0.8,1.0,0.07339082455810109,1.0,0.0,0.07357076579709455,auc
auc|nmin30|AUC0.8|N150,30,N150,150.0,0.8,1.5,0.13280504918858482,1.0,0.0,0.13684598360782352,auc
r2|nmin30|R20.1|realised,30,realised,,0.1,0.0,0.0,0.0,0.0,-0.02036260703674021,r2
r2|nmin30|R20.1|realised,30,realised,,0.1,0.1,0.008027750247770069,0.01,0.0099498743710662,-0.02112550457446191,r2
r2|nmin30|R20.1|realised,30,realised,,0.1,0.2,0.03127413127413127,0.04,0.019595917942265423,0.022273888938118182,r2
r2|nmin30|R20.1|realised,30,realised,,0.1,0.35,0.08937176311641519,0.28,0.0448998886412873,0.09830554538866103,r2
r2|nmin30|R20.1|realised,30,realised,,0.1,0.5,0.16530612244897958,0.73,0.044395945760846225,0.22094812616339177,r2
r2|nmin30|R20.1|realised,30,realised,,0.1,0.75,0.3024896265560166,0.99,0.009949874371066205,0.4434170531124121,r2
r2|nmin30|R20.1|realised,30,realised,,0.1,1.0,0.42631578947368415,1.0,0.0,0.5969734383803366,r2
r2|nmin30|R20.1|realised,30,realised,,0.1,1.5,0.6024793388429752,1.0,0.0,0.858665052312108,r2
r2|nmin30|R20.1|projected,30,projected,77.5,0.1,0.0,0.0,0.0,0.0,-0.011460805084158811,r2
r2|nmin30|R20.1|projected,30,projected,77.5,0.1,0.1,0.008027750247770069,0.01,0.0099498743710662,0.0005442611721319513,r2
r2|nmin30|R20.1|projected,30,projected,77.5,0.1,0.2,0.03127413127413127,0.06,0.023748684174075833,0.02400681966443237,r2
r2|nmin30|R20.1|projected,30,projected,77.5,0.1,0.35,0.08937176311641519,0.68,0.0466476151587624,0.09841295142163337,r2
r2|nmin30|R20.1|projected,30,projected,77.5,0.1,0.5,0.16530612244897958,0.97,0.017058722109231986,0.1930379799981884,r2
r2|nmin30|R20.1|projected,30,projected,77.5,0.1,0.75,0.3024896265560166,1.0,0.0,0.37080156420035804,r2
r2|nmin30|R20.1|projected,30,projected,77.5,0.1,1.0,0.42631578947368415,1.0,0.0,0.5116613488783831,r2
r2|nmin30|R20.1|projected,30,projected,77.5,0.1,1.5,0.6024793388429752,1.0,0.0,0.7386228364359776,r2
r2|nmin30|R20.1|N150,30,N150,150.0,0.1,0.0,0.0,0.0,0.0,-0.006233862055371485,r2
r2|nmin30|R20.1|N150,30,N150,150.0,0.1,0.1,0.008027750247770069,0.03,0.01705872210923198,0.0064163977087262816,r2
r2|nmin30|R20.1|N150,30,N150,150.0,0.1,0.2,0.03127413127413127,0.37,0.048280430818293245,0.03331431656075529,r2
r2|nmin30|R20.1|N150,30,N150,150.0,0.1,0.35,0.08937176311641519,0.98,0.014000000000000005,0.09859109390222684,r2
r2|nmin30|R20.1|N150,30,N150,150.0,0.1,0.5,0.16530612244897958,1.0,0.0,0.19156083199762278,r2
r2|nmin30|R20.1|N150,30,N150,150.0,0.1,0.75,0.3024896265560166,1.0,0.0,0.347914790818768,r2
r2|nmin30|R20.1|N150,30,N150,150.0,0.1,1.0,0.42631578947368415,1.0,0.0,0.4971910770284092,r2
r2|nmin30|R20.1|N150,30,N150,150.0,0.1,1.5,0.6024793388429752,1.0,0.0,0.7025925506146937,r2
r2|nmin30|R20.3|realised,30,realised,,0.3,0.0,0.0,0.0,0.0,-0.02199142770939001,r2
r2|nmin30|R20.3|realised,30,realised,,0.3,0.1,0.004865938430983152,0.0,0.0,-0.010351030624800561,r2
r2|nmin30|R20.3|realised,30,realised,,0.3,0.2,0.019066147859922167,0.06,0.023748684174075833,0.010988221246853105,r2
r2|nmin30|R20.3|realised,30,realised,,0.3,0.35,0.05528436564586692,0.32,0.0466476151587624,0.08687083571251115,r2
r2|nmin30|R20.3|realised,30,realised,,0.3,0.5,0.10425531914893615,0.67,0.04702127178203499,0.16182260243221255,r2
r2|nmin30|R20.3|realised,30,realised,,0.3,0.75,0.19775784753363224,0.99,0.009949874371066205,0.3529212280937233,r2
r2|nmin30|R20.3|realised,30,realised,,0.3,1.0,0.2882352941176469,1.0,0.0,0.5324819977922095,r2
r2|nmin30|R20.3|realised,30,realised,,0.3,1.5,0.4281553398058252,1.0,0.0,0.7881881689815035,r2
r2|nmin30|R20.3|projected,30,projected,77.5,0.3,0.0,0.0,0.0,0.0,-0.00824276422436115,r2
r2|nmin30|R20.3|projected,30,projected,77.5,0.3,0.1,0.004865938430983152,0.0,0.0,-0.0026813425395817423,r2
r2|nmin30|R20.3|projected,30,projected,77.5,0.3,0.2,0.019066147859922167,0.13,0.03363034344160047,0.024923806813297027,r2
r2|nmin30|R20.3|projected,30,projected,77.5,0.3,0.35,0.05528436564586692,0.64,0.048,0.0772371972527034,r2
r2|nmin30|R20.3|projected,30,projected,77.5,0.3,0.5,0.10425531914893615,0.98,0.014000000000000005,0.15408606005099054,r2
r2|nmin30|R20.3|projected,30,projected,77.5,0.3,0.75,0.19775784753363224,1.0,0.0,0.3039414698658302,r2
r2|nmin30|R20.3|projected,30,projected,77.5,0.3,1.0,0.2882352941176469,1.0,0.0,0.44980843238909585,r2
r2|nmin30|R20.3|projected,30,projected,77.5,0.3,1.5,0.4281553398058252,1.0,0.0,0.6770001549731502,r2
r2|nmin30|R20.3|N150,30,N150,150.0,0.3,0.0,0.0,0.0,0.0,-0.004148251077544117,r2
r2|nmin30|R20.3|N150,30,N150,150.0,0.3,0.1,0.004865938430983152,0.01,0.0099498743710662,0.003078984015555597,r2
r2|nmin30|R20.3|N150,30,N150,150.0,0.3,0.2,0.019066147859922167,0.34,0.04737087712930804,0.023358860107681432,r2
r2|nmin30|R20.3|N150,30,N150,150.0,0.3,0.35,0.05528436564586692,0.99,0.009949874371066205,0.07835736407692105,r2
r2|nmin30|R20.3|N150,30,N150,150.0,0.3,0.5,0.10425531914893615,1.0,0.0,0.1549475361735931,r2
r2|nmin30|R20.3|N150,30,N150,150.0,0.3,0.75,0.19775784753363224,1.0,0.0,0.2965171174814895,r2
r2|nmin30|R20.3|N150,30,N150,150.0,0.3,1.0,0.2882352941176469,1.0,0.0,0.4281320695177668,r2
r2|nmin30|R20.3|N150,30,N150,150.0,0.3,1.5,0.4281553398058252,1.0,0.0,0.6485615686830885,r2
