concept_id,t,age,F_band,fold,H,RS,n_active,w1_volume,mean_host_mom,growing_breadth,n_tested_or_labelled,H_share_SOURCE,RS_share_SOURCE,H_share_SINK,RS_share_SINK,H_share_FADING,RS_share_FADING,H_share_UNDETERMINED,RS_share_UNDETERMINED,H_share_ORIGIN,RS_share_ORIGIN,H_S,log_w1_volume,S_source_breadth,S_sink_share
c_9cceb3c510be,2015,4,2008-11,screen,0.9382365943823179,0.36309295379836454,6,75,1.1694148180638098,1,0,0.0,0.0,0.0,0.0,0.0,0.0,0.6209214608005829,0.5487330444235411,0.3790785391994172,0.45126695557645896,-0.0,4.31748811353631,-0.0,0.0
c_9cceb3c510be,2016,5,2008-11,screen,0.9558206399287956,0.3677534994245712,6,101,0.4415386827632721,1,1,0.3671274842266034,0.4568167372295817,0.0,0.0,0.0,0.0,0.2581176754968936,0.1017543544505871,0.37475484027650297,0.44142890831983106,0.6926484826961294,4.61512051684126,0.6926484826961294,0.0
c_9cceb3c510be,2017,6,2008-11,screen,0.898555389043858,0.36088388308801356,5,126,0.467943276593959,1,1,0.3857008644161129,0.46887395435646073,0.0,0.0,0.0,0.0,0.21494430853943808,0.08343460409767997,0.39935482704444886,0.4476914415458592,0.6918966592050799,4.836281906951478,0.6918966592050799,0.0
c_9cceb3c510be,2018,7,2008-11,screen,0.9173389436537714,0.3604117973557184,6,157,0.1829783427931293,1,1,0.37220319809525587,0.467806534446752,0.0,0.0,0.0,0.0,0.23273142156688179,0.0882388217000664,0.39506538033786237,0.4439546438531816,0.6893362020498699,5.056245805348308,0.6893362020498699,0.0
c_9cceb3c510be,2019,8,2008-11,screen,0.976625633510805,0.3609811957779081,9,177,0.0446902263662162,0,1,0.3419818572438877,0.46162411924251867,0.0,0.0,0.0,0.0,0.28282820408527065,0.10518797050330887,0.37518993867084166,0.4331879102541723,0.6826590174409723,5.176149732573829,0.6826590174409723,0.0
c_ce417b0a39d3,2019,4,2012-16,screen,1.3903580757507987,0.3710439774913855,24,291,1.2056412783578023,1,0,0.0,0.0,0.0,0.0,0.0,0.0,0.8026690549221613,0.5977135159507692,0.1973309450778387,0.40228648404923073,-0.0,5.673323267171493,-0.0,0.0
c_10899378a764,2012,4,2008-11,heldout_concept,0.9196914810597314,0.2582250773964602,14,279,1.0200198523850437,1,1,0.0,0.0,0.22370562520015516,0.19604820824486702,0.0,0.0,0.5696305897635359,0.3536146962469612,0.20666378503630908,0.4503370955081718,-0.0,5.631211781821365,-0.0,0.22370562520015516
c_10899378a764,2013,5,2008-11,heldout_concept,0.978189896829785,0.26283751832549346,16,467,0.566100895830335,2,1,0.0,0.0,0.2245123836572786,0.21304221877186658,0.0,0.0,0.5720354884686372,0.34191609853765165,0.20345212787408415,0.44504168269048183,-0.0,6.1463292576688975,-0.0,0.2245123836572786
c_10899378a764,2014,6,2008-11,heldout_concept,1.0395445471737699,0.2771568841238512,22,739,0.8419602326407887,5,1,0.0,0.0,0.2019155849011927,0.18896521036273756,0.0,0.0,0.602542087199818,0.3702547064343129,0.19554232789898912,0.44078008320294954,-0.0,6.6052979209482015,-0.0,0.2019155849011927
c_10899378a764,2015,7,2008-11,heldout_concept,1.0904720995779589,0.2893683768630804,27,1100,0.9002797200614759,6,1,0.0,0.0,0.19030746008431668,0.17753495842128234,0.0,0.0,0.6154130190492239,0.38576582959622463,0.19427952086645917,0.43669921198249323,-0.0,7.003065458786462,-0.0,0.19030746008431668
c_10899378a764,2016,8,2008-11,heldout_concept,1.2265409118593547,0.32483275959407587,36,1587,0.7151482096793668,6,4,0.3758064593410633,0.30253905796350666,0.0,0.0,0.0,0.0,0.43148038614091455,0.272737591060427,0.19271315451802246,0.4247233509760663,0.659753966926204,7.369600720526409,0.659753966926204,0.0
c_1e0ff7706e23,2016,5,2008-11,heldout_concept,1.7125125405677368,0.3847982221264898,12,90,0.4245286842056278,1,1,0.0,0.0,0.19828585945947133,0.2043719819547165,0.0,0.0,0.5912552849750131,0.48762628699892885,0.21045885556551558,0.3080017310463546,-0.0,4.499809670330265,-0.0,0.19828585945947133
c_1e0ff7706e23,2017,6,2008-11,heldout_concept,1.6568519259627807,0.35220719529698724,13,101,0.2856931742080924,1,1,0.0,0.0,0.20336434288309135,0.20911812941054356,0.0,0.0,0.5832515288976801,0.4657931725173424,0.2133841282192285,0.325088698072114,-0.0,4.61512051684126,-0.0,0.20336434288309135
c_1e0ff7706e23,2018,7,2008-11,heldout_concept,1.746547019596598,0.37447391039950184,14,114,-0.0705083096969719,0,1,0.0,0.0,0.18490718881823975,0.18431520965012355,0.0,0.0,0.6124394270738465,0.49760235496705485,0.2026533841079139,0.318082435382822,-0.0,4.736198448394496,-0.0,0.18490718881823975
c_1e0ff7706e23,2019,8,2008-11,heldout_concept,1.821426309489497,0.3821279251418448,16,126,-0.0718500987695113,0,1,0.0,0.0,0.17044952275540065,0.16807702633665306,0.0,0.0,0.635579688720521,0.5154392627450333,0.1939707885240783,0.31648371091831373,-0.0,4.836281906951478,-0.0,0.17044952275540065
c_2cfdd88c29c0,2013,6,2005-07,heldout_concept,1.3765357532129763,0.42453607973372015,14,159,0.27618208776786013,1,1,0.0,0.0,0.0,0.0,0.22217650890595378,0.24878906090120806,0.5542762861171149,0.3764992702000128,0.22354720497693165,0.37471166889877916,-0.0,5.0689042022202315,-0.0,0.0
c_2cfdd88c29c0,2014,7,2005-07,heldout_concept,1.4231035718143106,0.43534331957958317,17,179,-0.3229262931976988,0,1,0.0,0.0,0.0,0.0,0.2103579769869922,0.23550075839031295,0.5773899995591195,0.3868094044995828,0.21225202345388786,0.3776898371101043,-0.0,5.187385805840755,-0.0,0.0
c_2cfdd88c29c0,2015,8,2005-07,heldout_concept,1.4911445825962926,0.4447999521366219,20,196,-0.2076060308820812,0,1,0.0,0.0,0.0,0.0,0.19843721120811464,0.22615779170194844,0.5966909098849292,0.40093661922404905,0.20487187890695632,0.3729055890740026,-0.0,5.278114659230517,-0.0,0.0
c_3ece93670063,2017,3,2012-16,heldout_concept,2.05604573089961,0.6202259680963917,17,76,1.2350608009237851,1,0,0.0,0.0,0.0,0.0,0.0,0.0,0.825462107710877,0.7341274029364522,0.17453789228912314,0.2658725970635477,-0.0,4.330733340286331,-0.0,0.0
c_3ece93670063,2018,4,2012-16,heldout_concept,2.0771841722997926,0.658152373803549,20,133,0.5981530080418885,1,0,0.0,0.0,0.0,0.0,0.0,0.0,0.8253569106163346,0.7249984601779071,0.17464308938366546,0.27500153982209286,-0.0,4.890349128221754,-0.0,0.0
c_3ece93670063,2019,5,2012-16,heldout_concept,2.231570026478901,0.646437709938391,23,191,0.6629782142872493,1,1,0.16119850181824733,0.2674969627525677,0.0,0.0,0.0,0.0,0.6776029963635052,0.46391733112951844,0.16119850181824733,0.2685857061179139,0.6931471805599453,5.25227342804663,0.6931471805599453,0.0
c_62af526ae811,2013,6,2005-07,screen,1.594368294623517,0.37758193206771024,37,577,1.1169986369216498,5,0,0.0,0.0,0.0,0.0,0.0,0.0,0.8319750900419813,0.5895468283770955,0.16802490995801875,0.4104531716229044,-0.0,6.3578422665081,-0.0,0.0
c_62af526ae811,2014,7,2005-07,screen,1.6708961000056766,0.39275145528269617,40,777,0.7692252926331591,5,2,0.10565533230063787,0.09981073494270694,0.0,0.0,0.06428264584472121,0.03211937566156293,0.6620224279929606,0.46494484676553144,0.16803959386167985,0.4031250426301988,0.3031221066401049,6.655440350367647,0.3031221066401049,0.0
c_62af526ae811,2015,8,2005-07,screen,1.8234653997059396,0.42839478820671273,43,966,0.4716144946270094,4,2,0.0,0.0,0.05186425312184964,0.05161680874524737,0.05628650928203011,0.028110258028899843,0.7247150878136303,0.5318759319203159,0.1671341497824901,0.3883970013055368,-0.0,6.873163834212518,-0.0,0.05186425312184964
c_55c5e5df6bab,2016,8,2008-11,screen,0.44514226353413777,0.07616618989852231,11,618,0.2785490641079605,1,0,0.0,0.0,0.0,0.0,0.0,0.0,0.809244028007502,0.51959456715353,0.19075597199249805,0.4804054328464701,-0.0,6.42648845745769,-0.0,0.0
c_e3cf4e8c060a,2019,4,2012-16,heldout_concept,0.6264214500936723,0.11764668864704342,32,1482,2.0712641310404574,2,0,0.0,0.0,0.0,0.0,0.0,0.0,0.8325497433292923,0.5289114324307984,0.16745025667070743,0.4710885675692014,-0.0,7.301147805856032,-0.0,0.0
c_43521ace85c3,2013,4,2008-11,screen,1.0326063147927722,0.33412139065854246,17,266,1.1165742801992447,1,0,0.0,0.0,0.0,0.0,0.0,0.0,0.8002392624788145,0.5559171967481688,0.19976073752118573,0.4440828032518313,-0.0,5.583496308781699,-0.0,0.0
c_43521ace85c3,2014,5,2008-11,screen,1.0539534038557234,0.34568208900361597,18,416,0.6261064628450802,1,1,0.0,0.0,0.20093298986749472,0.1714134131806364,0.0,0.0,0.5976144870023247,0.38774512317098525,0.2014525231301806,0.4408414636483785,-0.0,6.030685260261263,-0.0,0.20093298986749472
c_43521ace85c3,2015,6,2008-11,screen,1.1134307887528228,0.35728142629939164,22,574,0.6361160963384996,3,2,0.0,0.0,0.31472424637923746,0.2778416197407519,0.0,0.0,0.48761631732838806,0.28480488812736743,0.19765943629237442,0.4373534921318804,-0.0,6.352629396319567,-0.0,0.31472424637923746
c_43521ace85c3,2016,7,2008-11,screen,1.1132971713913522,0.362738307535136,25,752,0.31538927402161177,2,1,0.0,0.0,0.16189172391475248,0.12890471524357172,0.0,0.0,0.6417612225319153,0.43353321787844634,0.19634705355333257,0.4375620668779818,-0.0,6.62273632394984,-0.0,0.16189172391475248
c_43521ace85c3,2017,8,2008-11,screen,1.140713215391699,0.36732951424316895,31,1014,0.2220546974225465,2,1,0.1385754326544214,0.10528574898042484,0.0,0.0,0.0,0.0,0.6670850638477864,0.45706638034207675,0.1943395034977921,0.4376478706774984,0.2488366288671415,6.921658184151129,0.2488366288671415,0.0
c_3b21300dbb0b,2017,4,2012-16,screen,1.3945940365345368,0.35652649569490774,47,1030,1.4151639060229888,5,0,0.0,0.0,0.0,0.0,0.0,0.0,0.8264147228916654,0.5736874234468085,0.17358527710833466,0.4263125765531918,-0.0,6.937314081223682,-0.0,0.0
c_3b21300dbb0b,2018,5,2012-16,screen,1.4988028149948283,0.3853130859733274,62,2218,1.4999861472133047,9,0,0.0,0.0,0.0,0.0,0.0,0.0,0.826094441727943,0.5807053923218876,0.1739055582720568,0.41929460767811266,-0.0,7.704361167910313,-0.0,0.0
c_3b21300dbb0b,2019,6,2012-16,screen,1.5072029054880036,0.37924275397626134,72,3554,1.4494106987761042,14,1,0.13397059177714937,0.17653062948518503,0.0,0.0,0.0,0.0,0.6942567816480193,0.4033027193180255,0.17177262657483167,0.42016665119678936,0.33466986242712193,8.175829008714597,0.33466986242712193,0.0
c_2425e0543e8f,2018,4,2012-16,screen,1.236471496619453,0.2916666666666667,8,44,1.8448661816744003,1,0,0.0,0.0,0.0,0.0,0.0,0.0,0.7028458331217154,0.6688311688311688,0.29715416687828455,0.3311688311688311,-0.0,3.784189633918261,-0.0,0.0
c_2425e0543e8f,2019,5,2012-16,screen,1.2910006637563969,0.2890625,9,48,-0.0027158037510489,0,0,0.0,0.0,0.0,0.0,0.0,0.0,0.7174450402661017,0.6596596596596597,0.2825549597338985,0.34034034034034033,-0.0,3.871201010907891,-0.0,0.0
c_63ea2a7e38bb,2014,5,2008-11,screen,1.1591855658208534,0.24905354245538128,5,86,-0.5325091513075615,0,0,0.0,0.0,0.0,0.0,0.0,0.0,0.7151429690103045,0.6172638436482084,0.28485703098969545,0.38273615635179153,-0.0,4.454347296253507,-0.0,0.0
c_63ea2a7e38bb,2015,6,2008-11,screen,1.1596838928629911,0.24449035812672176,5,88,-0.32992028962722475,0,1,0.0,0.0,0.3082886024321025,0.29929577464788737,0.0,0.0,0.3993120732666952,0.32007042253521123,0.29239932430120225,0.38063380281690146,-0.0,4.477336814478207,-0.0,0.3082886024321025
c_35914ea8d7b8,2013,4,2008-11,screen,0.9091336759808888,0.2836217320362781,8,114,1.3771526858424754,1,1,0.34921844063642277,0.36607497515380255,0.0,0.0,0.0,0.0,0.39010063025422687,0.18157645129893454,0.2606809291093503,0.452348573547263,0.515987896741837,4.736198448394496,0.515987896741837,0.0
c_35914ea8d7b8,2014,5,2008-11,screen,0.9321580914196694,0.27447259065225,11,189,0.983902981864768,1,1,0.3269020049764124,0.35004565344561844,0.0,0.0,0.0,0.0,0.4267556068400236,0.19954595330966962,0.2463423881835642,0.45040839324471194,0.4905187724085774,5.241747015059643,0.4905187724085774,0.0
c_35914ea8d7b8,2015,6,2008-11,screen,0.9143987301570426,0.2562660825228116,12,283,0.7076988666853168,1,1,0.3096384700176668,0.3274200511498651,0.0,0.0,0.0,0.0,0.45371390257094985,0.22153284267285012,0.23664762741138315,0.4510471061772846,0.4484428725367723,5.645446897643238,0.4484428725367723,0.0
c_35914ea8d7b8,2016,7,2008-11,screen,0.8878566377497799,0.24297895291492225,13,389,0.4344824318864969,2,1,0.30001902166272754,0.3102441368268087,0.0,0.0,0.0,0.0,0.47004973801897687,0.2358806851802234,0.22993124031829576,0.45387517799296784,0.4159402137567218,5.963579343618446,0.4159402137567218,0.0
c_35914ea8d7b8,2017,8,2008-11,screen,0.9481926682267755,0.2503657635212233,15,476,0.30069488063801836,3,1,0.2680351245944338,0.27866862914072366,0.0,0.0,0.0,0.0,0.5091770861717412,0.27498207367790445,0.22278778923382456,0.44634929718137184,0.39891026595077894,6.16541785423142,0.39891026595077894,0.0
c_ed80891593f2,2012,5,2005-07,heldout_concept,2.252536337628645,0.6525891767866231,30,208,1.5906950274532408,4,0,0.0,0.0,0.0,0.0,0.0,0.0,0.8366858921060382,0.7299200798740088,0.16331410789396128,0.2700799201259909,-0.0,5.337538079701318,-0.0,0.0
c_ed80891593f2,2013,6,2005-07,heldout_concept,2.352205735361111,0.6601011332633451,36,292,0.9546112040561902,3,3,0.22725661620209395,0.28273422001256443,0.09155657183991017,0.09430878509890477,0.0,0.0,0.5249917382518517,0.3638017349097459,0.15619507370614402,0.25915525997878464,0.971920990774952,5.676753802268282,0.971920990774952,0.09155657183991017
c_ed80891593f2,2014,7,2005-07,heldout_concept,2.528931276686292,0.6903252972119908,49,388,0.4757606049701063,3,2,0.12690703060912875,0.18892512225433525,0.08137643729869995,0.08596689340480389,0.0,0.0,0.6483815256798915,0.4915149494908561,0.14333500641228006,0.2335930348500045,0.6700089798274271,5.961005339623274,0.6700089798274271,0.08137643729869995
c_ed80891593f2,2015,8,2005-07,heldout_concept,2.6278427236250343,0.6960630758941658,54,487,0.37613612370394833,4,2,0.11535416305378228,0.16671740271879648,0.07928238214438968,0.08592295890940999,0.0,0.0,0.6680939771822629,0.5186990784365958,0.13726947761956462,0.2286605599351977,0.6572372710048002,6.18826412308259,0.6572372710048002,0.07928238214438968
c_21960ecc2d0a,2011,4,2005-07,screen,0.8438234476516419,0.2834159779614325,7,110,1.1816825234742665,1,1,0.0,0.0,0.0,0.0,0.3936437064837878,0.39657853810264376,0.32461307701877673,0.13501166407465004,0.2817432164974355,0.46840979782270614,-0.0,4.700480365792417,-0.0,0.0
c_21960ecc2d0a,2012,5,2005-07,screen,0.898865745408511,0.29625048472857596,9,145,0.3676754949602872,1,0,0.0,0.0,0.0,0.0,0.0,0.0,0.7247134843211605,0.5360162520852655,0.2752865156788397,0.46398374791473457,-0.0,4.976733742420574,-0.0,0.0
c_21960ecc2d0a,2013,6,2005-07,screen,0.9356312808493032,0.29461767971978153,12,175,0.2729907257848477,1,0,0.0,0.0,0.0,0.0,0.0,0.0,0.7391002355866135,0.5373134212849795,0.2608997644133864,0.46268657871502067,-0.0,5.1647859739235145,-0.0,0.0
c_21960ecc2d0a,2014,7,2005-07,screen,0.9564001450718155,0.30836142397645294,13,191,0.1508708299464919,0,0,0.0,0.0,0.0,0.0,0.0,0.0,0.7330180622632247,0.5384615292200321,0.26698193773677525,0.4615384707799675,-0.0,5.25227342804663,-0.0,0.0
c_21960ecc2d0a,2015,8,2005-07,screen,0.9806286310970709,0.31946063850882406,12,205,0.0222413246745717,0,1,0.0,0.0,0.0,0.0,0.35293638116624193,0.3849438871784686,0.37538936259767747,0.15592412354752216,0.2716742562360808,0.45913198927400933,-0.0,5.3230099791384085,-0.0,0.0
c_1f1d4e62775b,2014,7,2005-07,screen,2.358068400170648,0.5472916666666666,18,80,1.440533567663243,1,0,0.0,0.0,0.0,0.0,0.0,0.0,0.889769867281556,0.879139703083365,0.11023013271844401,0.12086029691663493,-0.0,4.382026634673881,-0.0,0.0
c_1f1d4e62775b,2015,8,2005-07,screen,2.2795213355491337,0.5367865195205884,19,106,0.6129440066113326,2,0,0.0,0.0,0.0,0.0,0.0,0.0,0.9022943667585727,0.9027301868022549,0.09770563324142716,0.09726981319774512,-0.0,4.663439094112067,-0.0,0.0
c_59fffeba892f,2014,8,2005-07,screen,1.294292653952502,0.34919906700518655,15,222,0.7459913335367363,0,0,0.0,0.0,0.0,0.0,0.0,0.0,0.787061223224445,0.5843096792021406,0.21293877677555523,0.4156903207978594,-0.0,5.402677381872279,-0.0,0.0
c_5382c59edd3c,2015,4,2008-11,heldout_concept,2.0806458786794106,0.5247474362234017,27,233,1.1986327830309127,3,1,0.0,0.0,0.0,0.0,0.15520492177716422,0.18218945840880355,0.6692094036597914,0.5266518191343075,0.1755856745630443,0.291158722456889,-0.0,5.4510384535657,-0.0,0.0
c_5382c59edd3c,2016,5,2008-11,heldout_concept,2.302006633724539,0.5469407685043839,38,325,0.3795114355986184,2,1,0.0,0.0,0.0,0.0,0.09366991815720561,0.07362450724975372,0.7465334547900898,0.6564474962953565,0.1597966270527041,0.2699279964548902,-0.0,5.783825182329737,-0.0,0.0
c_5382c59edd3c,2017,6,2008-11,heldout_concept,2.451030081432384,0.5658813219786162,45,407,0.7251874626344819,3,0,0.0,0.0,0.0,0.0,0.0,0.0,0.8500194501853289,0.7402813968460372,0.14998054981467115,0.2597186031539628,-0.0,6.008813185442595,-0.0,0.0
c_5382c59edd3c,2018,7,2008-11,heldout_concept,2.591563953695456,0.5908238382756844,50,475,0.5243060220125967,2,1,0.06586922775603987,0.06475644116606323,0.0,0.0,0.0,0.0,0.7928515439668506,0.687563041668594,0.14127922827710943,0.24768051716534287,0.431420946865985,6.163314804034641,0.431420946865985,0.0
c_5382c59edd3c,2019,8,2008-11,heldout_concept,2.683140576856734,0.6044742686102453,54,499,0.39431480238791616,2,3,0.12970120437258076,0.12921218774434354,0.11618246688695522,0.15839444171308995,0.0,0.0,0.6193071587599608,0.48082589465467135,0.1348091699805035,0.23156747588789542,0.8082743150401284,6.212606095751519,0.8082743150401284,0.11618246688695522
c_ef7889a4d23e,2014,6,2008-11,screen,0.47475939733943806,0.09675521476812696,19,667,0.7755758776363099,0,1,0.0,0.0,0.24457367239191435,0.22797669035813625,0.0,0.0,0.586223676377351,0.2894157970166009,0.1692026512307347,0.48260751262526275,-0.0,6.502790045915623,-0.0,0.24457367239191435
c_ef7889a4d23e,2015,7,2008-11,screen,0.545109004922493,0.11488359624753691,21,803,0.9731047527094656,1,1,0.0,0.0,0.2304779527197731,0.21398156944518612,0.0,0.0,0.5982266729091772,0.3071176623864182,0.17129537437104975,0.47890076816839566,-0.0,6.688354713946762,-0.0,0.2304779527197731
c_ef7889a4d23e,2016,8,2008-11,screen,0.5547262591504014,0.12072997798742884,20,876,0.1538418562196906,0,1,0.0,0.0,0.23646221649531937,0.21617912414954318,0.0,0.0,0.5900236730458874,0.30528241493647795,0.17351411045879367,0.4785384609139789,-0.0,6.775366090936392,-0.0,0.23646221649531937
c_de3171466662,2012,5,2005-07,screen,2.376265959250796,0.5133518576026547,33,236,0.7897968883394347,2,0,0.0,0.0,0.0,0.0,0.0,0.0,0.8458525197319814,0.741940930031061,0.1541474802680185,0.258059069968939,-0.0,5.4638318050256105,-0.0,0.0
c_de3171466662,2013,6,2005-07,screen,2.436436746918097,0.5354471456296046,40,365,1.0642094420805452,5,1,0.0937700191416899,0.09284041163955697,0.0,0.0,0.0,0.0,0.7561155152433474,0.642586130359231,0.15011446561496258,0.26457345800121207,0.4928170068605228,5.8998973535824915,0.4928170068605228,0.0
c_de3171466662,2014,7,2005-07,screen,2.3432973431178823,0.5236551562651192,44,498,0.5628173919716315,5,3,0.0,0.0,0.23109779057883248,0.270743120782605,0.0,0.0,0.6142875187183887,0.45149915028620446,0.15461469070277853,0.27775772893119066,-0.0,6.210600077024653,-0.0,0.23109779057883248
c_de3171466662,2015,8,2005-07,screen,2.374820346428284,0.521707901766668,50,614,0.16871189282430266,4,3,0.0,0.0,0.22429053465926105,0.26338156642231947,0.0,0.0,0.6238306984906435,0.4526538323781236,0.1518787668500957,0.2839646011995569,-0.0,6.419994928147142,-0.0,0.22429053465926105
c_f9068dcb74a4,2019,4,2012-16,heldout_concept,1.5400723587877136,0.36827327086196715,20,196,1.2469582865076454,1,0,0.0,0.0,0.0,0.0,0.0,0.0,0.8066575811517002,0.6172465401905717,0.19334241884829972,0.38275345980942843,-0.0,5.278114659230517,-0.0,0.0
c_8ee79d97b600,2015,5,2008-11,heldout_concept,2.246087263986746,0.6948568136666466,24,118,0.4070983502994996,1,0,0.0,0.0,0.0,0.0,0.0,0.0,0.8363005243916498,0.7265168932975651,0.1636994756083501,0.273483106702435,-0.0,4.770684624465665,-0.0,0.0
c_8ee79d97b600,2016,6,2008-11,heldout_concept,2.347812911671473,0.7110628989631693,28,149,0.27202293291440105,1,0,0.0,0.0,0.0,0.0,0.0,0.0,0.8445739717286646,0.7466158555253783,0.15542602827133548,0.25338414447462154,-0.0,5.003946305945459,-0.0,0.0
c_8ee79d97b600,2017,7,2008-11,heldout_concept,2.4321789442035957,0.7443443861740598,30,190,0.29875698582491517,1,0,0.0,0.0,0.0,0.0,0.0,0.0,0.8510720262464049,0.7575313912617307,0.14892797375359496,0.24246860873826942,-0.0,5.247024072160486,-0.0,0.0
c_8ee79d97b600,2018,8,2008-11,heldout_concept,2.550025683287579,0.7515304279399246,35,225,0.34619237115983187,1,2,0.0,0.0,0.20827726846433023,0.27724633510744456,0.0,0.0,0.6514855236720659,0.49454006415956386,0.14023720786360372,0.22821360073299143,-0.0,5.41610040220442,-0.0,0.20827726846433023
c_a9f2f1d2a57f,2014,4,2008-11,heldout_concept,1.1276699578808231,0.29269909774117925,15,287,1.5050875680325402,2,0,0.0,0.0,0.0,0.0,0.0,0.0,0.7973105152652066,0.5586771127456783,0.20268948473479326,0.4413228872543219,-0.0,5.659482215759621,-0.0,0.0
c_a9f2f1d2a57f,2015,5,2008-11,heldout_concept,1.2673188591563536,0.3256393747868306,17,411,1.307303010858198,3,1,0.0,0.0,0.17102985291212133,0.16658992286753513,0.0,0.0,0.6262308785846632,0.4029644043286519,0.20273926850321566,0.4304456728038131,-0.0,6.018593214496234,-0.0,0.17102985291212133
c_a9f2f1d2a57f,2016,6,2008-11,heldout_concept,1.411322828015137,0.3592583284853732,22,546,1.060798448027909,5,2,0.12017104595547734,0.097674471892942,0.1621323147403071,0.164872939937441,0.0,0.0,0.5178980175164919,0.32106235870968547,0.19979862178772406,0.41639022945993165,0.2919825155118578,6.302618975744905,0.2919825155118578,0.1621323147403071
c_a9f2f1d2a57f,2017,7,2008-11,heldout_concept,1.528326591520273,0.38364143938398493,25,689,0.6953885651345076,5,3,0.11327810209785319,0.09373353732385126,0.22974401419475107,0.21386315406124207,0.0,0.0,0.4609994506171389,0.2882690567192884,0.195978433090257,0.40413425189561825,0.30776924633294467,6.535241271013659,0.30776924633294467,0.22974401419475107
c_a9f2f1d2a57f,2018,8,2008-11,heldout_concept,1.581889873261427,0.3964804280535087,28,808,0.36249000191283093,3,3,0.24658147842388145,0.21873858073333222,0.08083641305146219,0.058678882557879695,0.0,0.0,0.47663694922694694,0.3253400874547235,0.19594515929770956,0.3972424492540645,0.6453699852094934,6.694562058521095,0.6453699852094934,0.08083641305146219
c_1d198d662026,2012,6,2005-07,heldout_concept,0.9386185938245463,0.2561088020451227,14,175,0.1586740028705454,1,1,0.0,0.0,0.0,0.0,0.27774773178125844,0.28516791700339383,0.5089661133099017,0.2615808408444164,0.21328615490883976,0.4532512421521899,-0.0,5.1647859739235145,-0.0,0.0
c_1d198d662026,2013,7,2005-07,heldout_concept,1.060701802875054,0.2792716096609997,17,215,0.1265919689323877,0,1,0.0,0.0,0.0,0.0,0.24085009848649455,0.2524272465838026,0.5549559154588256,0.30275235888886853,0.20419398605467995,0.444820394527329,-0.0,5.3706380281276624,-0.0,0.0
c_1d198d662026,2014,8,2005-07,heldout_concept,1.2004261000237908,0.3048315267531437,18,243,0.1619734742438866,1,1,0.0,0.0,0.0,0.0,0.2188225103471855,0.24168522783931976,0.5796709073701003,0.3258146958303367,0.20150658228271434,0.4325000763303435,-0.0,5.493061443340548,-0.0,0.0
c_15655b81c9fd,2012,6,2005-07,heldout_concept,0.4826782452724147,0.1385658914728682,7,344,0.2505413853075371,0,0,0.0,0.0,0.0,0.0,0.0,0.0,0.7631624336737552,0.5150024394210441,0.23683756632624464,0.4849975605789558,-0.0,5.840641657373398,-0.0,0.0
c_15655b81c9fd,2013,7,2005-07,heldout_concept,0.5597926015415645,0.1655872697618871,9,419,0.4183504810068628,1,0,0.0,0.0,0.0,0.0,0.0,0.0,0.7526926427422919,0.5183231665367152,0.24730735725770814,0.4816768334632849,-0.0,6.037870919922137,-0.0,0.0
c_15655b81c9fd,2014,8,2005-07,heldout_concept,0.6802802554296925,0.19339277159074553,14,518,0.8469423022314817,2,1,0.38285725054281283,0.3787037730050608,0.0,0.0,0.0,0.0,0.3784789583121916,0.14900049448375063,0.23866379114499583,0.4722957325111884,0.3913991271534609,6.249975242259483,0.3913991271534609,0.0
c_8856d927d560,2018,3,2012-16,heldout_concept,0.8659187633730245,0.2601134215500945,5,115,0.9103505153690872,1,0,0.0,0.0,0.0,0.0,0.0,0.0,0.7282042837608024,0.5496124031007751,0.2717957162391977,0.4503875968992248,-0.0,4.74493212836325,-0.0,0.0
c_8856d927d560,2019,4,2012-16,heldout_concept,0.826634840995615,0.23904761904761904,5,140,0.5630895101898757,0,0,0.0,0.0,0.0,0.0,0.0,0.0,0.7328742916674473,0.5486624928856004,0.26712570833255256,0.45133750711439957,-0.0,4.941642422609304,-0.0,0.0
c_4cdee4852bd9,2016,4,2012-16,screen,0.5807609520255498,0.2550664181380059,10,588,1.4664900931924651,1,0,0.0,0.0,0.0,0.0,0.0,0.0,0.7383869729331513,0.5114226079128223,0.2616130270668484,0.4885773920871776,-0.0,6.376726947898627,-0.0,0.0
c_4cdee4852bd9,2017,5,2012-16,screen,0.669479641842831,0.276562792824753,15,930,1.0791203866313268,1,1,0.4199442532088003,0.43220647178633553,0.0,0.0,0.0,0.0,0.32853594982890005,0.08441247424596553,0.25151979696230015,0.48338105396769904,0.4269635038223524,6.835184586147301,0.4269635038223524,0.0
c_4cdee4852bd9,2018,6,2012-16,screen,0.7442342920368072,0.3128000565353983,19,1280,0.6700441146864348,1,1,0.40588492519196573,0.43311235037617246,0.0,0.0,0.0,0.0,0.33656030294740263,0.08628225511998823,0.25755477186063186,0.48060539450383943,0.47042342903460843,7.154615356913663,0.47042342903460843,0.0
c_4cdee4852bd9,2019,7,2012-16,screen,0.7968143631301288,0.3248359033010364,21,1529,0.8527768532152128,2,1,0.3830577575131363,0.42421883396753357,0.0,0.0,0.0,0.0,0.3653863552844222,0.09865711824313576,0.2515558872024412,0.4771240477893307,0.4792035445233499,7.332369205929062,0.4792035445233499,0.0
c_1bd834da7f00,2013,7,2005-07,screen,1.2134393791923128,0.2936251477680288,25,406,1.2948311556037226,4,0,0.0,0.0,0.0,0.0,0.0,0.0,0.8157514898751522,0.5681817723010494,0.18424851012484758,0.4318182276989507,-0.0,6.0063531596017325,-0.0,0.0
c_1bd834da7f00,2014,8,2005-07,screen,1.3699655141602207,0.3357582034501921,28,521,0.5758983607265058,3,0,0.0,0.0,0.0,0.0,0.0,0.0,0.8066193376287742,0.5841642226664522,0.19338066237122573,0.41583577733354804,-0.0,6.255750041753367,-0.0,0.0
c_3fd8640bd802,2019,7,2012-16,screen,1.4688555327011872,0.35453542234028157,25,191,0.908875331983376,0,0,0.0,0.0,0.0,0.0,0.0,0.0,0.8131717382352774,0.5972518356338995,0.18682826176472245,0.4027481643661004,-0.0,5.25227342804663,-0.0,0.0
c_8d94ed006e2f,2014,4,2008-11,screen,1.07546482920791,0.3823036007015304,8,81,1.2399910124105638,1,0,0.0,0.0,0.0,0.0,0.0,0.0,0.6760196407223222,0.5590042492914948,0.3239803592776779,0.44099575070850533,-0.0,4.394449154672439,-0.0,0.0
c_8d94ed006e2f,2015,5,2008-11,screen,1.1442501307333552,0.3970044423915123,9,98,0.341032841329755,1,0,0.0,0.0,0.0,0.0,0.0,0.0,0.6876688634033895,0.5752721600397818,0.3123311365966104,0.4247278399602182,-0.0,4.584967478670572,-0.0,0.0
c_8d94ed006e2f,2016,6,2008-11,screen,1.178113185866514,0.40425383026169304,9,110,0.2126168740267954,0,0,0.0,0.0,0.0,0.0,0.0,0.0,0.690532955815389,0.592610171447702,0.30946704418461096,0.407389828552298,-0.0,4.700480365792417,-0.0,0.0
c_8d94ed006e2f,2017,7,2008-11,screen,1.0955059909977887,0.389032878543368,8,143,0.0746072415242509,0,0,0.0,0.0,0.0,0.0,0.0,0.0,0.6692524609722116,0.576552417665298,0.3307475390277886,0.4234475823347021,-0.0,4.962844630259907,-0.0,0.0
c_8d94ed006e2f,2018,8,2008-11,screen,1.0974966019157362,0.38937479753806287,8,147,0.0600650071995686,0,0,0.0,0.0,0.0,0.0,0.0,0.0,0.6701263973672387,0.5765787180096663,0.3298736026327613,0.4234212819903335,-0.0,4.990432586778736,-0.0,0.0
c_1b82dec9c84d,2019,6,2012-16,screen,1.2563164903850674,0.3703466324841105,5,79,0.4820787136575012,0,1,0.0,0.0,0.2880981747055157,0.3807326218632824,0.0,0.0,0.4197147071701443,0.29737525237957885,0.29218711812433995,0.3218921257571387,-0.0,4.3694478524670215,-0.0,0.2880981747055157
c_7afec8c4aadb,2017,4,2012-16,screen,2.159165324433937,0.5155248775000446,28,216,1.433539325049867,2,1,0.15010924474830115,0.1548845179266171,0.0,0.0,0.0,0.0,0.6795929953090335,0.5852401069940304,0.17029775994266505,0.25987537507935254,0.6554817739013927,5.375278407684165,0.6554817739013927,0.0
c_7afec8c4aadb,2018,5,2012-16,screen,2.523698931240732,0.6036657869706172,40,357,1.2080797809004094,6,2,0.22439405151192135,0.24299260492129596,0.0,0.0,0.0,0.0,0.6316808632307008,0.5274771391190338,0.14392508525737774,0.22953025595967025,1.0313827718520994,5.877735781779639,1.0313827718520994,0.0
c_7afec8c4aadb,2019,6,2012-16,screen,2.883434292412673,0.6587035540699777,61,543,1.2119935337722711,6,2,0.1767659807775431,0.19936254348809643,0.0,0.0,0.0,0.0,0.7011608005704792,0.5968356172612195,0.12207321865197782,0.2038018392506841,1.0210944147684944,6.297109319933935,1.0210944147684944,0.0
c_9a6442305923,2014,8,2005-07,heldout_concept,1.0558110115736583,0.35751504776738774,10,95,0.2194707409483251,0,0,0.0,0.0,0.0,0.0,0.0,0.0,0.7420116795773207,0.5639336638223279,0.2579883204226792,0.43606633617767215,-0.0,4.553876891600541,-0.0,0.0
c_457b5eab7f19,2013,4,2008-11,heldout_concept,1.7761535619214666,0.42859757589929726,27,517,1.7323188982365483,6,0,0.0,0.0,0.0,0.0,0.0,0.0,0.8076705868374505,0.8174746305211351,0.1923294131625493,0.18252536947886475,-0.0,6.248042874508429,-0.0,0.0
c_457b5eab7f19,2014,5,2008-11,heldout_concept,1.7007075524985522,0.4119517638928519,34,866,1.1105672432457725,5,3,0.2647249030235203,0.3924543497130134,0.07320920677276054,0.06458934396025967,0.0,0.0,0.4712547175209685,0.3766196313316735,0.19081117268275077,0.16633667499505347,0.7448033892980109,6.763884908562435,0.7448033892980109,0.07320920677276054
c_457b5eab7f19,2015,6,2008-11,heldout_concept,1.6572732027169699,0.3971828245146929,38,1296,0.8140430267346993,5,3,0.25462715887873305,0.391107699515821,0.07258215414163208,0.06371889897814728,0.0,0.0,0.47586793166804103,0.3743386922608722,0.19692275531159426,0.17083470924515945,0.7105680799998196,7.16703787691222,0.7105680799998196,0.07258215414163208
c_457b5eab7f19,2016,7,2008-11,heldout_concept,1.6122654147729203,0.38805691605636256,41,1714,0.20911408117797237,5,3,0.3126628367080611,0.5136801042553338,0.07363273416949488,0.06441005952371412,0.0,0.0,0.4140110917561506,0.2545265311912815,0.1996933373662934,0.1673833050296705,0.8089347389178443,7.446585099157725,0.8089347389178443,0.07363273416949488
c_457b5eab7f19,2017,8,2008-11,heldout_concept,1.6025180229243832,0.3811732734512426,45,2033,0.1002351501578044,3,4,0.29727589441716823,0.46253701275705694,0.06943771559772295,0.06003265129967174,0.038822974880674085,0.01484680562351356,0.39543066119232595,0.29693828913750353,0.19903275391210914,0.16564524118225435,0.7711875704897205,7.617267813628347,0.7711875704897205,0.06943771559772295
c_8cebebdabedf,2017,4,2012-16,heldout_concept,0.7918619905140972,0.4696512598245856,8,288,1.3877344547976602,1,0,0.0,0.0,0.0,0.0,0.0,0.0,0.6133729465783879,0.5110879128838058,0.3866270534216119,0.4889120871161943,-0.0,5.662960480135946,-0.0,0.0
c_8cebebdabedf,2018,5,2012-16,heldout_concept,0.860727389904663,0.48333152631007137,12,401,0.4769869231736059,1,1,0.42541048471831266,0.4742487630529118,0.0,0.0,0.0,0.0,0.2003610347018302,0.04138189964290891,0.3742284805798571,0.48436933730417914,0.679121090981108,5.993961427306569,0.679121090981108,0.0
c_8cebebdabedf,2019,6,2012-16,heldout_concept,0.9171022217116976,0.4938329222537868,13,491,0.3149313708982241,1,1,0.39842939858590676,0.465340853617256,0.0,0.0,0.0,0.0,0.24210553578814079,0.05805363509972117,0.3594650656259523,0.4766055112830228,0.6829951725982901,6.19644412779452,0.6829951725982901,0.0
c_03828aedf823,2012,6,2005-07,screen,1.3421696934278091,0.24545255314486078,5,78,0.6600768888183366,1,1,0.2736054250562821,0.3133928571428572,0.0,0.0,0.0,0.0,0.4523824421351198,0.367857142857143,0.27401213280859804,0.31875000000000003,0.6929818821956965,4.356708826689592,0.6929818821956965,0.0
c_03828aedf823,2013,7,2005-07,screen,1.331118282204639,0.24385416666666665,5,80,0.35908393249482,0,0,0.0,0.0,0.0,0.0,0.0,0.0,0.7239631154596001,0.6830414352840667,0.27603688454039976,0.3169585647159333,-0.0,4.382026634673881,-0.0,0.0
c_03828aedf823,2014,8,2005-07,screen,1.3216677394239955,0.24273029499642299,5,89,0.0063581871836919,0,1,0.0,0.0,0.0,0.0,0.2781417644125969,0.33009708737864074,0.4465838619047927,0.36893203883495146,0.27527437368261026,0.30097087378640774,-0.0,4.48863636973214,-0.0,0.0
c_6016216be4fa,2008,3,2005-07,screen,1.263149623376687,0.25483028686104214,8,130,1.0413958321647678,0,1,0.0,0.0,0.0,0.0,0.27552547706832864,0.2949673825915753,0.4705504511271241,0.33846618628486896,0.2539240718045473,0.36656643112355575,-0.0,4.867534450455582,-0.0,0.0
c_6016216be4fa,2009,4,2005-07,screen,1.4275539226906315,0.29000109247124883,12,202,1.1522809358262422,3,0,0.0,0.0,0.0,0.0,0.0,0.0,0.7654967505658381,0.653179324905055,0.23450324943416198,0.3468206750949451,-0.0,5.308267697401205,-0.0,0.0
c_6016216be4fa,2010,5,2005-07,screen,1.5312907242365368,0.30252443886863073,14,266,1.1896169218084998,3,1,0.22277825112768412,0.24829878519727996,0.0,0.0,0.0,0.0,0.5532364619472161,0.41919974552677386,0.2239852869250999,0.3325014692759462,0.6242668738563033,5.583496308781699,0.6242668738563033,0.0
c_6016216be4fa,2011,6,2005-07,screen,1.551369410959076,0.30162500958253446,14,322,0.6344075187991685,1,1,0.21277676585951058,0.22988961603671373,0.0,0.0,0.0,0.0,0.5677314360003284,0.435473372082615,0.21949179814016095,0.33463701188067124,0.6042626715899787,5.7745515455444085,0.6042626715899787,0.0
c_6016216be4fa,2012,7,2005-07,screen,1.6691702975046625,0.3262941135541497,16,381,0.5450559190992086,1,2,0.30429007775549094,0.28837078299987245,0.0,0.0,0.0,0.0,0.484694118753451,0.3973899370627014,0.2110158034910582,0.31423927993742623,0.8575746357935651,5.942799375126701,0.8575746357935651,0.0
c_6016216be4fa,2013,8,2005-07,screen,1.7602320425205735,0.33719412460909004,17,428,0.21964654487477264,0,2,0.2883616722704001,0.27920517591293964,0.0,0.0,0.0,0.0,0.5073421130318921,0.4213545028613053,0.20429621469770767,0.2994403212257552,0.8741046394870375,6.059123195581797,0.8741046394870375,0.0
c_509ba93dffc8,2013,4,2008-11,screen,0.8951286227714883,0.30951875856201133,5,78,0.3421912979616771,1,1,0.39467060027829515,0.3432021999465823,0.0,0.0,0.0,0.0,0.2949737311163246,0.2233522405210688,0.3103556686053803,0.43344555953234887,0.6036372515003263,4.356708826689592,0.6036372515003263,0.0
c_509ba93dffc8,2014,5,2008-11,screen,0.91130509766125,0.3016294277720324,6,93,0.2275027789240556,0,1,0.3875228226406949,0.3484912337957252,0.0,0.0,0.0,0.0,0.30893916813793376,0.2156490578705301,0.30353800922137125,0.4358597083337446,0.6027751876921472,4.532599493153256,0.6027751876921472,0.0
c_509ba93dffc8,2015,6,2008-11,screen,0.9867316488264108,0.31905819932667384,7,102,0.0482728506233161,0,0,0.0,0.0,0.0,0.0,0.0,0.0,0.6983922857319723,0.5742063003390199,0.3016077142680278,0.42579369966098035,-0.0,4.624972813284271,-0.0,0.0
c_509ba93dffc8,2016,7,2008-11,screen,0.9715083450263357,0.29968530827752043,8,102,0.0506278732604614,0,0,0.0,0.0,0.0,0.0,0.0,0.0,0.6885176811746797,0.5645388108252751,0.31148231882532024,0.43546118917472487,-0.0,4.624972813284271,-0.0,0.0
c_509ba93dffc8,2017,8,2008-11,screen,1.1117771240518226,0.3334131889520825,10,130,0.1121765538331646,0,1,0.3283331214269596,0.3520076185924049,0.0,0.0,0.0,0.0,0.3862369859438213,0.23541384684176353,0.2854298926292192,0.4125785345658316,0.652825793916348,4.867534450455582,0.652825793916348,0.0
c_8904d963bc30,2018,8,2008-11,screen,0.7388895844637803,0.2962390601669927,4,92,-0.0269065534338433,0,1,0.0,0.0,0.47916818122013477,0.4484186748769428,0.0,0.0,0.17916237192576567,0.07511877553275567,0.3416694468540998,0.4764625495903016,-0.0,4.5217885770490405,-0.0,0.47916818122013477
c_3a8d31dc5fbf,2009,3,2005-07,screen,0.9516753641629639,0.46164981945211425,5,92,0.3306919071763938,1,0,0.0,0.0,0.0,0.0,0.0,0.0,0.6713867924328905,0.5197914860893472,0.3286132075671096,0.48020851391065295,-0.0,4.5217885770490405,-0.0,0.0
c_3a8d31dc5fbf,2010,4,2005-07,screen,0.9249993751563725,0.46011462525929625,5,118,0.350083307510922,1,0,0.0,0.0,0.0,0.0,0.0,0.0,0.6651096522114048,0.5176379615225928,0.3348903477885953,0.4823620384774072,-0.0,4.770684624465665,-0.0,0.0
c_3a8d31dc5fbf,2011,5,2005-07,screen,0.9886068817839653,0.48254505206238485,6,155,0.2232809273335417,1,0,0.0,0.0,0.0,0.0,0.0,0.0,0.654698986150847,0.5229445937965709,0.3453010138491529,0.4770554062034291,-0.0,5.043425116919247,-0.0,0.0
c_3a8d31dc5fbf,2012,6,2005-07,screen,0.9709960728053417,0.4826872071973024,7,189,0.2062202455935142,1,0,0.0,0.0,0.0,0.0,0.0,0.0,0.6492752527640638,0.52055051040374,0.3507247472359363,0.47944948959625994,-0.0,5.241747015059643,-0.0,0.0
c_3a8d31dc5fbf,2013,7,2005-07,screen,1.1217648290871,0.4962666411600964,11,227,0.25859191419295,1,0,0.0,0.0,0.0,0.0,0.0,0.0,0.6773759512821969,0.5440209239618715,0.32262404871780326,0.4559790760381286,-0.0,5.424950017481403,-0.0,0.0
c_3a8d31dc5fbf,2014,8,2005-07,screen,1.0302256630087456,0.48114899022119534,10,262,0.4383074100458161,2,0,0.0,0.0,0.0,0.0,0.0,0.0,0.6431618832558403,0.5416594587532694,0.3568381167441597,0.45834054124673074,-0.0,5.568344503761097,-0.0,0.0
c_4bd7704f481d,2018,3,2012-16,heldout_concept,1.861083527480282,0.5023236138310065,18,106,0.9704725034130296,0,0,0.0,0.0,0.0,0.0,0.0,0.0,0.8033389694505975,0.7031087383700754,0.1966610305494026,0.29689126162992463,-0.0,4.663439094112067,-0.0,0.0
c_4bd7704f481d,2019,4,2012-16,heldout_concept,2.0453732037015873,0.5277293066624589,27,166,1.0168616404065889,1,1,0.0,0.0,0.0,0.0,0.17300179886598188,0.228692847018446,0.6475039491960985,0.4855038642136531,0.17949425193791962,0.28580328876790095,-0.0,5.111987788356544,-0.0,0.0
c_92ba186c01f3,2013,6,2005-07,screen,1.1578995719565959,0.24002687494750985,7,63,1.850821921069552,1,1,0.31729634468498724,0.3463960811756473,0.0,0.0,0.0,0.0,0.3901830641126604,0.2610216934919525,0.29252059120235235,0.3925822253324003,0.6730116670092565,4.143134726391533,0.6730116670092565,0.0
c_92ba186c01f3,2014,7,2005-07,screen,1.0672353863871007,0.21513605442176875,7,56,-0.1762328399963344,0,1,0.34392605625968703,0.39130434782608686,0.0,0.0,0.0,0.0,0.33676394686948086,0.19318181818181815,0.31930999687083245,0.4155138339920948,0.6836979259892142,4.02535169073515,0.6836979259892142,0.0
c_9d2447253ac5,2016,4,2012-16,screen,0.5724039377515184,0.2504393152311782,10,566,1.45535691209788,1,0,0.0,0.0,0.0,0.0,0.0,0.0,0.7404742286452607,0.5111305362622907,0.25952577135473953,0.4888694637377095,-0.0,6.338594078203183,-0.0,0.0
c_9d2447253ac5,2017,5,2012-16,screen,0.6661987538494486,0.2758089807871185,15,900,1.0697978098100835,1,1,0.42106697504535284,0.4318798093032324,0.0,0.0,0.0,0.0,0.3280109737658292,0.08441780373101077,0.25092205118881794,0.483702386965757,0.4255095178523584,6.802394763324311,0.4255095178523584,0.0
c_9d2447253ac5,2018,6,2012-16,screen,0.7352725386697975,0.3115448120095008,19,1245,0.6880151522634663,1,1,0.4099832795841844,0.4335642410098257,0.0,0.0,0.0,0.0,0.33213266609845227,0.08505540317420963,0.2578840543173635,0.48138035581596433,0.4685785461690053,7.126890808898808,0.4685785461690053,0.0
c_9d2447253ac5,2019,7,2012-16,screen,0.7794860484404044,0.32234432017185816,21,1495,0.8426775001005037,2,1,0.3909095273030337,0.4266419913655451,0.0,0.0,0.0,0.0,0.3559049880671569,0.09471242486483215,0.25318548462980955,0.47864558376962274,0.4771111564108027,7.3098814858247865,0.4771111564108027,0.0
c_007a7950eb4d,2011,4,2005-07,screen,1.8380549724865682,0.5591192018317894,16,70,1.3340300441315591,1,0,0.0,0.0,0.0,0.0,0.0,0.0,0.8074278877426885,0.7457127741588938,0.19257211225731105,0.2542872258411062,-0.0,4.248495242049359,-0.0,0.0
c_007a7950eb4d,2012,5,2005-07,screen,1.9586667313961583,0.5673896868765564,19,97,0.4631474593709465,1,1,0.1865000024804147,0.30969166049756913,0.0,0.0,0.0,0.0,0.6350918771871954,0.448358384327163,0.17840812033238998,0.241949955175268,0.666278442414676,4.574710978503383,0.666278442414676,0.0
c_007a7950eb4d,2013,6,2005-07,screen,1.842765912528097,0.5450502984192322,18,113,0.2669173231327516,1,1,0.19484788450482646,0.32974882906690733,0.0,0.0,0.0,0.0,0.6175487221133723,0.42618100529593883,0.18760339338180124,0.2440701656371538,0.6501461619120047,4.727387818712341,0.6501461619120047,0.0
c_007a7950eb4d,2014,7,2005-07,screen,1.7978877133235458,0.5268667513678323,18,121,0.0755845554492674,0,1,0.19479669624503146,0.3441835672601905,0.0,0.0,0.0,0.0,0.6190401716735923,0.42247010438157834,0.18616313208137633,0.23334632835823108,0.6222274756424109,4.795790545596741,0.6222274756424109,0.0
c_007a7950eb4d,2015,8,2005-07,screen,1.8838335279135001,0.5394321053462783,19,133,-0.1195875320870377,0,1,0.1888618665589461,0.32920705985617005,0.0,0.0,0.0,0.0,0.6370089224232114,0.4507136269678105,0.17412921101784262,0.22007931317601964,0.6199868019113608,4.890349128221754,0.6199868019113608,0.0
c_934bf6901f0f,2018,3,2012-16,heldout_concept,2.0756538106106803,0.493915456781477,31,197,1.5207332252865664,2,0,0.0,0.0,0.0,0.0,0.0,0.0,0.8227692360117527,0.7141788496182632,0.1772307639882474,0.28582115038173694,-0.0,5.2832037287379885,-0.0,0.0
c_934bf6901f0f,2019,4,2012-16,heldout_concept,2.231575399262138,0.5095403472759409,45,444,1.640957372682765,4,0,0.0,0.0,0.0,0.0,0.0,0.0,0.8354228135565458,0.7311964433830742,0.1645771864434541,0.2688035566169256,-0.0,6.095824562432225,-0.0,0.0
c_4bc22ae42748,2015,5,2008-11,screen,1.0575958752028591,0.27751696401031634,11,193,0.822214677875966,1,1,0.22020168149228167,0.44241383834305825,0.0,0.0,0.0,0.0,0.5294732184611433,0.29397587532643876,0.2503251000465749,0.26361028633050304,0.4253282933732616,5.262690188904886,0.4253282933732616,0.0
c_4bc22ae42748,2016,6,2008-11,screen,1.0153846359643537,0.2631413459164769,11,299,1.1289432480399275,3,1,0.2154137368412459,0.4455241524068172,0.0,0.0,0.0,0.0,0.5573880274742101,0.33301025900053705,0.22719823568454395,0.22146558859264553,0.36408029313277274,5.700443573390687,0.36408029313277274,0.0
c_4bc22ae42748,2017,7,2008-11,screen,1.0818223160610698,0.2740416239880107,12,386,0.7323996885323061,4,2,0.21364028298529628,0.4358605116029665,0.1464081462934543,0.1188064810893046,0.0,0.0,0.4354332382081644,0.24607315776277303,0.20451833251308515,0.19925984954495607,0.353903843696831,5.955837369464831,0.353903843696831,0.1464081462934543
c_4bc22ae42748,2018,8,2008-11,screen,1.10087402952298,0.27528650892335227,12,460,0.2535473238208627,2,3,0.3404562752112167,0.49733371713484104,0.1617309263569145,0.14128603700447845,0.0,0.0,0.3136677763418207,0.18860956828922593,0.18414502209004802,0.17277067757145464,0.5169162987999029,6.131226489483141,0.5169162987999029,0.1617309263569145
c_e895570ed25f,2018,5,2012-16,screen,0.7353214495979281,0.1669290527252699,22,525,1.1417620111344704,2,1,0.20755200781442143,0.1928718688671567,0.0,0.0,0.0,0.0,0.6127590218585224,0.33898942422906625,0.17968897032705614,0.4681387069037769,0.21751857133680802,6.263398262591624,0.21751857133680802,0.0
c_e895570ed25f,2019,6,2012-16,screen,0.8014738841009456,0.17685602236837436,27,616,0.7514753127625003,0,0,0.0,0.0,0.0,0.0,0.0,0.0,0.8249320460887473,0.5345953553575492,0.17506795391125268,0.4654046446424509,-0.0,6.423246963533519,-0.0,0.0
c_bf12df84c614,2015,4,2008-11,screen,1.1826428475865598,0.2240826790578433,7,158,0.14973086493457996,0,1,0.0,0.0,0.0,0.0,0.3092744295899778,0.3408413776665475,0.3993513868971872,0.26826361577881064,0.2913741835128349,0.39089500655464193,-0.0,5.062595033026967,-0.0,0.0
c_bf12df84c614,2016,5,2008-11,screen,1.2100444648954438,0.22893229166666665,8,160,-1.4859384073711546,0,1,0.0,0.0,0.0,0.0,0.3018709576458352,0.33420543737913777,0.4133321861998083,0.2788078716869526,0.28479685615435635,0.3869866909339097,-0.0,5.075173815233827,-0.0,0.0
c_0db0c80eb81a,2017,3,2012-16,heldout_concept,0.8841505637202014,0.23528568504671174,12,219,0.7171496316680536,0,0,0.0,0.0,0.0,0.0,0.0,0.0,0.7854076960944069,0.5427370995683619,0.21459230390559336,0.4572629004316379,-0.0,5.389071729816501,-0.0,0.0
c_0db0c80eb81a,2018,4,2012-16,heldout_concept,0.8418875976594035,0.22331532921810698,13,288,0.8926160840015374,0,0,0.0,0.0,0.0,0.0,0.0,0.0,0.7931080980983006,0.5407428735963145,0.20689190190169948,0.45925712640368566,-0.0,5.662960480135946,-0.0,0.0
c_0db0c80eb81a,2019,5,2012-16,heldout_concept,0.8604732753377717,0.2190846919603583,16,408,0.4866573208489074,1,0,0.0,0.0,0.0,0.0,0.0,0.0,0.8005612155651279,0.5415373993471724,0.19943878443487226,0.4584626006528275,-0.0,6.0112671744041615,-0.0,0.0
c_baf08ae6e65e,2018,4,2012-16,heldout_concept,0.726756997155591,0.2101868427712988,9,243,1.411089704971404,2,0,0.0,0.0,0.0,0.0,0.0,0.0,0.7749086743657982,0.5350213626416551,0.22509132563420173,0.46497863735834494,-0.0,5.493061443340548,-0.0,0.0
c_baf08ae6e65e,2019,5,2012-16,heldout_concept,0.8041388326940577,0.22458684495410583,10,276,0.6288436368660016,1,1,0.26410613993614235,0.23661268597106225,0.0,0.0,0.0,0.0,0.5181137905054854,0.30489178320951765,0.2177800695583723,0.45849553081942,0.3196905981112379,5.62040086571715,0.3196905981112379,0.0
c_b38eddee27ee,2018,6,2012-16,screen,1.8971795273388021,0.5461853541756937,25,241,0.24363600696909374,0,1,0.0,0.0,0.13182396390352974,0.15740316495195453,0.0,0.0,0.6858355338952862,0.47010482237167117,0.18234050220118384,0.3724920126763744,-0.0,5.484796933490655,-0.0,0.13182396390352974
c_b38eddee27ee,2019,7,2012-16,screen,1.852881337564427,0.5227009464814437,28,330,0.4278422812771939,1,1,0.13433172585442058,0.16913658131825016,0.0,0.0,0.0,0.0,0.6847295680908129,0.45058384046496436,0.18093870605476675,0.3802795782167853,0.46768883186148985,5.799092654460526,0.46768883186148985,0.0
c_e8febadc6f35,2013,5,2008-11,screen,0.7977889548429544,0.1737542294005489,9,134,0.3755399247590066,1,1,0.0,0.0,0.3860937981407849,0.30758121116177434,0.0,0.0,0.3535557420876873,0.24561402763808143,0.26035045977152776,0.44680476120014434,-0.0,4.897839799950911,-0.0,0.3860937981407849
c_e8febadc6f35,2014,6,2008-11,screen,0.7476554728522633,0.16014876259861413,9,160,0.2253951846556666,1,0,0.0,0.0,0.0,0.0,0.0,0.0,0.7357853976395,0.54632025361257,0.26421460236049993,0.4536797463874301,-0.0,5.075173815233827,-0.0,0.0
c_e8febadc6f35,2015,7,2008-11,screen,0.7865177416128382,0.16769613767340652,9,217,0.3050207021121881,1,1,0.0,0.0,0.4113748767297416,0.3444064648429322,0.0,0.0,0.311180006383431,0.20426253192880703,0.2774451168868275,0.45133100322826075,-0.0,5.37989735354046,-0.0,0.4113748767297416
c_e8febadc6f35,2016,8,2008-11,screen,0.8448355995894771,0.17988898137181394,9,305,0.3728405021526164,1,0,0.0,0.0,0.0,0.0,0.0,0.0,0.6839161214528642,0.5508193386790198,0.3160838785471356,0.44918066132097995,-0.0,5.720311776607412,-0.0,0.0
c_444e89430419,2016,8,2008-11,heldout_concept,2.317302143249683,0.5949890686467645,21,80,0.1562033267794927,0,1,0.15465314759798077,0.23757439273323247,0.0,0.0,0.0,0.0,0.6980086776294305,0.557043563838844,0.14733817477258918,0.2053820434279233,0.6886051523183012,4.382026634673881,0.6886051523183012,0.0
c_91a8f1c2869f,2017,5,2012-16,screen,1.7798807065355842,0.5457341964350989,13,64,0.3873037175194428,1,0,0.0,0.0,0.0,0.0,0.0,0.0,0.7937669557206206,0.7014619244616246,0.20623304427937938,0.2985380755383753,-0.0,4.1588830833596715,-0.0,0.0
c_91a8f1c2869f,2018,6,2012-16,screen,1.6880426122196748,0.5116861548439138,12,74,0.3210863421522376,1,1,0.2174780874434359,0.3104932384891036,0.0,0.0,0.0,0.0,0.5661809035300104,0.3897213670193873,0.21634100902655373,0.299785394491509,0.6886905739680003,4.30406509320417,0.6886905739680003,0.0
c_91a8f1c2869f,2019,7,2012-16,screen,1.630292015581533,0.4921337227159546,13,79,0.2689113051236938,1,1,0.22256608463557603,0.3320954028461599,0.0,0.0,0.0,0.0,0.5540965815953784,0.36086722011477884,0.22333733376904583,0.3070373770390613,0.6814670463014058,4.3694478524670215,0.6814670463014058,0.0
c_5af098ea73b2,2016,7,2008-11,screen,0.5172176782273097,0.11261738408954466,8,275,1.0908847253090914,1,1,0.41149696912032446,0.24328701406927516,0.0,0.0,0.0,0.0,0.35880040038197886,0.2788328351967441,0.22970263049769687,0.4778801507339807,0.30463609734923813,5.616771097666572,0.30463609734923813,0.0
c_5af098ea73b2,2017,8,2008-11,screen,0.5765747737891387,0.12149626482768563,10,307,0.4410732250090157,1,1,0.39415919855171067,0.24976199551233896,0.0,0.0,0.0,0.0,0.375996147838293,0.27527313443846235,0.22984465360999634,0.4749648700491986,0.33030082774533787,5.726847747587197,0.33030082774533787,0.0
c_3471cfc978c7,2016,8,2008-11,screen,0.660811492217793,0.1342079132494251,14,349,2.6756638385231417,1,1,0.3128284721602915,0.2040172365197744,0.0,0.0,0.0,0.0,0.48303954269531996,0.3341554398720446,0.20413198514438904,0.46182732360818096,0.2994848251840477,5.855071922202427,0.2994848251840477,0.0
c_9aabfd15c0ee,2018,4,2012-16,screen,1.7117494395434316,0.41787407139865973,46,722,1.5852217617859026,7,0,0.0,0.0,0.0,0.0,0.0,0.0,0.837204927477585,0.6081541735992344,0.16279507252241515,0.39184582640076554,-0.0,6.582025138892826,-0.0,0.0
c_9aabfd15c0ee,2019,5,2012-16,screen,1.8179255034891582,0.44005151869217823,55,966,1.3200375893006586,9,1,0.0,0.0,0.0,0.0,0.1091475022612193,0.09482842219503242,0.7287392659113376,0.5240106712069591,0.16211323182744303,0.38116090659800833,-0.0,6.873163834212518,-0.0,0.0
