concept_id,t0,controls,n_controls,widened,vol3_t0
c_9cceb3c510be,2014,c_70987856add3|c_1ae65909ef19|c_792fc951778d,3,False,39
c_4b595245dc4e,2015,c_a5d4697b6de1,1,True,39
c_62af526ae811,2010,,0,False,153
c_55c5e5df6bab,2011,c_f08a5ddb1f48|c_a13026e2ec51,2,False,51
c_43521ace85c3,2012,c_77d5d74f1bf6,1,False,154
c_3d37fffdfb30,2009,c_4e82b990c351|c_6d2c0bb6acb0,2,True,54
c_35914ea8d7b8,2012,c_63ea2a7e38bb,1,False,60
c_21960ecc2d0a,2010,c_4e82b990c351|c_6d2c0bb6acb0,2,True,62
c_3ae606bfd61f,2015,,0,False,47
c_1f1d4e62775b,2011,,0,False,21
c_59fffeba892f,2009,c_6d2c0bb6acb0|c_4e82b990c351,2,False,39
c_2c781d19e525,2014,c_16e9bc1ff20f|c_4a4eb107fab6,2,False,65
c_ef7889a4d23e,2011,c_24fd61e090ea,1,False,220
c_de3171466662,2010,,0,False,78
c_0fefc757857e,2011,c_f94c1c136f05,1,False,30
c_4c081bfc5787,2010,,0,False,130
c_d6845c35d3d0,2015,,0,False,295
c_4cdee4852bd9,2015,,0,False,300
c_1bd834da7f00,2009,,0,False,67
c_3fd8640bd802,2015,c_91a8f1c2869f,1,True,39
c_8d94ed006e2f,2013,c_f94c1c136f05,1,True,46
c_7a1183961ed2,2013,c_eb3e469ad899|c_5bb0de514ff2,2,False,61
c_6388f9983159,2009,c_8b7be83fd666|c_35e295b4ba1b|c_793dc61d6540,3,True,46
c_03828aedf823,2013,,0,False,36
c_6016216be4fa,2008,,0,False,111
c_509ba93dffc8,2012,,0,False,48
c_3a8d31dc5fbf,2009,,0,False,74
c_4010f34bf1ab,2013,c_eb3e469ad899,1,False,69
c_e79d5454fc88,2010,c_92ba186c01f3,1,False,32
c_02792d2208de,2013,,0,False,59
c_9d2447253ac5,2015,,0,False,282
c_007a7950eb4d,2010,c_6d2c0bb6acb0|c_4e82b990c351,2,False,45
c_4bc22ae42748,2013,c_16e9bc1ff20f|c_4a4eb107fab6,2,False,57
c_667b35b905bc,2011,,0,False,174
c_6340f70f7803,2008,c_8b7be83fd666,1,True,54
c_2fc072066f34,2008,,0,False,72
c_7f09154f6349,2014,c_4a4eb107fab6|c_16e9bc1ff20f,2,False,53
c_b38eddee27ee,2015,,0,False,61
c_e8febadc6f35,2011,,0,False,51
c_5af098ea73b2,2012,,0,False,59
c_3471cfc978c7,2011,,0,False,112
