concept_id,group,F_band,origin_group,INCUBATION_THEN_EXPANSION__age0_8,GRADUAL_CENTRALISATION__age0_8,EARLY_BRIDGING__age0_8,INCUBATION_THEN_EXPANSION__pre_onset,GRADUAL_CENTRALISATION__pre_onset,EARLY_BRIDGING__pre_onset,INCUBATION_THEN_EXPANSION__age0_8_rawfallback,EARLY_BRIDGING__age0_8_Prar,INCUBATION_THEN_EXPANSION__age0_8_ageadj,INCUBATION_THEN_EXPANSION__pre_onset_ageadj,pattern_combo
c_007a7950eb4d,never,2005-07,D3:Physical Sciences,False,False,True,False,False,True,False,True,False,False,001
c_021cd7f7a587,other,2012-16,F31:Physics and Astronomy,False,False,True,False,False,True,False,True,False,False,001
c_02792d2208de,never,2008-11,F17:Computer Science,False,False,False,False,False,False,False,False,False,False,000
c_03828aedf823,emerging,2005-07,F31:Physics and Astronomy,False,False,True,False,False,True,False,True,True,False,001
c_0fefc757857e,emerging,2008-11,F17:Computer Science,False,False,False,False,False,False,False,False,False,False,000
c_108519c4a344,other,2012-16,F31:Physics and Astronomy,False,False,True,False,False,False,False,True,False,False,001
c_16e9bc1ff20f,never,2008-11,D3:Physical Sciences,False,False,True,False,False,True,False,True,False,False,001
c_1ae65909ef19,never,2008-11,F31:Physics and Astronomy,False,False,True,False,False,True,False,True,False,False,001
c_1b82dec9c84d,other,2012-16,F31:Physics and Astronomy,False,False,True,False,False,True,False,True,False,False,001
c_1bd834da7f00,never,2005-07,D3:Physical Sciences,False,False,True,False,False,True,False,True,False,False,001
c_1ca4df65e868,never,2008-11,F31:Physics and Astronomy,False,False,True,False,False,True,False,True,False,False,001
c_1e2cee2a4ca1,never,2008-11,D3:Physical Sciences,False,False,True,False,False,True,False,True,False,False,001
c_1f1d4e62775b,emerging,2005-07,D3:Physical Sciences,False,True,False,False,True,False,False,False,False,False,010
c_21571c2d1a59,never,2012-16,D3:Physical Sciences,False,False,True,False,False,True,False,False,False,False,001
c_21960ecc2d0a,never,2005-07,D3:Physical Sciences,False,False,True,False,False,True,False,True,False,False,001
c_2425e0543e8f,other,2012-16,F31:Physics and Astronomy,False,False,True,False,False,True,False,True,False,False,001
c_24e2ee0faf24,never,2008-11,F31:Physics and Astronomy,False,False,True,False,False,True,False,True,False,False,001
c_24fd61e090ea,never,2008-11,D3:Physical Sciences,False,False,False,False,False,False,False,False,False,False,000
c_26dab993c720,never,2008-11,F31:Physics and Astronomy,False,False,True,False,False,True,False,True,False,False,001
c_29b715c0d545,never,2008-11,F31:Physics and Astronomy,False,False,True,False,False,True,False,True,False,False,001
c_2c781d19e525,never,2008-11,D3:Physical Sciences,False,False,True,False,False,True,False,True,False,False,001
c_2fc072066f34,never,2005-07,F17:Computer Science,False,False,True,False,False,True,False,True,False,False,001
c_3471cfc978c7,never,2008-11,D3:Physical Sciences,False,False,True,False,False,True,False,True,False,False,001
c_35914ea8d7b8,never,2008-11,F31:Physics and Astronomy,False,False,True,False,False,True,False,False,False,False,001
c_35e295b4ba1b,never,2005-07,F31:Physics and Astronomy,False,False,True,False,False,True,False,True,False,False,001
c_380e2739f62c,never,2008-11,F31:Physics and Astronomy,False,False,True,False,False,True,False,True,False,False,001
c_38c04a07c4e7,never,2008-11,F31:Physics and Astronomy,False,False,True,False,False,True,False,True,False,False,001
c_3a04a639cd2f,other,2012-16,F31:Physics and Astronomy,False,False,True,False,False,True,False,True,False,False,001
c_3a8d31dc5fbf,emerging,2005-07,F17:Computer Science,False,False,False,False,False,False,False,False,False,False,000
c_3ae606bfd61f,never,2012-16,F17:Computer Science,False,False,True,False,False,True,False,True,False,False,001
c_3b21300dbb0b,other,2012-16,F17:Computer Science,False,False,True,False,False,True,False,True,False,False,001
c_3d37fffdfb30,never,2005-07,D3:Physical Sciences,False,False,True,False,False,True,False,False,False,False,001
c_3fd8640bd802,emerging,2012-16,F17:Computer Science,False,False,True,False,False,True,False,True,False,False,001
c_4010f34bf1ab,never,2008-11,F31:Physics and Astronomy,False,False,False,False,False,False,False,False,False,False,000
c_43521ace85c3,never,2008-11,F17:Computer Science,False,False,True,False,False,True,False,True,False,False,001
c_46d8de220318,other,2012-16,F31:Physics and Astronomy,False,False,True,False,False,True,False,True,False,False,001
c_4a4eb107fab6,never,2008-11,D3:Physical Sciences,False,False,True,False,False,True,False,True,False,False,001
c_4a952e8aa8a9,other,2012-16,F31:Physics and Astronomy,False,False,True,False,False,False,False,True,False,False,001
c_4b595245dc4e,never,2005-07,F17:Computer Science,False,False,True,False,False,True,False,True,False,False,001
c_4bc22ae42748,emerging,2008-11,D3:Physical Sciences,False,False,False,False,False,False,False,False,False,False,000
c_4c081bfc5787,never,2005-07,D3:Physical Sciences,False,False,False,False,False,False,False,False,False,False,000
c_4cdbc8f444d1,never,2008-11,F17:Computer Science,False,False,True,False,False,True,False,True,False,False,001
c_4cdee4852bd9,never,2012-16,D3:Physical Sciences,False,False,True,False,False,True,False,False,False,False,001
c_4e82b990c351,never,2005-07,D3:Physical Sciences,False,False,True,False,False,True,False,True,False,False,001
c_509ba93dffc8,emerging,2008-11,F17:Computer Science,False,False,True,False,False,True,False,True,False,False,001
c_55c5e5df6bab,emerging,2008-11,D3:Physical Sciences,False,False,True,False,False,True,False,True,False,False,001
c_569519c8d163,never,2008-11,F31:Physics and Astronomy,False,False,False,False,False,False,False,False,False,False,000
c_5891791e366f,other,2012-16,F31:Physics and Astronomy,False,False,True,False,False,True,False,False,False,False,001
c_59fffeba892f,emerging,2005-07,D3:Physical Sciences,False,False,True,False,False,True,False,True,False,False,001
c_5af098ea73b2,emerging,2008-11,F17:Computer Science,False,False,True,False,False,True,False,True,False,False,001
c_5bb0de514ff2,never,2008-11,F31:Physics and Astronomy,False,False,True,False,False,True,False,True,False,False,001
c_5ccf55244c8e,other,2012-16,F31:Physics and Astronomy,False,False,False,False,False,False,False,False,False,False,000
c_5edb1fea382d,never,2008-11,D3:Physical Sciences,False,False,False,False,False,False,False,False,False,False,000
c_6016216be4fa,never,2005-07,F17:Computer Science,False,False,True,False,False,True,False,True,False,False,001
c_62af526ae811,never,2005-07,D3:Physical Sciences,False,False,True,False,False,True,False,True,False,False,001
c_6340f70f7803,never,2005-07,F31:Physics and Astronomy,False,False,True,False,False,True,False,True,False,False,001
c_6388f9983159,never,2005-07,F31:Physics and Astronomy,False,False,True,False,False,True,False,True,False,False,001
c_63ea2a7e38bb,never,2008-11,F31:Physics and Astronomy,False,False,True,False,False,True,False,True,False,False,001
c_667b35b905bc,never,2008-11,D3:Physical Sciences,False,False,False,False,False,False,False,False,False,False,000
c_6d2c0bb6acb0,never,2005-07,D3:Physical Sciences,False,False,True,False,False,True,False,True,False,False,001
c_6ed72db6e3f6,never,2012-16,F31:Physics and Astronomy,False,False,True,False,False,True,False,True,False,False,001
c_6f6fc1488a11,other,2012-16,F31:Physics and Astronomy,False,False,False,False,False,False,False,False,False,False,000
c_70987856add3,never,2008-11,F31:Physics and Astronomy,False,False,True,False,False,True,False,True,False,False,001
c_70af732266c6,other,2012-16,F31:Physics and Astronomy,False,False,True,False,False,True,False,True,False,False,001
c_74026fe51449,other,2012-16,F31:Physics and Astronomy,False,False,True,False,False,False,False,True,False,False,001
c_77d5d74f1bf6,never,2008-11,F17:Computer Science,False,False,True,False,False,True,False,True,False,False,001
c_792fc951778d,never,2008-11,F31:Physics and Astronomy,False,False,False,False,False,False,False,False,False,False,000
c_793dc61d6540,never,2005-07,F31:Physics and Astronomy,False,False,True,False,False,True,False,True,False,False,001
c_7a1183961ed2,never,2008-11,F31:Physics and Astronomy,False,False,True,False,False,True,False,True,False,False,001
c_7afec8c4aadb,other,2012-16,F17:Computer Science,False,False,True,False,False,True,False,True,False,False,001
c_7eed579eaddd,other,2012-16,D3:Physical Sciences,False,False,True,False,False,True,False,True,False,False,001
c_7f09154f6349,emerging,2008-11,D3:Physical Sciences,False,False,True,False,False,True,False,True,False,False,001
c_7f7851d9c6b6,never,2008-11,F31:Physics and Astronomy,False,False,False,False,False,False,False,False,False,False,000
c_833923f506ca,never,2008-11,F31:Physics and Astronomy,False,False,True,False,False,True,False,True,False,False,001
c_850369b36e8c,other,2012-16,F31:Physics and Astronomy,False,False,True,False,False,True,False,True,False,False,001
c_87df94bef363,never,2012-16,F31:Physics and Astronomy,False,False,False,False,False,False,False,False,False,False,000
c_8904d963bc30,never,2008-11,F31:Physics and Astronomy,False,False,True,False,False,True,False,True,False,False,001
c_8a0a8dab0e65,never,2008-11,F31:Physics and Astronomy,False,False,True,False,False,True,False,True,False,False,001
c_8a7b58068a03,other,2012-16,F31:Physics and Astronomy,False,False,True,False,False,True,False,True,False,False,001
c_8b7be83fd666,never,2005-07,F31:Physics and Astronomy,False,False,True,False,False,True,False,True,False,False,001
c_8d4aa499810d,never,2008-11,D3:Physical Sciences,False,False,False,False,False,False,False,False,False,False,000
c_8d94ed006e2f,never,2008-11,F17:Computer Science,False,False,True,False,False,True,False,True,False,False,001
c_9026d95a869c,never,2008-11,F31:Physics and Astronomy,False,False,True,False,False,True,False,True,False,False,001
c_91a8f1c2869f,never,2012-16,F17:Computer Science,False,False,True,False,False,True,False,True,False,False,001
c_92a2f061c4a9,other,2012-16,F17:Computer Science,False,False,True,False,False,True,False,True,False,False,001
c_92ba186c01f3,never,2005-07,D3:Physical Sciences,False,False,True,False,False,True,False,True,False,False,001
c_92c7d10cd004,never,2008-11,D3:Physical Sciences,False,False,True,False,False,True,False,False,False,False,001
c_9aabfd15c0ee,other,2012-16,F17:Computer Science,False,False,False,False,False,False,False,False,False,False,000
c_9cceb3c510be,never,2008-11,F31:Physics and Astronomy,False,False,True,False,False,True,False,True,False,False,001
c_9cf3e02c40c3,never,2005-07,F31:Physics and Astronomy,False,False,True,False,False,True,False,True,False,False,001
c_9d2447253ac5,never,2012-16,D3:Physical Sciences,False,False,True,False,False,True,False,False,False,False,001
c_9d4eaaf7197d,other,2012-16,F31:Physics and Astronomy,False,False,True,False,False,False,False,True,False,False,001
c_9e3bad270e4c,never,2012-16,F31:Physics and Astronomy,False,False,True,False,False,True,False,True,False,False,001
c_a13026e2ec51,never,2008-11,D3:Physical Sciences,False,False,False,False,False,False,False,False,False,False,000
c_a5d4697b6de1,never,2005-07,F17:Computer Science,False,False,True,False,False,True,False,True,False,False,001
c_af151bc76848,other,2012-16,D3:Physical Sciences,False,False,False,False,False,False,False,False,False,False,000
c_b38eddee27ee,emerging,2012-16,D3:Physical Sciences,False,False,True,False,False,True,False,True,False,False,001
c_b3fdf1de179c,other,2012-16,F17:Computer Science,False,False,False,False,False,False,False,False,False,False,000
c_b416c627fe94,other,2012-16,F17:Computer Science,False,False,True,False,False,True,False,True,False,False,001
c_b6ceebb6f368,never,2008-11,F31:Physics and Astronomy,False,False,True,False,False,True,False,True,True,False,001
c_bcd3d69b7a16,other,2012-16,F17:Computer Science,False,False,True,False,False,True,False,True,False,False,001
c_be7b73687012,other,2012-16,D3:Physical Sciences,False,True,False,False,False,False,False,False,False,False,010
c_bf12df84c614,never,2008-11,F31:Physics and Astronomy,False,False,True,False,False,True,False,True,False,False,001
c_c95c87230241,other,2012-16,F31:Physics and Astronomy,False,False,True,False,False,True,False,True,False,False,001
c_cbade03273e8,other,2012-16,F17:Computer Science,False,False,True,False,False,True,False,True,False,False,001
c_ce417b0a39d3,other,2012-16,F17:Computer Science,False,False,False,False,False,False,False,False,False,False,000
c_d2b738a06440,never,2008-11,F31:Physics and Astronomy,False,False,True,False,False,True,False,True,False,False,001
c_d6845c35d3d0,never,2008-11,D3:Physical Sciences,False,True,True,False,True,True,False,True,False,False,011
c_de14f5e3898c,never,2005-07,F31:Physics and Astronomy,False,False,True,False,False,True,False,True,False,False,001
c_de3171466662,emerging,2005-07,F17:Computer Science,False,False,True,False,False,True,False,True,False,False,001
c_e1a8b816be94,other,2012-16,F17:Computer Science,False,False,False,False,False,False,False,False,False,False,000
c_e44f84504a49,other,2012-16,D3:Physical Sciences,False,False,True,False,False,True,False,False,False,False,001
c_e470c5c98b3e,never,2008-11,F17:Computer Science,False,False,True,False,False,True,False,True,False,False,001
c_e79d5454fc88,never,2005-07,D3:Physical Sciences,False,False,True,False,False,True,False,True,False,False,001
c_e895570ed25f,other,2012-16,F17:Computer Science,False,False,False,False,False,False,False,False,False,False,000
c_e8febadc6f35,emerging,2008-11,F17:Computer Science,False,False,True,False,False,True,False,True,False,False,001
c_eb3e469ad899,never,2008-11,F31:Physics and Astronomy,False,False,False,False,False,False,False,False,False,False,000
c_ef7889a4d23e,never,2008-11,D3:Physical Sciences,False,True,False,False,False,False,False,False,False,False,010
c_f03a00abe2dc,other,2012-16,F31:Physics and Astronomy,False,False,True,False,False,False,False,True,False,False,001
c_f08a5ddb1f48,never,2008-11,D3:Physical Sciences,False,False,False,False,False,False,False,False,False,False,000
c_f546e5e7ea86,other,2012-16,D3:Physical Sciences,False,False,True,False,False,True,False,True,False,False,001
c_f94c1c136f05,never,2008-11,F17:Computer Science,False,False,True,False,False,True,False,False,False,False,001
c_fa856c1c78e2,never,2008-11,D3:Physical Sciences,False,False,False,False,False,False,False,False,False,False,000
