node,block,w_main,w_g1,w,free,fetched
126322002,2005-2009,53.0,68.0,121.0,True,False
126322002,2010-2014,57.0,62.0,119.0,True,False
203014093,2010-2014,31.0,34.0,65.0,True,False
54355233,2010-2014,31.0,29.0,60.0,True,False
54355233,2005-2009,22.0,30.0,52.0,True,False
104317684,2010-2014,22.0,26.0,48.0,True,False
203014093,2005-2009,15.0,27.0,42.0,True,False
2779901538,2010-2014,20.0,16.0,36.0,False,False
135763542,2010-2014,18.0,17.0,35.0,True,False
2779134260,2010-2014,16.0,19.0,35.0,True,False
104317684,2005-2009,17.0,16.0,33.0,True,False
141071460,2005-2009,14.0,17.0,31.0,True,False
2779901538,2005-2009,13.0,18.0,31.0,False,False
54173615,2010-2014,10.0,19.0,29.0,False,False
135763542,2005-2009,11.0,15.0,26.0,True,False
141071460,2010-2014,9.0,17.0,26.0,True,False
512399662,2005-2009,10.0,16.0,26.0,True,False
134018914,2010-2014,13.0,11.0,24.0,True,False
143998085,2010-2014,12.0,12.0,24.0,True,False
54173615,2005-2009,11.0,12.0,23.0,False,False
55493867,2010-2014,14.0,9.0,23.0,True,False
177713679,2005-2009,10.0,13.0,23.0,True,False
2993967602,2010-2014,12.0,11.0,23.0,False,False
90924648,2010-2014,9.0,13.0,22.0,True,False
160735492,2005-2009,8.0,14.0,22.0,True,False
89423630,2010-2014,11.0,10.0,21.0,True,False
142724271,2010-2014,11.0,10.0,21.0,True,False
95444343,2005-2009,11.0,9.0,20.0,True,False
153209595,2010-2014,10.0,10.0,20.0,False,False
2779134260,2005-2009,7.0,13.0,20.0,True,False
98274493,2005-2009,7.0,12.0,19.0,True,False
121608353,2010-2014,7.0,12.0,19.0,True,False
156957248,2010-2014,8.0,11.0,19.0,False,False
95444343,2010-2014,10.0,8.0,18.0,True,False
134018914,2005-2009,8.0,10.0,18.0,True,False
177713679,2010-2014,9.0,9.0,18.0,True,False
194828623,2005-2009,7.0,11.0,18.0,False,False
502942594,2005-2009,8.0,10.0,18.0,True,False
2993967602,2005-2009,8.0,10.0,18.0,False,False
89423630,2005-2009,9.0,8.0,17.0,True,False
126322002,2000-2004,10.0,7.0,17.0,True,False
159110408,2005-2009,6.0,11.0,17.0,True,False
104317684,2000-2004,10.0,6.0,16.0,True,False
112392421,2005-2009,6.0,10.0,16.0,False,False
197934379,2005-2009,7.0,9.0,16.0,False,False
539455810,2010-2014,10.0,6.0,16.0,False,False
55493867,2005-2009,10.0,5.0,15.0,True,False
60644358,2010-2014,7.0,8.0,15.0,True,False
106208931,2010-2014,8.0,7.0,15.0,False,False
501593827,2010-2014,7.0,8.0,15.0,True,False
2911091166,2010-2014,5.0,10.0,15.0,True,False
104863432,2005-2009,6.0,8.0,14.0,False,False
142724271,2005-2009,5.0,9.0,14.0,True,False
2911091166,2005-2009,6.0,8.0,14.0,True,False
2994496256,2010-2014,6.0,8.0,14.0,False,False
8891405,2010-2014,6.0,7.0,13.0,True,False
44249647,2005-2009,3.0,10.0,13.0,False,False
54355233,2000-2004,7.0,6.0,13.0,True,False
90924648,2005-2009,5.0,8.0,13.0,True,False
143121216,2010-2014,5.0,8.0,13.0,False,False
156957248,2005-2009,7.0,6.0,13.0,False,False
2776914184,2010-2014,7.0,6.0,13.0,True,False
2908647359,2010-2014,6.0,7.0,13.0,True,False
27415008,2005-2009,4.0,8.0,12.0,True,False
60644358,2005-2009,4.0,8.0,12.0,True,False
112392421,2010-2014,6.0,6.0,12.0,False,False
143998085,2005-2009,7.0,5.0,12.0,True,False
180754005,2010-2014,6.0,6.0,12.0,False,False
501593827,2005-2009,5.0,7.0,12.0,True,False
512399662,2010-2014,6.0,6.0,12.0,True,False
2777575956,2005-2009,4.0,8.0,12.0,False,False
2778690821,2010-2014,5.0,7.0,12.0,False,False
2778886723,2010-2014,4.0,8.0,12.0,False,False
16005928,2005-2009,4.0,7.0,11.0,True,False
16005928,2010-2014,5.0,6.0,11.0,True,False
98274493,2010-2014,7.0,4.0,11.0,True,False
153209595,2005-2009,4.0,7.0,11.0,False,False
199343813,2010-2014,4.0,7.0,11.0,False,False
502942594,2010-2014,7.0,4.0,11.0,True,False
523546767,2005-2009,4.0,7.0,11.0,True,False
2777575956,2010-2014,3.0,8.0,11.0,False,False
2778690821,2005-2009,5.0,6.0,11.0,False,False
2779457091,2005-2009,4.0,7.0,11.0,False,False
42362537,2005-2009,4.0,6.0,10.0,False,False
44249647,2010-2014,4.0,6.0,10.0,False,False
61716771,2005-2009,6.0,4.0,10.0,False,False
137923570,2005-2009,4.0,6.0,10.0,False,False
197934379,2010-2014,5.0,5.0,10.0,False,False
2780035454,2005-2009,4.0,6.0,10.0,True,False
118552586,2005-2009,2.0,7.0,9.0,True,False
118552586,2010-2014,5.0,4.0,9.0,True,False
121608353,2005-2009,4.0,5.0,9.0,True,False
137923570,2010-2014,3.0,6.0,9.0,False,False
159110408,2000-2004,4.0,5.0,9.0,True,False
168563851,2005-2009,4.0,5.0,9.0,True,False
168563851,2010-2014,5.0,4.0,9.0,True,False
170493617,2005-2009,4.0,5.0,9.0,True,False
186413461,2010-2014,4.0,5.0,9.0,False,False
199343813,2005-2009,4.0,5.0,9.0,False,False
535046627,2005-2009,4.0,5.0,9.0,False,False
555293320,2005-2009,4.0,5.0,9.0,True,False
61716771,2010-2014,3.0,5.0,8.0,False,False
62478195,2005-2009,3.0,5.0,8.0,True,False
62478195,2010-2014,5.0,3.0,8.0,True,False
89560881,2010-2014,4.0,4.0,8.0,False,False
150194340,2010-2014,5.0,3.0,8.0,True,False
153911025,2005-2009,4.0,4.0,8.0,True,False
170493617,2010-2014,4.0,4.0,8.0,True,False
171056886,2010-2014,3.0,5.0,8.0,False,False
530470458,2010-2014,3.0,5.0,8.0,True,False
535046627,2010-2014,4.0,4.0,8.0,False,False
539455810,2005-2009,1.0,7.0,8.0,False,False
555293320,2010-2014,3.0,5.0,8.0,True,False
2777165150,2005-2009,2.0,6.0,8.0,False,False
2778886723,2005-2009,2.0,6.0,8.0,False,False
2780192828,2010-2014,4.0,4.0,8.0,False,False
2908647359,2005-2009,1.0,7.0,8.0,True,False
1862650,2010-2014,1.0,6.0,7.0,True,False
17991360,2010-2014,3.0,4.0,7.0,False,False
104863432,2000-2004,3.0,4.0,7.0,False,False
104863432,2010-2014,5.0,2.0,7.0,False,False
119157956,2005-2009,5.0,2.0,7.0,False,False
164705383,2005-2009,4.0,3.0,7.0,True,False
184235292,2005-2009,4.0,3.0,7.0,False,False
188816634,2005-2009,3.0,4.0,7.0,False,False
523546767,2000-2004,2.0,5.0,7.0,True,False
545542383,2005-2009,3.0,4.0,7.0,True,False
2522874641,2005-2009,4.0,3.0,7.0,True,False
2776154503,2000-2004,2.0,5.0,7.0,False,False
2776233030,2010-2014,2.0,5.0,7.0,False,False
2777165150,2010-2014,4.0,3.0,7.0,False,False
2777180221,2005-2009,3.0,4.0,7.0,False,False
2777214474,2010-2014,3.0,4.0,7.0,False,False
2779609443,2010-2014,1.0,6.0,7.0,False,False
2426938,2005-2009,2.0,4.0,6.0,False,False
36434225,2005-2009,2.0,4.0,6.0,False,False
72563966,2005-2009,2.0,4.0,6.0,False,False
77350462,2005-2009,2.0,4.0,6.0,False,False
89560881,2005-2009,3.0,3.0,6.0,False,False
90132467,2000-2004,2.0,4.0,6.0,False,False
141071460,2000-2004,4.0,2.0,6.0,True,False
143121216,2005-2009,1.0,5.0,6.0,False,False
157333092,2010-2014,3.0,3.0,6.0,False,False
159047783,2010-2014,3.0,3.0,6.0,True,False
160735492,2010-2014,3.0,3.0,6.0,True,False
199343813,2000-2004,3.0,3.0,6.0,False,False
207001950,2010-2014,4.0,2.0,6.0,True,False
523546767,2010-2014,4.0,2.0,6.0,True,False
2522874641,2010-2014,2.0,4.0,6.0,True,False
2776541429,2005-2009,3.0,3.0,6.0,False,False
2776914184,2005-2009,4.0,2.0,6.0,True,False
2778923194,2010-2014,3.0,3.0,6.0,False,False
2779328685,2005-2009,3.0,3.0,6.0,False,False
2779473830,2005-2009,2.0,4.0,6.0,True,False
2780665704,2005-2009,2.0,4.0,6.0,True,False
2910274206,2005-2009,4.0,2.0,6.0,False,False
2994496256,2005-2009,2.0,4.0,6.0,False,False
1862650,2005-2009,2.0,3.0,5.0,True,False
8891405,2005-2009,0.0,5.0,5.0,True,False
10446079,2005-2009,2.0,3.0,5.0,False,False
28328180,2005-2009,1.0,4.0,5.0,True,False
42219234,2010-2014,1.0,4.0,5.0,True,False
42362537,2010-2014,3.0,2.0,5.0,False,False
70721500,2005-2009,4.0,1.0,5.0,True,False
70721500,2010-2014,3.0,2.0,5.0,True,False
71315377,2005-2009,3.0,2.0,5.0,False,False
95444343,2000-2004,5.0,0.0,5.0,True,False
99454951,2005-2009,2.0,3.0,5.0,True,False
127561419,2010-2014,3.0,2.0,5.0,False,False
153911025,2010-2014,2.0,3.0,5.0,True,False
169760540,2010-2014,4.0,1.0,5.0,True,False
175783326,2010-2014,4.0,1.0,5.0,False,False
177713679,2000-2004,2.0,3.0,5.0,True,False
177779419,2010-2014,3.0,2.0,5.0,False,False
180754005,2005-2009,1.0,4.0,5.0,False,False
193252679,2000-2004,2.0,3.0,5.0,False,False
201903717,2005-2009,2.0,3.0,5.0,False,False
2776112149,2010-2014,2.0,3.0,5.0,False,False
2778163477,2005-2009,2.0,3.0,5.0,False,False
2778163477,2010-2014,3.0,2.0,5.0,False,False
2778260677,2005-2009,1.0,4.0,5.0,False,False
2778260677,2010-2014,2.0,3.0,5.0,False,False
2778435480,2005-2009,3.0,2.0,5.0,False,False
2779457091,2000-2004,2.0,3.0,5.0,False,False
2780325230,2010-2014,3.0,2.0,5.0,False,False
2780596555,2010-2014,3.0,2.0,5.0,False,False
2781472170,2005-2009,2.0,3.0,5.0,False,False
3019368612,2010-2014,3.0,2.0,5.0,False,False
14184104,2010-2014,1.0,3.0,4.0,False,False
18903297,2005-2009,2.0,2.0,4.0,True,False
23131810,2005-2009,2.0,2.0,4.0,False,False
30092816,2005-2009,2.0,2.0,4.0,False,False
44465124,2000-2004,1.0,3.0,4.0,False,False
54183767,2010-2014,2.0,2.0,4.0,False,False
65409693,2010-2014,2.0,2.0,4.0,False,False
74909509,2010-2014,1.0,3.0,4.0,True,False
78458016,2000-2004,1.0,3.0,4.0,True,False
89423630,2000-2004,1.0,3.0,4.0,True,False
90856448,2000-2004,1.0,3.0,4.0,True,False
105702510,2010-2014,1.0,3.0,4.0,True,False
111852164,2005-2009,2.0,2.0,4.0,False,False
118552586,2000-2004,2.0,2.0,4.0,True,False
126894567,2010-2014,2.0,2.0,4.0,True,False
141231307,2000-2004,2.0,2.0,4.0,True,False
142462285,2005-2009,1.0,3.0,4.0,False,False
150194340,2005-2009,3.0,1.0,4.0,True,False
157333092,2005-2009,2.0,2.0,4.0,False,False
159047783,2000-2004,2.0,2.0,4.0,True,False
159047783,2005-2009,3.0,1.0,4.0,True,False
159654299,2010-2014,1.0,3.0,4.0,True,False
160735492,2000-2004,1.0,3.0,4.0,True,False
181199279,2005-2009,3.0,1.0,4.0,True,False
190283241,2010-2014,3.0,1.0,4.0,True,False
195910791,2005-2009,2.0,2.0,4.0,False,False
203014093,2000-2004,3.0,1.0,4.0,True,False
207103383,2010-2014,1.0,3.0,4.0,False,False
545542383,2000-2004,2.0,2.0,4.0,True,False
545542383,2010-2014,2.0,2.0,4.0,True,False
547475151,2010-2014,3.0,1.0,4.0,False,False
552990157,2010-2014,2.0,2.0,4.0,True,False
2775862500,2005-2009,2.0,2.0,4.0,False,False
2775962179,2010-2014,3.0,1.0,4.0,False,False
2776102371,2005-2009,1.0,3.0,4.0,False,False
2776233030,2005-2009,0.0,4.0,4.0,False,False
2776422119,2000-2004,1.0,3.0,4.0,False,False
2777077863,2005-2009,1.0,3.0,4.0,False,False
2777180221,2010-2014,1.0,3.0,4.0,False,False
2777251235,2005-2009,2.0,2.0,4.0,False,False
2777507495,2010-2014,2.0,2.0,4.0,False,False
2777524370,2010-2014,1.0,3.0,4.0,False,False
2777546802,2010-2014,1.0,3.0,4.0,False,False
2777556957,2005-2009,2.0,2.0,4.0,False,False
2777914695,2005-2009,1.0,3.0,4.0,False,False
2778329239,2010-2014,1.0,3.0,4.0,False,False
2778754761,2010-2014,0.0,4.0,4.0,False,False
2779234561,2010-2014,3.0,1.0,4.0,True,False
2779343474,2010-2014,2.0,2.0,4.0,True,False
2779384505,2005-2009,2.0,2.0,4.0,False,False
2779473830,2010-2014,1.0,3.0,4.0,True,False
2779549880,2005-2009,1.0,3.0,4.0,False,False
2780007613,2005-2009,1.0,3.0,4.0,False,False
2780086907,2000-2004,1.0,3.0,4.0,False,False
2780385504,2010-2014,3.0,1.0,4.0,False,False
2780479503,2005-2009,1.0,3.0,4.0,False,False
2780564577,2005-2009,1.0,3.0,4.0,False,False
2781145037,2005-2009,1.0,3.0,4.0,False,False
2781413609,2005-2009,1.0,3.0,4.0,False,False
2910921701,2005-2009,3.0,1.0,4.0,False,False
2993143319,2005-2009,1.0,3.0,4.0,False,False
3013748606,2005-2009,1.0,3.0,4.0,False,False
3018553135,2005-2009,2.0,2.0,4.0,False,False
3018906752,2005-2009,2.0,2.0,4.0,False,False
1629964,2010-2014,2.0,1.0,3.0,False,False
2989005,2010-2014,1.0,2.0,3.0,True,False
10446079,2010-2014,2.0,1.0,3.0,False,False
12326286,2000-2004,1.0,2.0,3.0,False,False
13373296,2010-2014,1.0,2.0,3.0,False,False
16930146,2010-2014,1.0,2.0,3.0,False,False
17991360,2005-2009,1.0,2.0,3.0,False,False
29694066,2005-2009,2.0,1.0,3.0,False,False
35605836,2010-2014,2.0,1.0,3.0,False,False
36454342,2010-2014,1.0,2.0,3.0,False,False
41091548,2010-2014,3.0,0.0,3.0,False,False
42062724,2000-2004,1.0,2.0,3.0,False,False
42219234,2005-2009,2.0,1.0,3.0,True,False
44575665,2010-2014,1.0,2.0,3.0,False,False
50382708,2010-2014,2.0,1.0,3.0,False,False
51911345,2010-2014,2.0,1.0,3.0,False,False
55493867,2000-2004,3.0,0.0,3.0,True,False
66322754,2010-2014,2.0,1.0,3.0,False,False
77350462,2010-2014,3.0,0.0,3.0,False,False
77805123,2005-2009,1.0,2.0,3.0,True,False
81941488,2010-2014,1.0,2.0,3.0,False,False
82789193,2005-2009,1.0,2.0,3.0,False,False
86339819,2000-2004,2.0,1.0,3.0,True,False
86339819,2010-2014,2.0,1.0,3.0,True,False
89560881,2000-2004,3.0,0.0,3.0,False,False
91478284,2005-2009,1.0,2.0,3.0,False,False
98045186,2000-2004,2.0,1.0,3.0,True,False
98274493,2000-2004,2.0,1.0,3.0,True,False
105702510,2005-2009,1.0,2.0,3.0,True,False
107130276,2010-2014,1.0,2.0,3.0,False,False
119056186,2005-2009,1.0,2.0,3.0,False,False
119157956,2000-2004,3.0,0.0,3.0,False,False
124490489,2005-2009,1.0,2.0,3.0,False,False
127716648,2010-2014,2.0,1.0,3.0,True,False
136229726,2000-2004,2.0,1.0,3.0,True,False
136764020,2005-2009,1.0,2.0,3.0,True,False
140704245,2010-2014,1.0,2.0,3.0,False,False
142052008,2005-2009,1.0,2.0,3.0,False,False
151279780,2005-2009,1.0,2.0,3.0,False,False
153911025,2000-2004,3.0,0.0,3.0,True,False
154945302,2010-2014,1.0,2.0,3.0,True,False
159110408,2010-2014,0.0,3.0,3.0,True,False
159641895,2005-2009,1.0,2.0,3.0,True,False
167135981,2005-2009,1.0,2.0,3.0,False,False
169900460,2005-2009,1.0,2.0,3.0,True,False
171958077,2010-2014,1.0,2.0,3.0,False,False
177857423,2010-2014,2.0,1.0,3.0,False,False
181199279,2010-2014,2.0,1.0,3.0,True,False
187212893,2005-2009,1.0,2.0,3.0,False,False
190727270,2010-2014,3.0,0.0,3.0,False,False
190944805,2005-2009,1.0,2.0,3.0,False,False
194828623,2000-2004,0.0,3.0,3.0,False,False
199539241,2005-2009,2.0,1.0,3.0,True,False
202751555,2005-2009,1.0,2.0,3.0,True,False
204243189,2010-2014,2.0,1.0,3.0,False,False
204787440,2005-2009,0.0,3.0,3.0,False,False
204787440,2010-2014,2.0,1.0,3.0,False,False
207001950,2005-2009,1.0,2.0,3.0,True,False
207103383,2005-2009,1.0,2.0,3.0,False,False
207480886,2010-2014,1.0,2.0,3.0,False,False
500440147,2005-2009,1.0,2.0,3.0,False,False
511355011,2010-2014,2.0,1.0,3.0,False,False
515207424,2005-2009,2.0,1.0,3.0,True,False
526805850,2005-2009,1.0,2.0,3.0,False,False
529295009,2010-2014,2.0,1.0,3.0,False,False
558461103,2005-2009,1.0,2.0,3.0,False,False
2775862500,2010-2014,1.0,2.0,3.0,False,False
2775944032,2005-2009,1.0,2.0,3.0,False,False
2776016237,2005-2009,2.0,1.0,3.0,False,False
2776034101,2000-2004,1.0,2.0,3.0,False,False
2776042228,2005-2009,2.0,1.0,3.0,False,False
2776056826,2010-2014,1.0,2.0,3.0,False,False
2776252253,2010-2014,1.0,2.0,3.0,False,False
2776260265,2005-2009,1.0,2.0,3.0,False,False
2776337968,2000-2004,1.0,2.0,3.0,False,False
2776337968,2005-2009,1.0,2.0,3.0,False,False
2776341189,2005-2009,2.0,1.0,3.0,False,False
2776360568,2005-2009,1.0,2.0,3.0,False,False
2776376669,2005-2009,1.0,2.0,3.0,False,False
2776694085,2005-2009,2.0,1.0,3.0,False,False
2776694085,2010-2014,3.0,0.0,3.0,False,False
2776780178,2010-2014,0.0,3.0,3.0,False,False
2776867660,2005-2009,1.0,2.0,3.0,False,False
2777164284,2010-2014,2.0,1.0,3.0,False,False
2777216303,2005-2009,1.0,2.0,3.0,False,False
2777363581,2005-2009,1.0,2.0,3.0,False,False
2777438270,2010-2014,1.0,2.0,3.0,True,False
2777524370,2005-2009,1.0,2.0,3.0,False,False
2777714996,2010-2014,1.0,2.0,3.0,False,False
2778277574,2010-2014,2.0,1.0,3.0,False,False
2778653478,2010-2014,1.0,2.0,3.0,False,False
2778843546,2005-2009,1.0,2.0,3.0,False,False
2779280984,2010-2014,3.0,0.0,3.0,False,False
2779281246,2005-2009,2.0,1.0,3.0,True,False
2779338263,2010-2014,2.0,1.0,3.0,False,False
2779457091,2010-2014,2.0,1.0,3.0,False,False
2779649592,2005-2009,2.0,1.0,3.0,False,False
2779786854,2005-2009,1.0,2.0,3.0,False,False
2779802037,2000-2004,1.0,2.0,3.0,False,False
2779881121,2005-2009,1.0,2.0,3.0,False,False
2779978075,2010-2014,1.0,2.0,3.0,False,False
2780076729,2005-2009,1.0,2.0,3.0,False,False
2780076729,2010-2014,1.0,2.0,3.0,False,False
2780076745,2010-2014,0.0,3.0,3.0,False,False
2780193096,2005-2009,2.0,1.0,3.0,False,False
2780202543,2010-2014,1.0,2.0,3.0,False,False
2780221984,2005-2009,1.0,2.0,3.0,False,False
2780255968,2005-2009,0.0,3.0,3.0,False,False
2780303639,2005-2009,2.0,1.0,3.0,False,False
2780378061,2005-2009,1.0,2.0,3.0,True,False
2780541478,2010-2014,2.0,1.0,3.0,False,False
2780559512,2010-2014,2.0,1.0,3.0,False,False
2780564577,2010-2014,0.0,3.0,3.0,False,False
2780615123,2010-2014,0.0,3.0,3.0,False,False
2780670349,2005-2009,1.0,2.0,3.0,False,False
2780724011,2010-2014,2.0,1.0,3.0,False,False
2780820201,2010-2014,1.0,2.0,3.0,False,False
2780941987,2010-2014,3.0,0.0,3.0,False,False
2780942790,2010-2014,1.0,2.0,3.0,False,False
2780955771,2010-2014,3.0,0.0,3.0,False,False
2781077229,2010-2014,2.0,1.0,3.0,False,False
2781197716,2010-2014,2.0,1.0,3.0,False,False
2781228260,2000-2004,1.0,2.0,3.0,False,False
2781411149,2000-2004,1.0,2.0,3.0,False,False
2993137441,2010-2014,2.0,1.0,3.0,False,False
3017921493,2005-2009,1.0,2.0,3.0,False,False
3018457394,2005-2009,1.0,2.0,3.0,False,False
1629964,2000-2004,2.0,0.0,2.0,False,False
1629964,2005-2009,2.0,0.0,2.0,False,False
2771230,2010-2014,1.0,1.0,2.0,False,False
3175096,2005-2009,1.0,1.0,2.0,False,False
3604424,2010-2014,1.0,1.0,2.0,False,False
4725764,2000-2004,1.0,1.0,2.0,True,False
7623868,2010-2014,1.0,1.0,2.0,False,False
10116572,2010-2014,1.0,1.0,2.0,False,False
12770488,2010-2014,1.0,1.0,2.0,False,False
15151743,2005-2009,0.0,2.0,2.0,False,False
16685009,2010-2014,1.0,1.0,2.0,False,False
16930146,2005-2009,0.0,2.0,2.0,False,False
17923572,2005-2009,1.0,1.0,2.0,False,False
21547014,2005-2009,1.0,1.0,2.0,True,False
23131810,2010-2014,2.0,0.0,2.0,False,False
23589133,2010-2014,1.0,1.0,2.0,False,False
24432333,2000-2004,1.0,1.0,2.0,False,False
28328180,2000-2004,2.0,0.0,2.0,True,False
28328180,2010-2014,1.0,1.0,2.0,True,False
29456083,2010-2014,1.0,1.0,2.0,True,False
29537977,2005-2009,1.0,1.0,2.0,False,False
29537977,2010-2014,2.0,0.0,2.0,False,False
29694066,2000-2004,1.0,1.0,2.0,False,False
29694066,2010-2014,0.0,2.0,2.0,False,False
32465701,2005-2009,2.0,0.0,2.0,False,False
32762888,2010-2014,2.0,0.0,2.0,False,False
33997684,2010-2014,1.0,1.0,2.0,False,False
34439696,2005-2009,1.0,1.0,2.0,False,False
36434225,2010-2014,1.0,1.0,2.0,False,False
36880943,2000-2004,1.0,1.0,2.0,False,False
37193104,2005-2009,0.0,2.0,2.0,False,False
38180746,2005-2009,1.0,1.0,2.0,False,False
38652104,2005-2009,1.0,1.0,2.0,True,False
40767141,2000-2004,2.0,0.0,2.0,False,False
40993552,2005-2009,1.0,1.0,2.0,False,False
41625074,2000-2004,1.0,1.0,2.0,True,False
42062724,2010-2014,1.0,1.0,2.0,False,False
42219234,2000-2004,1.0,1.0,2.0,True,False
43563269,2005-2009,0.0,2.0,2.0,False,False
43617362,2000-2004,1.0,1.0,2.0,True,False
46762472,2010-2014,0.0,2.0,2.0,False,False
48349386,2010-2014,1.0,1.0,2.0,False,False
49774154,2005-2009,1.0,1.0,2.0,True,False
50382708,2005-2009,1.0,1.0,2.0,False,False
50440223,2010-2014,1.0,1.0,2.0,False,False
51785407,2005-2009,1.0,1.0,2.0,False,False
54173615,2000-2004,2.0,0.0,2.0,False,False
54847362,2010-2014,1.0,1.0,2.0,False,False
55427017,2010-2014,1.0,1.0,2.0,False,False
57074206,2005-2009,1.0,1.0,2.0,False,False
57658597,2005-2009,1.0,1.0,2.0,False,False
58747440,2010-2014,1.0,1.0,2.0,False,False
60644358,2000-2004,1.0,1.0,2.0,True,False
61427482,2010-2014,1.0,1.0,2.0,False,False
61434518,2005-2009,1.0,1.0,2.0,True,False
61511704,2010-2014,0.0,2.0,2.0,False,False
61797465,2005-2009,1.0,1.0,2.0,True,False
62112901,2010-2014,2.0,0.0,2.0,False,False
62231903,2010-2014,1.0,1.0,2.0,False,False
62746215,2005-2009,0.0,2.0,2.0,False,False
63592243,2010-2014,1.0,1.0,2.0,False,False
63645605,2010-2014,1.0,1.0,2.0,False,False
64927066,2005-2009,1.0,1.0,2.0,False,False
64927066,2010-2014,1.0,1.0,2.0,False,False
66090201,2010-2014,1.0,1.0,2.0,False,False
67705224,2000-2004,2.0,0.0,2.0,True,False
68873052,2005-2009,1.0,1.0,2.0,False,False
69562835,2010-2014,2.0,0.0,2.0,False,False
70410870,2005-2009,1.0,1.0,2.0,True,False
71240020,2010-2014,1.0,1.0,2.0,True,False
71315377,2010-2014,1.0,1.0,2.0,False,False
71405471,2005-2009,1.0,1.0,2.0,False,False
74172505,2010-2014,0.0,2.0,2.0,False,False
75217442,2010-2014,2.0,0.0,2.0,False,False
75480439,2000-2004,1.0,1.0,2.0,False,False
78458016,2010-2014,2.0,0.0,2.0,True,False
81407943,2005-2009,1.0,1.0,2.0,False,False
81603835,2005-2009,1.0,1.0,2.0,False,False
84393581,2005-2009,0.0,2.0,2.0,True,False
84597430,2010-2014,1.0,1.0,2.0,False,False
85004164,2005-2009,1.0,1.0,2.0,False,False
86339819,2005-2009,2.0,0.0,2.0,True,False
88478588,2000-2004,2.0,0.0,2.0,False,False
88634738,2010-2014,1.0,1.0,2.0,False,False
99454951,2010-2014,1.0,1.0,2.0,True,False
100548800,2010-2014,1.0,1.0,2.0,False,False
100660578,2005-2009,1.0,1.0,2.0,True,False
101014631,2010-2014,1.0,1.0,2.0,False,False
101762097,2010-2014,1.0,1.0,2.0,False,False
102230213,2005-2009,1.0,1.0,2.0,False,False
105176652,2000-2004,1.0,1.0,2.0,False,False
107457646,2005-2009,1.0,1.0,2.0,True,False
107793267,2010-2014,1.0,1.0,2.0,False,False
108827166,2005-2009,1.0,1.0,2.0,True,False
113324615,2005-2009,1.0,1.0,2.0,False,False
116675565,2005-2009,1.0,1.0,2.0,False,False
118487528,2010-2014,1.0,1.0,2.0,True,False
119157956,2010-2014,1.0,1.0,2.0,False,False
124306116,2010-2014,1.0,1.0,2.0,False,False
125009961,2000-2004,1.0,1.0,2.0,False,False
125418893,2005-2009,1.0,1.0,2.0,False,False
126838900,2005-2009,1.0,1.0,2.0,True,False
131872663,2010-2014,1.0,1.0,2.0,False,False
133462117,2000-2004,1.0,1.0,2.0,False,False
136197465,2010-2014,1.0,1.0,2.0,True,False
136229726,2005-2009,0.0,2.0,2.0,True,False
136449434,2010-2014,0.0,2.0,2.0,False,False
137627325,2000-2004,1.0,1.0,2.0,False,False
137627325,2010-2014,0.0,2.0,2.0,False,False
138816342,2005-2009,1.0,1.0,2.0,False,False
139275648,2010-2014,0.0,2.0,2.0,False,False
139572402,2010-2014,1.0,1.0,2.0,False,False
141231307,2010-2014,0.0,2.0,2.0,True,False
143095724,2005-2009,1.0,1.0,2.0,False,False
143998085,2000-2004,1.0,1.0,2.0,True,False
145059251,2010-2014,1.0,1.0,2.0,False,False
146304588,2005-2009,1.0,1.0,2.0,False,False
146357865,2005-2009,1.0,1.0,2.0,True,False
147483822,2010-2014,0.0,2.0,2.0,False,False
148257392,2010-2014,1.0,1.0,2.0,False,False
149011108,2005-2009,1.0,1.0,2.0,False,False
149923435,2010-2014,1.0,1.0,2.0,False,False
150903083,2010-2014,1.0,1.0,2.0,True,False
150966472,2010-2014,1.0,1.0,2.0,False,False
151719136,2005-2009,1.0,1.0,2.0,False,False
151956035,2005-2009,1.0,1.0,2.0,True,False
151956035,2010-2014,1.0,1.0,2.0,True,False
152541439,2005-2009,0.0,2.0,2.0,False,False
154390347,2005-2009,0.0,2.0,2.0,False,False
156662089,2010-2014,1.0,1.0,2.0,False,False
158689903,2010-2014,1.0,1.0,2.0,False,False
161733203,2010-2014,1.0,1.0,2.0,False,False
164705383,2000-2004,1.0,1.0,2.0,True,False
166504685,2010-2014,1.0,1.0,2.0,False,False
166888038,2010-2014,2.0,0.0,2.0,False,False
167135981,2010-2014,0.0,2.0,2.0,False,False
169093310,2005-2009,1.0,1.0,2.0,False,False
169760540,2005-2009,2.0,0.0,2.0,True,False
169900460,2000-2004,1.0,1.0,2.0,True,False
170130773,2005-2009,1.0,1.0,2.0,True,False
171056886,2005-2009,0.0,2.0,2.0,False,False
171089720,2005-2009,1.0,1.0,2.0,False,False
171958077,2005-2009,1.0,1.0,2.0,False,False
172680121,2010-2014,2.0,0.0,2.0,False,False
172829275,2005-2009,1.0,1.0,2.0,False,False
177336024,2010-2014,1.0,1.0,2.0,False,False
178790620,2010-2014,2.0,0.0,2.0,True,False
179755657,2005-2009,1.0,1.0,2.0,False,False
182843373,2010-2014,1.0,1.0,2.0,False,False
187785154,2010-2014,1.0,1.0,2.0,False,False
188261085,2010-2014,1.0,1.0,2.0,False,False
188816634,2010-2014,1.0,1.0,2.0,False,False
189206191,2000-2004,1.0,1.0,2.0,False,False
190139176,2010-2014,2.0,0.0,2.0,False,False
190385971,2005-2009,1.0,1.0,2.0,False,False
190743605,2000-2004,1.0,1.0,2.0,False,False
191897082,2000-2004,1.0,1.0,2.0,True,False
194828623,2010-2014,1.0,1.0,2.0,False,False
195094911,2000-2004,1.0,1.0,2.0,False,False
197754878,2010-2014,1.0,1.0,2.0,False,False
198451711,2010-2014,1.0,1.0,2.0,False,False
199172495,2010-2014,1.0,1.0,2.0,False,False
202751555,2010-2014,1.0,1.0,2.0,True,False
203075996,2010-2014,0.0,2.0,2.0,False,False
203565725,2005-2009,1.0,1.0,2.0,False,False
204232928,2005-2009,1.0,1.0,2.0,True,False
204232928,2010-2014,1.0,1.0,2.0,True,False
205778803,2010-2014,1.0,1.0,2.0,False,False
206729178,2005-2009,1.0,1.0,2.0,True,False
506065880,2000-2004,1.0,1.0,2.0,False,False
511192102,2005-2009,1.0,1.0,2.0,False,False
511355011,2005-2009,1.0,1.0,2.0,False,False
515207424,2000-2004,2.0,0.0,2.0,True,False
515851188,2010-2014,1.0,1.0,2.0,False,False
516994506,2010-2014,1.0,1.0,2.0,False,False
523026621,2005-2009,1.0,1.0,2.0,False,False
529278444,2010-2014,1.0,1.0,2.0,True,False
541997718,2010-2014,1.0,1.0,2.0,False,False
547475151,2005-2009,2.0,0.0,2.0,False,False
558461103,2010-2014,1.0,1.0,2.0,False,False
1491633281,2005-2009,0.0,2.0,2.0,True,False
1491633281,2010-2014,2.0,0.0,2.0,True,False
2522767166,2010-2014,1.0,1.0,2.0,True,False
2522874641,2000-2004,1.0,1.0,2.0,True,False
2775913212,2005-2009,1.0,1.0,2.0,False,False
2775934546,2005-2009,0.0,2.0,2.0,True,False
2775937945,2010-2014,1.0,1.0,2.0,False,False
2775992322,2010-2014,2.0,0.0,2.0,False,False
2776007630,2005-2009,1.0,1.0,2.0,False,False
2776016237,2000-2004,2.0,0.0,2.0,False,False
2776016237,2010-2014,2.0,0.0,2.0,False,False
2776090121,2010-2014,1.0,1.0,2.0,False,False
2776104379,2005-2009,0.0,2.0,2.0,False,False
2776135927,2010-2014,1.0,1.0,2.0,False,False
2776145723,2010-2014,1.0,1.0,2.0,False,False
2776164576,2005-2009,0.0,2.0,2.0,False,False
2776166826,2010-2014,1.0,1.0,2.0,False,False
2776174256,2010-2014,1.0,1.0,2.0,False,False
2776178377,2010-2014,0.0,2.0,2.0,False,False
2776193436,2010-2014,1.0,1.0,2.0,False,False
2776202939,2010-2014,1.0,1.0,2.0,False,False
2776235491,2010-2014,1.0,1.0,2.0,False,False
2776256026,2010-2014,1.0,1.0,2.0,False,False
2776265017,2010-2014,1.0,1.0,2.0,False,False
2776317777,2005-2009,1.0,1.0,2.0,False,False
2776329913,2000-2004,1.0,1.0,2.0,False,False
2776351790,2010-2014,1.0,1.0,2.0,False,False
2776378700,2005-2009,1.0,1.0,2.0,False,False
2776420369,2000-2004,1.0,1.0,2.0,False,False
2776478404,2005-2009,1.0,1.0,2.0,False,False
2776520383,2005-2009,1.0,1.0,2.0,False,False
2776530707,2005-2009,1.0,1.0,2.0,False,False
2776541429,2010-2014,1.0,1.0,2.0,False,False
2776603820,2000-2004,2.0,0.0,2.0,False,False
2776603820,2005-2009,2.0,0.0,2.0,False,False
2776644030,2005-2009,0.0,2.0,2.0,False,False
2776654903,2005-2009,1.0,1.0,2.0,False,False
2776694085,2000-2004,1.0,1.0,2.0,False,False
2776813522,2005-2009,1.0,1.0,2.0,False,False
2776814716,2005-2009,1.0,1.0,2.0,False,False
2776819169,2005-2009,1.0,1.0,2.0,False,False
2776821229,2005-2009,1.0,1.0,2.0,False,False
2776882836,2010-2014,1.0,1.0,2.0,False,False
2776886416,2005-2009,1.0,1.0,2.0,False,False
2776953305,2010-2014,2.0,0.0,2.0,False,False
2776990098,2005-2009,1.0,1.0,2.0,False,False
2777075537,2005-2009,1.0,1.0,2.0,False,False
2777075537,2010-2014,0.0,2.0,2.0,False,False
2777077863,2000-2004,1.0,1.0,2.0,False,False
2777090595,2005-2009,0.0,2.0,2.0,False,False
2777105317,2010-2014,1.0,1.0,2.0,False,False
2777116383,2010-2014,1.0,1.0,2.0,False,False
2777123777,2000-2004,1.0,1.0,2.0,False,False
2777129736,2005-2009,1.0,1.0,2.0,False,False
2777138892,2005-2009,1.0,1.0,2.0,False,False
2777178219,2010-2014,2.0,0.0,2.0,False,False
2777214474,2005-2009,1.0,1.0,2.0,False,False
2777230088,2005-2009,1.0,1.0,2.0,True,False
2777391703,2005-2009,1.0,1.0,2.0,False,False
2777439022,2010-2014,2.0,0.0,2.0,False,False
2777466982,2005-2009,0.0,2.0,2.0,False,False
2777575956,2000-2004,1.0,1.0,2.0,False,False
2777576037,2005-2009,0.0,2.0,2.0,False,False
2777576356,2010-2014,1.0,1.0,2.0,False,False
2777583451,2005-2009,0.0,2.0,2.0,False,False
2777652487,2005-2009,1.0,1.0,2.0,False,False
2777674748,2000-2004,1.0,1.0,2.0,False,False
2777695942,2010-2014,1.0,1.0,2.0,False,False
2777714996,2005-2009,1.0,1.0,2.0,False,False
2777766500,2005-2009,0.0,2.0,2.0,False,False
2777846895,2005-2009,1.0,1.0,2.0,False,False
2777858829,2010-2014,0.0,2.0,2.0,False,False
2777882243,2010-2014,1.0,1.0,2.0,False,False
2777911890,2005-2009,1.0,1.0,2.0,False,False
2777929519,2005-2009,1.0,1.0,2.0,False,False
2777961210,2010-2014,1.0,1.0,2.0,False,False
2777965375,2005-2009,1.0,1.0,2.0,False,False
2777984932,2005-2009,1.0,1.0,2.0,False,False
2778001298,2010-2014,1.0,1.0,2.0,False,False
2778009244,2000-2004,1.0,1.0,2.0,False,False
2778019847,2005-2009,1.0,1.0,2.0,False,False
2778022156,2000-2004,1.0,1.0,2.0,False,False
2778082588,2005-2009,1.0,1.0,2.0,False,False
2778096610,2010-2014,1.0,1.0,2.0,False,False
2778144972,2010-2014,0.0,2.0,2.0,False,False
2778227246,2010-2014,2.0,0.0,2.0,False,False
2778375690,2005-2009,1.0,1.0,2.0,False,False
2778384902,2010-2014,0.0,2.0,2.0,False,False
2778451229,2005-2009,1.0,1.0,2.0,False,False
2778456384,2005-2009,1.0,1.0,2.0,False,False
2778456384,2010-2014,1.0,1.0,2.0,False,False
2778476105,2005-2009,1.0,1.0,2.0,True,False
2778496288,2005-2009,1.0,1.0,2.0,False,False
2778496288,2010-2014,1.0,1.0,2.0,False,False
2778531004,2010-2014,1.0,1.0,2.0,False,False
2778538070,2010-2014,1.0,1.0,2.0,False,False
2778570526,2005-2009,0.0,2.0,2.0,False,False
2778575167,2005-2009,1.0,1.0,2.0,False,False
2778587949,2010-2014,1.0,1.0,2.0,False,False
2778594517,2005-2009,1.0,1.0,2.0,False,False
2778643871,2000-2004,1.0,1.0,2.0,False,False
2778715236,2010-2014,1.0,1.0,2.0,False,False
2778729363,2005-2009,0.0,2.0,2.0,False,False
2778739829,2005-2009,1.0,1.0,2.0,False,False
2778907293,2005-2009,1.0,1.0,2.0,False,False
2778910516,2010-2014,2.0,0.0,2.0,False,False
2778913445,2010-2014,1.0,1.0,2.0,False,False
2778923194,2005-2009,1.0,1.0,2.0,False,False
2778975655,2005-2009,1.0,1.0,2.0,False,False
2779105634,2005-2009,1.0,1.0,2.0,False,False
2779134260,2000-2004,1.0,1.0,2.0,True,False
2779159551,2005-2009,1.0,1.0,2.0,False,False
2779222958,2005-2009,0.0,2.0,2.0,False,False
2779244956,2005-2009,1.0,1.0,2.0,False,False
2779280984,2005-2009,0.0,2.0,2.0,False,False
2779306644,2005-2009,1.0,1.0,2.0,False,False
2779328685,2000-2004,1.0,1.0,2.0,False,False
2779337755,2010-2014,1.0,1.0,2.0,False,False
2779338263,2005-2009,1.0,1.0,2.0,False,False
2779341262,2005-2009,0.0,2.0,2.0,False,False
2779343474,2005-2009,0.0,2.0,2.0,True,False
2779379848,2000-2004,1.0,1.0,2.0,False,False
2779384505,2010-2014,0.0,2.0,2.0,False,False
2779454807,2005-2009,0.0,2.0,2.0,False,False
2779483572,2000-2004,1.0,1.0,2.0,False,False
2779530757,2005-2009,1.0,1.0,2.0,True,False
2779547902,2005-2009,1.0,1.0,2.0,False,False
2779609443,2005-2009,1.0,1.0,2.0,False,False
2779649592,2000-2004,2.0,0.0,2.0,False,False
2779685841,2000-2004,0.0,2.0,2.0,False,False
2779685841,2005-2009,0.0,2.0,2.0,False,False
2779685841,2010-2014,1.0,1.0,2.0,False,False
2779688492,2000-2004,1.0,1.0,2.0,False,False
2779703844,2005-2009,1.0,1.0,2.0,False,False
2779725882,2000-2004,1.0,1.0,2.0,False,False
2779740938,2005-2009,1.0,1.0,2.0,False,False
2779746960,2010-2014,1.0,1.0,2.0,False,False
2779753318,2000-2004,1.0,1.0,2.0,False,False
2779802037,2005-2009,1.0,1.0,2.0,False,False
2779812621,2005-2009,1.0,1.0,2.0,False,False
2779835254,2010-2014,1.0,1.0,2.0,False,False
2779903281,2010-2014,1.0,1.0,2.0,True,False
2779937294,2005-2009,1.0,1.0,2.0,False,False
2779951463,2010-2014,0.0,2.0,2.0,False,False
2780007613,2000-2004,1.0,1.0,2.0,False,False
2780007613,2010-2014,2.0,0.0,2.0,False,False
2780024818,2005-2009,0.0,2.0,2.0,False,False
2780035454,2010-2014,1.0,1.0,2.0,True,False
2780072125,2005-2009,0.0,2.0,2.0,False,False
2780076745,2005-2009,1.0,1.0,2.0,False,False
2780093864,2005-2009,1.0,1.0,2.0,False,False
2780105995,2010-2014,0.0,2.0,2.0,False,False
2780110798,2005-2009,1.0,1.0,2.0,False,False
2780120127,2005-2009,1.0,1.0,2.0,False,False
2780130043,2010-2014,0.0,2.0,2.0,False,False
2780131103,2005-2009,1.0,1.0,2.0,False,False
2780159080,2005-2009,1.0,1.0,2.0,False,False
2780176578,2010-2014,1.0,1.0,2.0,False,False
2780221984,2010-2014,1.0,1.0,2.0,False,False
2780269544,2000-2004,2.0,0.0,2.0,True,False
2780269544,2010-2014,1.0,1.0,2.0,True,False
2780290630,2005-2009,1.0,1.0,2.0,False,False
2780306776,2000-2004,1.0,1.0,2.0,False,False
2780325230,2005-2009,1.0,1.0,2.0,False,False
2780338112,2005-2009,1.0,1.0,2.0,False,False
2780375110,2010-2014,1.0,1.0,2.0,False,False
2780404050,2010-2014,1.0,1.0,2.0,False,False
2780451532,2005-2009,1.0,1.0,2.0,True,False
2780472472,2010-2014,1.0,1.0,2.0,False,False
2780479503,2010-2014,0.0,2.0,2.0,False,False
2780536345,2010-2014,1.0,1.0,2.0,False,False
2780542314,2005-2009,1.0,1.0,2.0,False,False
2780550940,2005-2009,0.0,2.0,2.0,False,False
2780561631,2005-2009,2.0,0.0,2.0,False,False
2780580376,2010-2014,2.0,0.0,2.0,False,False
2780615836,2005-2009,1.0,1.0,2.0,False,False
2780645631,2010-2014,1.0,1.0,2.0,True,False
2780653079,2010-2014,2.0,0.0,2.0,False,False
2780724011,2005-2009,1.0,1.0,2.0,False,False
2780808130,2005-2009,1.0,1.0,2.0,False,False
2780938799,2010-2014,1.0,1.0,2.0,False,False
2780955771,2005-2009,0.0,2.0,2.0,False,False
2780992837,2010-2014,1.0,1.0,2.0,False,False
2781071285,2010-2014,1.0,1.0,2.0,False,False
2781099255,2010-2014,1.0,1.0,2.0,False,False
2781137159,2005-2009,1.0,1.0,2.0,False,False
2781161787,2010-2014,1.0,1.0,2.0,True,False
2781210498,2000-2004,1.0,1.0,2.0,False,False
2781228260,2005-2009,1.0,1.0,2.0,False,False
2781323092,2005-2009,1.0,1.0,2.0,False,False
2781411149,2005-2009,1.0,1.0,2.0,False,False
2781427535,2005-2009,1.0,1.0,2.0,False,False
2781437307,2005-2009,1.0,1.0,2.0,False,False
2781460075,2000-2004,1.0,1.0,2.0,False,False
2908810495,2005-2009,1.0,1.0,2.0,False,False
2909048080,2005-2009,1.0,1.0,2.0,False,False
2909063479,2010-2014,0.0,2.0,2.0,False,False
2909273474,2005-2009,1.0,1.0,2.0,False,False
2909592510,2005-2009,1.0,1.0,2.0,False,False
2909675724,2010-2014,1.0,1.0,2.0,False,False
2909898526,2010-2014,1.0,1.0,2.0,False,False
2910160754,2010-2014,1.0,1.0,2.0,False,False
2910274206,2000-2004,2.0,0.0,2.0,False,False
2910921701,2000-2004,2.0,0.0,2.0,False,False
2910921701,2010-2014,1.0,1.0,2.0,False,False
2911110750,2005-2009,2.0,0.0,2.0,False,False
2984423262,2005-2009,1.0,1.0,2.0,False,False
2984752397,2005-2009,1.0,1.0,2.0,False,False
2986629439,2010-2014,1.0,1.0,2.0,False,False
2987552334,2005-2009,1.0,1.0,2.0,False,False
2987857752,2005-2009,1.0,1.0,2.0,False,False
2992479659,2010-2014,1.0,1.0,2.0,False,False
2992672162,2010-2014,1.0,1.0,2.0,False,False
2992779976,2010-2014,0.0,2.0,2.0,False,False
2993784607,2005-2009,1.0,1.0,2.0,False,False
2994180119,2000-2004,1.0,1.0,2.0,False,False
2994498544,2005-2009,1.0,1.0,2.0,False,False
3017944768,2005-2009,1.0,1.0,2.0,False,False
3018498973,2010-2014,0.0,2.0,2.0,False,False
3019007097,2000-2004,1.0,1.0,2.0,False,False
3019548648,2000-2004,1.0,1.0,2.0,False,False
3019978661,2010-2014,1.0,1.0,2.0,False,False
3020199598,2010-2014,1.0,1.0,2.0,False,False
3020200829,2010-2014,1.0,1.0,2.0,False,False
3020332539,2005-2009,0.0,2.0,2.0,False,False
116537,2005-2009,0.0,1.0,1.0,True,False
761482,2010-2014,1.0,0.0,1.0,True,False
1167327,2010-2014,0.0,1.0,1.0,False,False
1862650,2000-2004,0.0,1.0,1.0,True,False
2426938,2000-2004,0.0,1.0,1.0,False,False
2426938,2010-2014,0.0,1.0,1.0,False,False
4175445,2010-2014,0.0,1.0,1.0,False,False
4937899,2005-2009,1.0,0.0,1.0,False,False
4937899,2010-2014,1.0,0.0,1.0,False,False
6492254,2000-2004,1.0,0.0,1.0,False,False
6929976,2000-2004,0.0,1.0,1.0,False,False
6929976,2010-2014,1.0,0.0,1.0,False,False
8330315,2010-2014,1.0,0.0,1.0,False,False
8891405,2000-2004,1.0,0.0,1.0,True,False
10389963,2005-2009,1.0,0.0,1.0,False,False
11783203,2005-2009,0.0,1.0,1.0,False,False
11960822,2000-2004,1.0,0.0,1.0,True,False
11960822,2005-2009,1.0,0.0,1.0,True,False
11960822,2010-2014,0.0,1.0,1.0,True,False
12554922,2010-2014,1.0,0.0,1.0,True,False
14036430,2005-2009,1.0,0.0,1.0,True,False
14036430,2010-2014,0.0,1.0,1.0,True,False
15151743,2010-2014,1.0,0.0,1.0,False,False
15708023,2005-2009,0.0,1.0,1.0,True,False
16345878,2010-2014,0.0,1.0,1.0,True,False
16568411,2010-2014,0.0,1.0,1.0,False,False
16685009,2005-2009,0.0,1.0,1.0,False,False
17295240,2010-2014,1.0,0.0,1.0,False,False
18431079,2005-2009,1.0,0.0,1.0,False,False
18762648,2005-2009,0.0,1.0,1.0,True,False
18903297,2000-2004,0.0,1.0,1.0,True,False
18903297,2010-2014,1.0,0.0,1.0,True,False
19720800,2010-2014,1.0,0.0,1.0,False,False
20387591,2005-2009,0.0,1.0,1.0,False,False
20387591,2010-2014,1.0,0.0,1.0,False,False
21547014,2010-2014,0.0,1.0,1.0,True,False
21951064,2005-2009,1.0,0.0,1.0,True,False
21951064,2010-2014,0.0,1.0,1.0,True,False
22802001,2010-2014,0.0,1.0,1.0,False,False
22885893,2010-2014,0.0,1.0,1.0,False,False
23416140,2005-2009,0.0,1.0,1.0,False,False
24586158,2010-2014,1.0,0.0,1.0,False,False
24998067,2010-2014,1.0,0.0,1.0,True,False
25365240,2010-2014,0.0,1.0,1.0,False,False
25498285,2005-2009,1.0,0.0,1.0,False,False
27081682,2005-2009,0.0,1.0,1.0,False,False
27081682,2010-2014,1.0,0.0,1.0,False,False
27284151,2005-2009,0.0,1.0,1.0,False,False
28005876,2005-2009,1.0,0.0,1.0,False,False
28651165,2005-2009,0.0,1.0,1.0,False,False
28859421,2010-2014,1.0,0.0,1.0,False,False
29350253,2010-2014,1.0,0.0,1.0,False,False
29456083,2000-2004,0.0,1.0,1.0,True,False
29456083,2005-2009,1.0,0.0,1.0,True,False
29730261,2000-2004,1.0,0.0,1.0,False,False
29730261,2010-2014,1.0,0.0,1.0,False,False
30278631,2010-2014,0.0,1.0,1.0,False,False
31573885,2010-2014,1.0,0.0,1.0,False,False
31903555,2005-2009,1.0,0.0,1.0,True,False
31903555,2010-2014,0.0,1.0,1.0,True,False
32465701,2010-2014,1.0,0.0,1.0,False,False
32470452,2000-2004,1.0,0.0,1.0,False,False
32470452,2005-2009,0.0,1.0,1.0,False,False
33288867,2010-2014,1.0,0.0,1.0,False,False
33664856,2010-2014,0.0,1.0,1.0,False,False
33872192,2005-2009,1.0,0.0,1.0,False,False
34688535,2010-2014,1.0,0.0,1.0,False,False
35174551,2005-2009,1.0,0.0,1.0,False,False
35496256,2005-2009,0.0,1.0,1.0,False,False
35753019,2005-2009,1.0,0.0,1.0,False,False
35785553,2005-2009,0.0,1.0,1.0,False,False
35785553,2010-2014,0.0,1.0,1.0,False,False
36454342,2000-2004,0.0,1.0,1.0,False,False
38606739,2010-2014,1.0,0.0,1.0,False,False
39060996,2010-2014,0.0,1.0,1.0,False,False
39587587,2010-2014,1.0,0.0,1.0,False,False
39896193,2010-2014,0.0,1.0,1.0,False,False
40767141,2005-2009,0.0,1.0,1.0,False,False
40767141,2010-2014,0.0,1.0,1.0,False,False
41091548,2005-2009,1.0,0.0,1.0,False,False
41895202,2000-2004,1.0,0.0,1.0,True,False
41895202,2010-2014,0.0,1.0,1.0,True,False
42407357,2005-2009,0.0,1.0,1.0,False,False
42407357,2010-2014,1.0,0.0,1.0,False,False
42972112,2005-2009,1.0,0.0,1.0,True,False
43144210,2000-2004,0.0,1.0,1.0,True,False
44249647,2000-2004,0.0,1.0,1.0,False,False
46973012,2005-2009,0.0,1.0,1.0,False,False
47056694,2010-2014,1.0,0.0,1.0,False,False
47177190,2010-2014,0.0,1.0,1.0,False,False
47289529,2010-2014,0.0,1.0,1.0,False,False
47742525,2010-2014,0.0,1.0,1.0,False,False
48921125,2005-2009,0.0,1.0,1.0,True,False
49892992,2005-2009,0.0,1.0,1.0,False,False
50345908,2010-2014,0.0,1.0,1.0,False,False
51551487,2005-2009,1.0,0.0,1.0,False,False
51679486,2010-2014,0.0,1.0,1.0,False,False
51872919,2010-2014,1.0,0.0,1.0,False,False
52130261,2005-2009,0.0,1.0,1.0,False,False
53784102,2010-2014,1.0,0.0,1.0,False,False
54183767,2000-2004,0.0,1.0,1.0,False,False
54183767,2005-2009,0.0,1.0,1.0,False,False
54602769,2010-2014,0.0,1.0,1.0,False,False
56666940,2000-2004,0.0,1.0,1.0,False,False
56666940,2005-2009,1.0,0.0,1.0,False,False
56666940,2010-2014,0.0,1.0,1.0,False,False
57074206,2010-2014,0.0,1.0,1.0,False,False
57409179,2005-2009,1.0,0.0,1.0,False,False
58642233,2000-2004,0.0,1.0,1.0,False,False
58642233,2010-2014,1.0,0.0,1.0,False,False
59491497,2010-2014,0.0,1.0,1.0,False,False
59822182,2010-2014,1.0,0.0,1.0,True,False
60465272,2010-2014,0.0,1.0,1.0,False,False
60903277,2010-2014,1.0,0.0,1.0,False,False
60984968,2005-2009,1.0,0.0,1.0,False,False
60987743,2010-2014,0.0,1.0,1.0,False,False
61367390,2010-2014,1.0,0.0,1.0,False,False
61427482,2005-2009,0.0,1.0,1.0,False,False
61521584,2000-2004,0.0,1.0,1.0,False,False
62361671,2000-2004,0.0,1.0,1.0,False,False
62361671,2010-2014,0.0,1.0,1.0,False,False
62478195,2000-2004,1.0,0.0,1.0,True,False
63162447,2005-2009,1.0,0.0,1.0,False,False
63565114,2010-2014,0.0,1.0,1.0,False,False
64357122,2010-2014,1.0,0.0,1.0,False,False
64584667,2010-2014,1.0,0.0,1.0,False,False
64903051,2005-2009,0.0,1.0,1.0,False,False
64927066,2000-2004,1.0,0.0,1.0,False,False
64946054,2005-2009,0.0,1.0,1.0,False,False
66322754,2005-2009,0.0,1.0,1.0,False,False
67082663,2010-2014,1.0,0.0,1.0,False,False
67597806,2000-2004,0.0,1.0,1.0,False,False
67705224,2005-2009,1.0,0.0,1.0,True,False
68434959,2010-2014,0.0,1.0,1.0,False,False
68873052,2010-2014,1.0,0.0,1.0,False,False
70410870,2010-2014,1.0,0.0,1.0,True,False
70616004,2010-2014,1.0,0.0,1.0,False,False
71240020,2005-2009,1.0,0.0,1.0,True,False
71405471,2010-2014,0.0,1.0,1.0,False,False
71829478,2010-2014,1.0,0.0,1.0,False,False
74133956,2010-2014,1.0,0.0,1.0,False,False
74187038,2005-2009,0.0,1.0,1.0,True,False
74909509,2005-2009,0.0,1.0,1.0,True,False
75520062,2005-2009,1.0,0.0,1.0,False,False
75520062,2010-2014,1.0,0.0,1.0,False,False
77255625,2000-2004,1.0,0.0,1.0,False,False
77255625,2005-2009,0.0,1.0,1.0,False,False
77445288,2005-2009,1.0,0.0,1.0,False,False
77805123,2010-2014,0.0,1.0,1.0,True,False
78221974,2005-2009,0.0,1.0,1.0,False,False
78458016,2005-2009,1.0,0.0,1.0,True,False
79544238,2010-2014,0.0,1.0,1.0,False,False
79879829,2010-2014,1.0,0.0,1.0,True,False
81182388,2005-2009,0.0,1.0,1.0,False,False
81182388,2010-2014,0.0,1.0,1.0,False,False
81885089,2005-2009,0.0,1.0,1.0,True,False
81885089,2010-2014,1.0,0.0,1.0,True,False
82210918,2000-2004,1.0,0.0,1.0,False,False
83849319,2010-2014,0.0,1.0,1.0,False,False
84393581,2000-2004,1.0,0.0,1.0,True,False
84393581,2010-2014,1.0,0.0,1.0,True,False
84606932,2010-2014,1.0,0.0,1.0,False,False
85755625,2010-2014,0.0,1.0,1.0,False,False
86554907,2010-2014,1.0,0.0,1.0,False,False
87190427,2010-2014,0.0,1.0,1.0,False,False
87753298,2005-2009,1.0,0.0,1.0,False,False
87753298,2010-2014,1.0,0.0,1.0,False,False
88045685,2010-2014,1.0,0.0,1.0,False,False
89138240,2010-2014,1.0,0.0,1.0,False,False
89429830,2005-2009,0.0,1.0,1.0,False,False
90059517,2005-2009,1.0,0.0,1.0,False,False
90559484,2005-2009,1.0,0.0,1.0,True,False
91478284,2010-2014,0.0,1.0,1.0,False,False
91779695,2005-2009,0.0,1.0,1.0,False,False
94487597,2005-2009,1.0,0.0,1.0,True,False
94665300,2005-2009,1.0,0.0,1.0,False,False
94665300,2010-2014,1.0,0.0,1.0,False,False
95124753,2010-2014,0.0,1.0,1.0,False,False
95190672,2005-2009,0.0,1.0,1.0,False,False
95190672,2010-2014,0.0,1.0,1.0,False,False
97320921,2010-2014,0.0,1.0,1.0,False,False
97425143,2010-2014,0.0,1.0,1.0,False,False
97505648,2010-2014,0.0,1.0,1.0,False,False
98654944,2005-2009,0.0,1.0,1.0,False,False
98717036,2010-2014,1.0,0.0,1.0,False,False
101762097,2000-2004,1.0,0.0,1.0,False,False
102230213,2000-2004,1.0,0.0,1.0,False,False
104292427,2000-2004,1.0,0.0,1.0,False,False
104397665,2005-2009,0.0,1.0,1.0,False,False
105580179,2005-2009,1.0,0.0,1.0,False,False
105951970,2010-2014,0.0,1.0,1.0,False,False
106208931,2005-2009,1.0,0.0,1.0,False,False
106358424,2005-2009,1.0,0.0,1.0,False,False
106436119,2000-2004,1.0,0.0,1.0,False,False
106487976,2005-2009,0.0,1.0,1.0,True,False
106934330,2010-2014,0.0,1.0,1.0,False,False
107062074,2010-2014,0.0,1.0,1.0,False,False
107130276,2005-2009,0.0,1.0,1.0,False,False
107397762,2005-2009,1.0,0.0,1.0,False,False
107459253,2000-2004,1.0,0.0,1.0,False,False
107459253,2005-2009,0.0,1.0,1.0,False,False
107793267,2000-2004,1.0,0.0,1.0,False,False
108170787,2005-2009,1.0,0.0,1.0,False,False
108516343,2010-2014,0.0,1.0,1.0,False,False
109316439,2005-2009,0.0,1.0,1.0,False,False
109316439,2010-2014,1.0,0.0,1.0,False,False
109523444,2005-2009,1.0,0.0,1.0,False,False
111113717,2005-2009,0.0,1.0,1.0,False,False
111214947,2005-2009,1.0,0.0,1.0,False,False
111472728,2010-2014,0.0,1.0,1.0,True,False
111599444,2000-2004,1.0,0.0,1.0,False,False
111815664,2005-2009,0.0,1.0,1.0,False,False
111829193,2005-2009,1.0,0.0,1.0,False,False
112392421,2000-2004,1.0,0.0,1.0,False,False
112418997,2010-2014,1.0,0.0,1.0,False,False
112672928,2005-2009,0.0,1.0,1.0,False,False
112672928,2010-2014,1.0,0.0,1.0,False,False
112705442,2005-2009,0.0,1.0,1.0,True,False
112705442,2010-2014,1.0,0.0,1.0,True,False
112930515,2010-2014,1.0,0.0,1.0,True,False
113280763,2010-2014,1.0,0.0,1.0,False,False
115076146,2010-2014,0.0,1.0,1.0,False,False
116567970,2005-2009,0.0,1.0,1.0,False,False
116567970,2010-2014,0.0,1.0,1.0,False,False
116675565,2000-2004,0.0,1.0,1.0,False,False
116834253,2005-2009,1.0,0.0,1.0,True,False
116865082,2005-2009,0.0,1.0,1.0,False,False
118131993,2010-2014,1.0,0.0,1.0,False,False
118303440,2010-2014,1.0,0.0,1.0,False,False
118487528,2005-2009,1.0,0.0,1.0,True,False
119060515,2005-2009,0.0,1.0,1.0,False,False
119060515,2010-2014,1.0,0.0,1.0,False,False
119062480,2000-2004,1.0,0.0,1.0,False,False
120149898,2010-2014,1.0,0.0,1.0,False,False
120667501,2010-2014,0.0,1.0,1.0,False,False
120863210,2005-2009,1.0,0.0,1.0,False,False
120882062,2010-2014,1.0,0.0,1.0,False,False
121446783,2010-2014,1.0,0.0,1.0,False,False
121608353,2000-2004,1.0,0.0,1.0,True,False
122172344,2005-2009,0.0,1.0,1.0,False,False
123273963,2005-2009,0.0,1.0,1.0,False,False
123321153,2010-2014,1.0,0.0,1.0,False,False
123894998,2000-2004,1.0,0.0,1.0,False,False
124101348,2010-2014,0.0,1.0,1.0,True,False
124306116,2005-2009,0.0,1.0,1.0,False,False
124490489,2010-2014,1.0,0.0,1.0,False,False
124952713,2000-2004,0.0,1.0,1.0,False,False
125929170,2000-2004,1.0,0.0,1.0,False,False
126838900,2010-2014,0.0,1.0,1.0,True,False
126894567,2005-2009,1.0,0.0,1.0,True,False
127705205,2005-2009,0.0,1.0,1.0,True,False
127716648,2005-2009,1.0,0.0,1.0,True,False
127808970,2010-2014,1.0,0.0,1.0,False,False
128057223,2005-2009,1.0,0.0,1.0,False,False
128057223,2010-2014,0.0,1.0,1.0,False,False
129374314,2005-2009,0.0,1.0,1.0,False,False
129437159,2010-2014,1.0,0.0,1.0,False,False
129930760,2005-2009,0.0,1.0,1.0,False,False
130523297,2005-2009,0.0,1.0,1.0,False,False
130523297,2010-2014,0.0,1.0,1.0,False,False
131872663,2005-2009,0.0,1.0,1.0,False,False
132215199,2005-2009,1.0,0.0,1.0,False,False
134018914,2000-2004,1.0,0.0,1.0,True,False
134121241,2005-2009,1.0,0.0,1.0,False,False
134193097,2010-2014,0.0,1.0,1.0,False,False
134320426,2000-2004,1.0,0.0,1.0,False,False
134320426,2010-2014,1.0,0.0,1.0,False,False
134362201,2005-2009,0.0,1.0,1.0,True,False
135544838,2010-2014,1.0,0.0,1.0,False,False
136449434,2005-2009,0.0,1.0,1.0,False,False
136961756,2005-2009,1.0,0.0,1.0,False,False
137374422,2010-2014,1.0,0.0,1.0,False,False
137627325,2005-2009,0.0,1.0,1.0,False,False
137762411,2005-2009,0.0,1.0,1.0,False,False
138626823,2005-2009,1.0,0.0,1.0,False,False
139174496,2010-2014,1.0,0.0,1.0,False,False
139447449,2000-2004,1.0,0.0,1.0,False,False
139447449,2010-2014,0.0,1.0,1.0,False,False
139770010,2005-2009,1.0,0.0,1.0,False,False
139812875,2010-2014,0.0,1.0,1.0,False,False
140173407,2010-2014,1.0,0.0,1.0,False,False
141231307,2005-2009,0.0,1.0,1.0,True,False
142613039,2000-2004,1.0,0.0,1.0,False,False
142613039,2005-2009,1.0,0.0,1.0,False,False
142853389,2005-2009,1.0,0.0,1.0,False,False
142853389,2010-2014,1.0,0.0,1.0,False,False
143065580,2005-2009,1.0,0.0,1.0,True,False
143065580,2010-2014,0.0,1.0,1.0,True,False
143425029,2005-2009,1.0,0.0,1.0,False,False
145103041,2000-2004,1.0,0.0,1.0,True,False
145103041,2005-2009,0.0,1.0,1.0,True,False
145430368,2010-2014,1.0,0.0,1.0,False,False
146304588,2010-2014,0.0,1.0,1.0,False,False
147583825,2005-2009,1.0,0.0,1.0,False,False
148257392,2005-2009,0.0,1.0,1.0,False,False
149364088,2005-2009,1.0,0.0,1.0,True,False
149923435,2005-2009,0.0,1.0,1.0,False,False
150194340,2000-2004,1.0,0.0,1.0,True,False
151800584,2010-2014,0.0,1.0,1.0,False,False
153074725,2010-2014,1.0,0.0,1.0,False,False
153991713,2005-2009,0.0,1.0,1.0,False,False
154317977,2005-2009,0.0,1.0,1.0,False,False
156957248,2000-2004,0.0,1.0,1.0,False,False
157369684,2010-2014,1.0,0.0,1.0,False,False
157410074,2005-2009,0.0,1.0,1.0,False,False
158154518,2005-2009,1.0,0.0,1.0,True,False
158617107,2000-2004,1.0,0.0,1.0,True,False
158617107,2010-2014,0.0,1.0,1.0,True,False
159110652,2010-2014,0.0,1.0,1.0,False,False
159654299,2005-2009,0.0,1.0,1.0,True,False
159824338,2005-2009,1.0,0.0,1.0,False,False
159973064,2010-2014,1.0,0.0,1.0,False,False
160450060,2005-2009,1.0,0.0,1.0,False,False
161733203,2005-2009,1.0,0.0,1.0,False,False
161790260,2010-2014,0.0,1.0,1.0,True,False
161890455,2010-2014,1.0,0.0,1.0,False,False
162151065,2005-2009,1.0,0.0,1.0,False,False
162317418,2005-2009,1.0,0.0,1.0,True,False
162317418,2010-2014,0.0,1.0,1.0,True,False
162740809,2000-2004,1.0,0.0,1.0,False,False
162853370,2005-2009,0.0,1.0,1.0,True,False
163276114,2000-2004,1.0,0.0,1.0,False,False
163864487,2010-2014,0.0,1.0,1.0,False,False
164705383,2010-2014,1.0,0.0,1.0,True,False
165064840,2010-2014,0.0,1.0,1.0,True,False
166703698,2005-2009,1.0,0.0,1.0,False,False
166940927,2010-2014,1.0,0.0,1.0,False,False
167625842,2010-2014,0.0,1.0,1.0,False,False
169900460,2010-2014,1.0,0.0,1.0,True,False
170493617,2000-2004,1.0,0.0,1.0,True,False
170700871,2010-2014,0.0,1.0,1.0,False,False
171089720,2000-2004,1.0,0.0,1.0,False,False
171250308,2010-2014,0.0,1.0,1.0,True,False
172467417,2010-2014,1.0,0.0,1.0,False,False
173396325,2010-2014,1.0,0.0,1.0,False,False
173906292,2010-2014,0.0,1.0,1.0,False,False
175156509,2005-2009,0.0,1.0,1.0,False,False
175656101,2005-2009,0.0,1.0,1.0,False,False
175783326,2005-2009,1.0,0.0,1.0,False,False
176891718,2010-2014,1.0,0.0,1.0,False,False
177264268,2000-2004,1.0,0.0,1.0,True,False
177857423,2005-2009,0.0,1.0,1.0,False,False
177955015,2005-2009,0.0,1.0,1.0,False,False
178790620,2005-2009,1.0,0.0,1.0,True,False
179518139,2005-2009,1.0,0.0,1.0,True,False
179926584,2010-2014,1.0,0.0,1.0,False,False
180361614,2005-2009,0.0,1.0,1.0,False,False
180526460,2010-2014,1.0,0.0,1.0,False,False
180747234,2010-2014,0.0,1.0,1.0,True,False
184738001,2010-2014,1.0,0.0,1.0,False,False
185265303,2005-2009,0.0,1.0,1.0,False,False
186413461,2005-2009,0.0,1.0,1.0,False,False
187212893,2000-2004,0.0,1.0,1.0,False,False
187212893,2010-2014,1.0,0.0,1.0,False,False
187316574,2005-2009,0.0,1.0,1.0,False,False
187736073,2010-2014,0.0,1.0,1.0,False,False
187960798,2010-2014,0.0,1.0,1.0,False,False
188442228,2010-2014,0.0,1.0,1.0,False,False
189135053,2010-2014,1.0,0.0,1.0,False,False
189165786,2000-2004,1.0,0.0,1.0,False,False
189506811,2010-2014,1.0,0.0,1.0,False,False
190283241,2005-2009,0.0,1.0,1.0,True,False
190892606,2010-2014,0.0,1.0,1.0,False,False
191093355,2010-2014,1.0,0.0,1.0,False,False
191732599,2010-2014,1.0,0.0,1.0,False,False
193176779,2010-2014,1.0,0.0,1.0,False,False
193252679,2005-2009,1.0,0.0,1.0,False,False
193270364,2010-2014,1.0,0.0,1.0,False,False
194789388,2005-2009,1.0,0.0,1.0,False,False
195324797,2010-2014,0.0,1.0,1.0,True,False
195687474,2010-2014,0.0,1.0,1.0,False,False
195910791,2010-2014,0.0,1.0,1.0,False,False
197077220,2005-2009,0.0,1.0,1.0,False,False
197957613,2010-2014,1.0,0.0,1.0,False,False
198451711,2005-2009,0.0,1.0,1.0,False,False
198826908,2005-2009,0.0,1.0,1.0,True,False
199033989,2000-2004,1.0,0.0,1.0,False,False
199521495,2000-2004,1.0,0.0,1.0,False,False
199539241,2000-2004,0.0,1.0,1.0,True,False
201492766,2010-2014,1.0,0.0,1.0,False,False
202878990,2000-2004,1.0,0.0,1.0,False,False
203635412,2000-2004,1.0,0.0,1.0,False,False
204243189,2005-2009,1.0,0.0,1.0,False,False
204321447,2000-2004,1.0,0.0,1.0,True,False
204321447,2010-2014,0.0,1.0,1.0,True,False
206396517,2010-2014,0.0,1.0,1.0,False,False
207480886,2005-2009,0.0,1.0,1.0,False,False
207545495,2005-2009,0.0,1.0,1.0,False,False
207701140,2000-2004,1.0,0.0,1.0,False,False
207701140,2005-2009,0.0,1.0,1.0,False,False
500558357,2005-2009,1.0,0.0,1.0,False,False
501734568,2005-2009,0.0,1.0,1.0,True,False
501734568,2010-2014,0.0,1.0,1.0,True,False
502130503,2010-2014,0.0,1.0,1.0,False,False
502942594,2000-2004,1.0,0.0,1.0,True,False
509550671,2010-2014,0.0,1.0,1.0,True,False
510490043,2010-2014,1.0,0.0,1.0,False,False
511355011,2000-2004,1.0,0.0,1.0,False,False
512399662,2000-2004,0.0,1.0,1.0,True,False
512861765,2005-2009,0.0,1.0,1.0,False,False
515207424,2010-2014,1.0,0.0,1.0,True,False
519581460,2005-2009,1.0,0.0,1.0,False,False
521977710,2010-2014,1.0,0.0,1.0,True,False
524204448,2005-2009,0.0,1.0,1.0,True,False
526171541,2010-2014,0.0,1.0,1.0,False,False
526584372,2010-2014,1.0,0.0,1.0,False,False
526805850,2010-2014,1.0,0.0,1.0,False,False
530470458,2005-2009,0.0,1.0,1.0,True,False
540938839,2010-2014,1.0,0.0,1.0,False,False
542102704,2000-2004,1.0,0.0,1.0,True,False
542903549,2005-2009,0.0,1.0,1.0,False,False
542903549,2010-2014,0.0,1.0,1.0,False,False
544519230,2010-2014,0.0,1.0,1.0,False,False
544821477,2010-2014,1.0,0.0,1.0,False,False
547195049,2000-2004,1.0,0.0,1.0,False,False
547646559,2010-2014,1.0,0.0,1.0,False,False
552990157,2000-2004,0.0,1.0,1.0,True,False
552990157,2005-2009,1.0,0.0,1.0,True,False
553184892,2010-2014,0.0,1.0,1.0,False,False
555283112,2010-2014,0.0,1.0,1.0,False,False
555293320,2000-2004,1.0,0.0,1.0,True,False
1491633281,2000-2004,1.0,0.0,1.0,True,False
2775832776,2010-2014,0.0,1.0,1.0,False,False
2775854910,2005-2009,1.0,0.0,1.0,False,False
2775854910,2010-2014,1.0,0.0,1.0,False,False
2775855021,2005-2009,0.0,1.0,1.0,False,False
2775862345,2000-2004,0.0,1.0,1.0,False,False
2775867217,2010-2014,1.0,0.0,1.0,False,False
2775883008,2010-2014,1.0,0.0,1.0,False,False
2775887326,2005-2009,0.0,1.0,1.0,False,False
2775899829,2005-2009,1.0,0.0,1.0,False,False
2775915377,2010-2014,0.0,1.0,1.0,False,False
2775946787,2005-2009,1.0,0.0,1.0,False,False
2775960820,2000-2004,1.0,0.0,1.0,False,False
2775960820,2010-2014,1.0,0.0,1.0,False,False
2775967933,2010-2014,0.0,1.0,1.0,False,False
2775991916,2005-2009,1.0,0.0,1.0,False,False
2775996393,2000-2004,0.0,1.0,1.0,False,False
2775998654,2010-2014,0.0,1.0,1.0,False,False
2776008901,2010-2014,1.0,0.0,1.0,False,False
2776015282,2010-2014,0.0,1.0,1.0,False,False
2776028589,2010-2014,0.0,1.0,1.0,False,False
2776029263,2010-2014,1.0,0.0,1.0,False,False
2776029756,2010-2014,0.0,1.0,1.0,False,False
2776040555,2010-2014,1.0,0.0,1.0,False,False
2776041557,2005-2009,1.0,0.0,1.0,False,False
2776051438,2010-2014,0.0,1.0,1.0,False,False
2776070231,2010-2014,1.0,0.0,1.0,False,False
2776090121,2000-2004,1.0,0.0,1.0,False,False
2776090121,2005-2009,0.0,1.0,1.0,False,False
2776107976,2010-2014,1.0,0.0,1.0,False,False
2776112149,2005-2009,0.0,1.0,1.0,False,False
2776151105,2010-2014,0.0,1.0,1.0,False,False
2776154503,2005-2009,1.0,0.0,1.0,False,False
2776164576,2010-2014,0.0,1.0,1.0,False,False
2776174234,2010-2014,1.0,0.0,1.0,False,False
2776178377,2005-2009,1.0,0.0,1.0,False,False
2776194053,2010-2014,1.0,0.0,1.0,False,False
2776201145,2010-2014,1.0,0.0,1.0,False,False
2776202225,2010-2014,1.0,0.0,1.0,False,False
2776204877,2005-2009,1.0,0.0,1.0,False,False
2776217527,2010-2014,0.0,1.0,1.0,False,False
2776235491,2005-2009,1.0,0.0,1.0,False,False
2776259030,2005-2009,0.0,1.0,1.0,False,False
2776260265,2010-2014,0.0,1.0,1.0,False,False
2776268809,2010-2014,0.0,1.0,1.0,False,False
2776301714,2010-2014,0.0,1.0,1.0,False,False
2776301958,2005-2009,0.0,1.0,1.0,False,False
2776322731,2005-2009,1.0,0.0,1.0,False,False
2776336130,2005-2009,1.0,0.0,1.0,False,False
2776336767,2010-2014,1.0,0.0,1.0,False,False
2776360568,2010-2014,1.0,0.0,1.0,False,False
2776376669,2010-2014,1.0,0.0,1.0,False,False
2776403814,2005-2009,1.0,0.0,1.0,False,False
2776412080,2010-2014,1.0,0.0,1.0,True,False
2776415932,2010-2014,0.0,1.0,1.0,False,False
2776433325,2010-2014,0.0,1.0,1.0,False,False
2776436953,2005-2009,0.0,1.0,1.0,True,False
2776441376,2005-2009,1.0,0.0,1.0,False,False
2776449523,2010-2014,1.0,0.0,1.0,False,False
2776460866,2005-2009,1.0,0.0,1.0,False,False
2776474821,2010-2014,1.0,0.0,1.0,False,False
2776498113,2010-2014,1.0,0.0,1.0,False,False
2776529007,2005-2009,0.0,1.0,1.0,False,False
2776536020,2005-2009,1.0,0.0,1.0,False,False
2776603820,2010-2014,1.0,0.0,1.0,False,False
2776608160,2010-2014,0.0,1.0,1.0,True,False
2776612492,2000-2004,0.0,1.0,1.0,False,False
2776623965,2010-2014,0.0,1.0,1.0,False,False
2776670291,2010-2014,0.0,1.0,1.0,False,False
2776687534,2010-2014,0.0,1.0,1.0,False,False
2776703092,2005-2009,1.0,0.0,1.0,False,False
2776709541,2010-2014,1.0,0.0,1.0,False,False
2776714187,2010-2014,0.0,1.0,1.0,False,False
2776719499,2005-2009,1.0,0.0,1.0,False,False
2776735749,2010-2014,1.0,0.0,1.0,False,False
2776748653,2010-2014,0.0,1.0,1.0,False,False
2776768029,2005-2009,1.0,0.0,1.0,False,False
2776780178,2005-2009,0.0,1.0,1.0,False,False
2776804153,2010-2014,0.0,1.0,1.0,False,False
2776820930,2005-2009,1.0,0.0,1.0,False,False
2776825266,2005-2009,1.0,0.0,1.0,False,False
2776886416,2010-2014,0.0,1.0,1.0,False,False
2776912625,2010-2014,0.0,1.0,1.0,False,False
2776917539,2010-2014,1.0,0.0,1.0,False,False
2776925932,2005-2009,1.0,0.0,1.0,False,False
2776954459,2000-2004,1.0,0.0,1.0,False,False
2776958162,2005-2009,1.0,0.0,1.0,False,False
2776960273,2005-2009,0.0,1.0,1.0,False,False
2776989901,2000-2004,0.0,1.0,1.0,False,False
2776999253,2010-2014,0.0,1.0,1.0,False,False
2777003663,2000-2004,1.0,0.0,1.0,False,False
2777003663,2005-2009,1.0,0.0,1.0,False,False
2777003663,2010-2014,0.0,1.0,1.0,False,False
2777010268,2005-2009,1.0,0.0,1.0,False,False
2777011040,2005-2009,0.0,1.0,1.0,False,False
2777014857,2010-2014,0.0,1.0,1.0,False,False
2777015399,2005-2009,1.0,0.0,1.0,False,False
2777015399,2010-2014,1.0,0.0,1.0,False,False
2777026412,2005-2009,1.0,0.0,1.0,False,False
2777044582,2005-2009,1.0,0.0,1.0,False,False
2777053367,2010-2014,1.0,0.0,1.0,False,False
2777063308,2010-2014,1.0,0.0,1.0,False,False
2777067796,2010-2014,0.0,1.0,1.0,False,False
2777074287,2010-2014,1.0,0.0,1.0,False,False
2777088508,2005-2009,1.0,0.0,1.0,False,False
2777100477,2010-2014,0.0,1.0,1.0,False,False
2777107010,2005-2009,1.0,0.0,1.0,False,False
2777125728,2010-2014,0.0,1.0,1.0,False,False
2777134132,2010-2014,1.0,0.0,1.0,False,False
2777138892,2010-2014,1.0,0.0,1.0,False,False
2777146004,2005-2009,1.0,0.0,1.0,False,False
2777146706,2010-2014,0.0,1.0,1.0,False,False
2777174450,2005-2009,1.0,0.0,1.0,False,False
2777180221,2000-2004,1.0,0.0,1.0,False,False
2777182164,2005-2009,0.0,1.0,1.0,False,False
2777203481,2010-2014,1.0,0.0,1.0,False,False
2777209026,2010-2014,1.0,0.0,1.0,False,False
2777226302,2010-2014,0.0,1.0,1.0,False,False
2777240266,2010-2014,1.0,0.0,1.0,False,False
2777265534,2005-2009,0.0,1.0,1.0,False,False
2777267654,2000-2004,0.0,1.0,1.0,True,False
2777310793,2010-2014,1.0,0.0,1.0,False,False
2777327002,2000-2004,1.0,0.0,1.0,False,False
2777327002,2010-2014,0.0,1.0,1.0,False,False
2777364826,2005-2009,0.0,1.0,1.0,False,False
2777385415,2005-2009,1.0,0.0,1.0,False,False
2777391703,2000-2004,1.0,0.0,1.0,False,False
2777394947,2005-2009,1.0,0.0,1.0,False,False
2777397205,2010-2014,0.0,1.0,1.0,False,False
2777407522,2010-2014,1.0,0.0,1.0,False,False
2777408962,2010-2014,1.0,0.0,1.0,False,False
2777417653,2005-2009,1.0,0.0,1.0,False,False
2777448540,2005-2009,1.0,0.0,1.0,False,False
2777448540,2010-2014,1.0,0.0,1.0,False,False
2777466982,2010-2014,0.0,1.0,1.0,False,False
2777477808,2010-2014,0.0,1.0,1.0,False,False
2777489490,2010-2014,0.0,1.0,1.0,False,False
2777489803,2005-2009,1.0,0.0,1.0,False,False
2777532014,2010-2014,1.0,0.0,1.0,False,False
2777543196,2005-2009,1.0,0.0,1.0,False,False
2777557582,2010-2014,1.0,0.0,1.0,False,False
2777564180,2005-2009,0.0,1.0,1.0,False,False
2777575235,2010-2014,0.0,1.0,1.0,False,False
2777607303,2010-2014,0.0,1.0,1.0,False,False
2777609351,2010-2014,0.0,1.0,1.0,False,False
2777622882,2005-2009,1.0,0.0,1.0,False,False
2777625466,2010-2014,1.0,0.0,1.0,False,False
2777642821,2005-2009,0.0,1.0,1.0,False,False
2777673923,2010-2014,1.0,0.0,1.0,False,False
2777693730,2000-2004,1.0,0.0,1.0,False,False
2777701055,2010-2014,1.0,0.0,1.0,False,False
2777707475,2005-2009,0.0,1.0,1.0,False,False
2777730150,2010-2014,0.0,1.0,1.0,False,False
2777732084,2010-2014,0.0,1.0,1.0,False,False
2777746085,2010-2014,0.0,1.0,1.0,False,False
2777747160,2005-2009,1.0,0.0,1.0,False,False
2777761686,2010-2014,1.0,0.0,1.0,False,False
2777869810,2005-2009,0.0,1.0,1.0,False,False
2777910003,2010-2014,1.0,0.0,1.0,False,False
2777925291,2005-2009,0.0,1.0,1.0,False,False
2777933648,2000-2004,1.0,0.0,1.0,False,False
2777933648,2005-2009,0.0,1.0,1.0,False,False
2777950569,2010-2014,1.0,0.0,1.0,False,False
2777982462,2010-2014,1.0,0.0,1.0,False,False
2778001298,2000-2004,1.0,0.0,1.0,False,False
2778046865,2005-2009,0.0,1.0,1.0,False,False
2778094803,2010-2014,1.0,0.0,1.0,False,False
2778096610,2000-2004,1.0,0.0,1.0,False,False
2778102761,2005-2009,0.0,1.0,1.0,False,False
2778126087,2005-2009,1.0,0.0,1.0,False,False
2778128430,2005-2009,1.0,0.0,1.0,False,False
2778143017,2010-2014,1.0,0.0,1.0,False,False
2778168646,2005-2009,0.0,1.0,1.0,False,False
2778168870,2005-2009,0.0,1.0,1.0,False,False
2778170410,2010-2014,0.0,1.0,1.0,False,False
2778192524,2010-2014,0.0,1.0,1.0,False,False
2778198053,2005-2009,0.0,1.0,1.0,False,False
2778198053,2010-2014,1.0,0.0,1.0,False,False
2778205648,2010-2014,1.0,0.0,1.0,False,False
2778213512,2005-2009,1.0,0.0,1.0,False,False
2778213512,2010-2014,1.0,0.0,1.0,False,False
2778216619,2005-2009,1.0,0.0,1.0,False,False
2778239845,2010-2014,1.0,0.0,1.0,False,False
2778248108,2005-2009,1.0,0.0,1.0,False,False
2778248108,2010-2014,0.0,1.0,1.0,False,False
2778257484,2010-2014,1.0,0.0,1.0,False,False
2778265714,2000-2004,1.0,0.0,1.0,False,False
2778265714,2005-2009,0.0,1.0,1.0,False,False
2778266423,2010-2014,0.0,1.0,1.0,False,False
2778270857,2005-2009,1.0,0.0,1.0,False,False
2778271842,2005-2009,0.0,1.0,1.0,False,False
2778271842,2010-2014,1.0,0.0,1.0,False,False
2778275304,2000-2004,1.0,0.0,1.0,False,False
2778275353,2010-2014,1.0,0.0,1.0,False,False
2778277574,2005-2009,0.0,1.0,1.0,False,False
2778305200,2010-2014,1.0,0.0,1.0,False,False
2778311575,2010-2014,0.0,1.0,1.0,False,False
2778376644,2005-2009,0.0,1.0,1.0,False,False
2778382381,2005-2009,1.0,0.0,1.0,False,False
2778400075,2005-2009,1.0,0.0,1.0,False,False
2778426112,2010-2014,1.0,0.0,1.0,False,False
2778435480,2010-2014,1.0,0.0,1.0,False,False
2778442404,2005-2009,0.0,1.0,1.0,False,False
2778444009,2005-2009,1.0,0.0,1.0,False,False
2778456037,2005-2009,0.0,1.0,1.0,False,False
2778456037,2010-2014,1.0,0.0,1.0,False,False
2778458500,2000-2004,0.0,1.0,1.0,False,False
2778461978,2005-2009,0.0,1.0,1.0,False,False
2778461978,2010-2014,1.0,0.0,1.0,False,False
2778488018,2010-2014,1.0,0.0,1.0,False,False
2778523567,2005-2009,1.0,0.0,1.0,False,False
2778531004,2005-2009,1.0,0.0,1.0,False,False
2778534260,2010-2014,1.0,0.0,1.0,False,False
2778546792,2005-2009,0.0,1.0,1.0,False,False
2778559949,2010-2014,0.0,1.0,1.0,False,False
2778570526,2010-2014,0.0,1.0,1.0,False,False
2778593092,2005-2009,0.0,1.0,1.0,False,False
2778602366,2005-2009,1.0,0.0,1.0,False,False
2778609137,2010-2014,0.0,1.0,1.0,False,False
2778621155,2005-2009,1.0,0.0,1.0,False,False
2778640784,2010-2014,0.0,1.0,1.0,False,False
2778643899,2005-2009,1.0,0.0,1.0,False,False
2778705571,2000-2004,0.0,1.0,1.0,False,False
2778715236,2000-2004,1.0,0.0,1.0,False,False
2778715743,2010-2014,0.0,1.0,1.0,False,False
2778720950,2005-2009,1.0,0.0,1.0,False,False
2778729363,2010-2014,1.0,0.0,1.0,False,False
2778750513,2005-2009,1.0,0.0,1.0,False,False
2778751314,2010-2014,0.0,1.0,1.0,False,False
2778755073,2005-2009,0.0,1.0,1.0,True,False
2778767360,2000-2004,1.0,0.0,1.0,False,False
2778780700,2010-2014,1.0,0.0,1.0,False,False
2778805947,2005-2009,1.0,0.0,1.0,False,False
2778810321,2005-2009,0.0,1.0,1.0,False,False
2778818304,2000-2004,0.0,1.0,1.0,True,False
2778820342,2005-2009,0.0,1.0,1.0,False,False
2778837598,2005-2009,0.0,1.0,1.0,False,False
2778838027,2010-2014,1.0,0.0,1.0,False,False
2778838824,2010-2014,0.0,1.0,1.0,False,False
2778867473,2005-2009,0.0,1.0,1.0,False,False
2778923194,2000-2004,1.0,0.0,1.0,False,False
2778931672,2005-2009,1.0,0.0,1.0,False,False
2778975655,2010-2014,1.0,0.0,1.0,False,False
2778980435,2010-2014,1.0,0.0,1.0,False,False
2779001537,2010-2014,0.0,1.0,1.0,False,False
2779019163,2010-2014,0.0,1.0,1.0,False,False
2779019381,2010-2014,0.0,1.0,1.0,False,False
2779021416,2005-2009,1.0,0.0,1.0,False,False
2779035793,2005-2009,0.0,1.0,1.0,False,False
2779060952,2005-2009,1.0,0.0,1.0,False,False
2779064383,2010-2014,1.0,0.0,1.0,False,False
2779070456,2005-2009,1.0,0.0,1.0,False,False
2779073326,2010-2014,0.0,1.0,1.0,False,False
2779075594,2010-2014,0.0,1.0,1.0,False,False
2779079688,2010-2014,0.0,1.0,1.0,False,False
2779102576,2010-2014,0.0,1.0,1.0,False,False
2779102806,2010-2014,0.0,1.0,1.0,False,False
2779103545,2010-2014,0.0,1.0,1.0,False,False
2779107324,2010-2014,1.0,0.0,1.0,False,False
2779110535,2005-2009,1.0,0.0,1.0,False,False
2779124032,2010-2014,1.0,0.0,1.0,False,False
2779127617,2000-2004,0.0,1.0,1.0,False,False
2779137508,2000-2004,0.0,1.0,1.0,False,False
2779161974,2005-2009,0.0,1.0,1.0,False,False
2779161974,2010-2014,1.0,0.0,1.0,False,False
2779162959,2010-2014,0.0,1.0,1.0,False,False
2779177272,2010-2014,1.0,0.0,1.0,False,False
2779234561,2005-2009,0.0,1.0,1.0,True,False
2779248115,2010-2014,0.0,1.0,1.0,False,False
2779250428,2005-2009,1.0,0.0,1.0,False,False
2779259085,2010-2014,1.0,0.0,1.0,False,False
2779268555,2010-2014,1.0,0.0,1.0,False,False
2779279991,2005-2009,0.0,1.0,1.0,False,False
2779280383,2010-2014,1.0,0.0,1.0,False,False
2779281246,2010-2014,1.0,0.0,1.0,True,False
2779282312,2005-2009,1.0,0.0,1.0,False,False
2779290492,2010-2014,0.0,1.0,1.0,False,False
2779298103,2005-2009,0.0,1.0,1.0,False,False
2779306644,2010-2014,0.0,1.0,1.0,False,False
2779329777,2005-2009,1.0,0.0,1.0,False,False
2779330695,2010-2014,1.0,0.0,1.0,False,False
2779337445,2005-2009,0.0,1.0,1.0,False,False
2779341262,2010-2014,0.0,1.0,1.0,False,False
2779349466,2010-2014,0.0,1.0,1.0,False,False
2779382419,2010-2014,1.0,0.0,1.0,False,False
2779396153,2005-2009,1.0,0.0,1.0,False,False
2779399171,2005-2009,0.0,1.0,1.0,False,False
2779399171,2010-2014,0.0,1.0,1.0,False,False
2779432360,2010-2014,0.0,1.0,1.0,False,False
2779473830,2000-2004,0.0,1.0,1.0,True,False
2779483572,2010-2014,0.0,1.0,1.0,False,False
2779486608,2005-2009,1.0,0.0,1.0,False,False
2779489039,2005-2009,1.0,0.0,1.0,False,False
2779496938,2010-2014,1.0,0.0,1.0,False,False
2779515644,2010-2014,1.0,0.0,1.0,False,False
2779524405,2010-2014,1.0,0.0,1.0,False,False
2779530757,2010-2014,0.0,1.0,1.0,True,False
2779536868,2005-2009,0.0,1.0,1.0,False,False
2779546866,2010-2014,1.0,0.0,1.0,False,False
2779553658,2010-2014,1.0,0.0,1.0,False,False
2779605438,2005-2009,1.0,0.0,1.0,False,False
2779605438,2010-2014,1.0,0.0,1.0,False,False
2779631663,2005-2009,1.0,0.0,1.0,False,False
2779649592,2010-2014,1.0,0.0,1.0,False,False
2779703530,2005-2009,1.0,0.0,1.0,False,False
2779711729,2005-2009,0.0,1.0,1.0,False,False
2779722408,2010-2014,1.0,0.0,1.0,False,False
2779725641,2010-2014,0.0,1.0,1.0,False,False
2779725882,2005-2009,0.0,1.0,1.0,False,False
2779727006,2010-2014,1.0,0.0,1.0,False,False
2779727114,2010-2014,1.0,0.0,1.0,False,False
2779729001,2005-2009,1.0,0.0,1.0,False,False
2779734285,2010-2014,0.0,1.0,1.0,False,False
2779736190,2005-2009,1.0,0.0,1.0,False,False
2779736190,2010-2014,0.0,1.0,1.0,False,False
2779745271,2005-2009,0.0,1.0,1.0,False,False
2779747767,2010-2014,0.0,1.0,1.0,False,False
2779750884,2005-2009,1.0,0.0,1.0,False,False
2779758542,2005-2009,1.0,0.0,1.0,False,False
2779777798,2010-2014,0.0,1.0,1.0,False,False
2779788671,2005-2009,1.0,0.0,1.0,False,False
2779802037,2010-2014,1.0,0.0,1.0,False,False
2779809887,2005-2009,1.0,0.0,1.0,False,False
2779813781,2010-2014,0.0,1.0,1.0,False,False
2779819720,2000-2004,0.0,1.0,1.0,False,False
2779822564,2000-2004,1.0,0.0,1.0,False,False
2779830541,2005-2009,1.0,0.0,1.0,False,False
2779830541,2010-2014,1.0,0.0,1.0,False,False
2779878486,2010-2014,0.0,1.0,1.0,False,False
2779889181,2005-2009,0.0,1.0,1.0,False,False
2779896975,2005-2009,1.0,0.0,1.0,False,False
2779922275,2010-2014,1.0,0.0,1.0,False,False
2779925203,2000-2004,0.0,1.0,1.0,False,False
2779945361,2005-2009,1.0,0.0,1.0,False,False
2779965356,2010-2014,1.0,0.0,1.0,False,False
2779974597,2010-2014,0.0,1.0,1.0,False,False
2779980618,2005-2009,0.0,1.0,1.0,False,False
2779980618,2010-2014,0.0,1.0,1.0,False,False
2780005051,2005-2009,1.0,0.0,1.0,False,False
2780007028,2005-2009,1.0,0.0,1.0,False,False
2780051608,2010-2014,1.0,0.0,1.0,False,False
2780069284,2010-2014,1.0,0.0,1.0,False,False
2780072125,2010-2014,1.0,0.0,1.0,False,False
2780076745,2000-2004,1.0,0.0,1.0,False,False
2780084366,2000-2004,0.0,1.0,1.0,False,False
2780104969,2005-2009,1.0,0.0,1.0,False,False
2780105995,2000-2004,1.0,0.0,1.0,False,False
2780115692,2000-2004,1.0,0.0,1.0,False,False
2780132546,2005-2009,0.0,1.0,1.0,False,False
2780132546,2010-2014,1.0,0.0,1.0,False,False
2780174970,2005-2009,1.0,0.0,1.0,False,False
2780179540,2010-2014,1.0,0.0,1.0,False,False
2780182762,2005-2009,1.0,0.0,1.0,False,False
2780182762,2010-2014,1.0,0.0,1.0,False,False
2780192828,2005-2009,1.0,0.0,1.0,False,False
2780194698,2010-2014,1.0,0.0,1.0,False,False
2780225316,2010-2014,1.0,0.0,1.0,False,False
2780246119,2005-2009,0.0,1.0,1.0,False,False
2780255968,2010-2014,1.0,0.0,1.0,False,False
2780269544,2005-2009,0.0,1.0,1.0,True,False
2780306776,2010-2014,0.0,1.0,1.0,False,False
2780323712,2010-2014,0.0,1.0,1.0,False,False
2780347916,2010-2014,1.0,0.0,1.0,False,False
2780358146,2000-2004,0.0,1.0,1.0,False,False
2780361556,2010-2014,1.0,0.0,1.0,False,False
2780385302,2005-2009,0.0,1.0,1.0,True,False
2780401118,2010-2014,0.0,1.0,1.0,False,False
2780401358,2005-2009,1.0,0.0,1.0,False,False
2780416669,2005-2009,1.0,0.0,1.0,False,False
2780430339,2000-2004,0.0,1.0,1.0,False,False
2780451532,2010-2014,0.0,1.0,1.0,True,False
2780472472,2005-2009,0.0,1.0,1.0,False,False
2780476228,2005-2009,0.0,1.0,1.0,False,False
2780477327,2005-2009,0.0,1.0,1.0,False,False
2780505380,2010-2014,1.0,0.0,1.0,False,False
2780551157,2010-2014,0.0,1.0,1.0,False,False
2780557392,2005-2009,0.0,1.0,1.0,False,False
2780561631,2010-2014,1.0,0.0,1.0,False,False
2780566971,2010-2014,0.0,1.0,1.0,False,False
2780567839,2010-2014,1.0,0.0,1.0,False,False
2780578515,2000-2004,1.0,0.0,1.0,False,False
2780581329,2005-2009,0.0,1.0,1.0,False,False
2780596555,2005-2009,1.0,0.0,1.0,False,False
2780597408,2005-2009,1.0,0.0,1.0,False,False
2780609358,2000-2004,1.0,0.0,1.0,False,False
2780615123,2005-2009,0.0,1.0,1.0,False,False
2780643987,2005-2009,1.0,0.0,1.0,False,False
2780645631,2005-2009,0.0,1.0,1.0,True,False
2780647506,2005-2009,1.0,0.0,1.0,False,False
2780660378,2010-2014,1.0,0.0,1.0,False,False
2780664588,2010-2014,1.0,0.0,1.0,False,False
2780664938,2010-2014,0.0,1.0,1.0,False,False
2780665704,2000-2004,0.0,1.0,1.0,True,False
2780665704,2010-2014,0.0,1.0,1.0,True,False
2780670349,2010-2014,1.0,0.0,1.0,False,False
2780724011,2000-2004,0.0,1.0,1.0,False,False
2780732942,2010-2014,0.0,1.0,1.0,False,False
2780737395,2010-2014,1.0,0.0,1.0,False,False
2780743877,2005-2009,1.0,0.0,1.0,False,False
2780745355,2005-2009,0.0,1.0,1.0,False,False
2780758401,2005-2009,0.0,1.0,1.0,False,False
2780758401,2010-2014,1.0,0.0,1.0,False,False
2780764554,2005-2009,1.0,0.0,1.0,False,False
2780801072,2005-2009,0.0,1.0,1.0,False,False
2780813298,2005-2009,0.0,1.0,1.0,False,False
2780813298,2010-2014,0.0,1.0,1.0,False,False
2780829032,2010-2014,0.0,1.0,1.0,False,False
2780835948,2010-2014,0.0,1.0,1.0,False,False
2780846639,2010-2014,1.0,0.0,1.0,False,False
2780852908,2010-2014,1.0,0.0,1.0,False,False
2780868729,2005-2009,1.0,0.0,1.0,False,False
2780868878,2010-2014,0.0,1.0,1.0,False,False
2780898057,2010-2014,0.0,1.0,1.0,False,False
2780907711,2010-2014,0.0,1.0,1.0,False,False
2780965833,2010-2014,0.0,1.0,1.0,False,False
2780984734,2000-2004,1.0,0.0,1.0,False,False
2780984734,2010-2014,0.0,1.0,1.0,False,False
2781018059,2010-2014,1.0,0.0,1.0,False,False
2781045504,2000-2004,0.0,1.0,1.0,False,False
2781059491,2010-2014,0.0,1.0,1.0,False,False
2781063702,2010-2014,0.0,1.0,1.0,False,False
2781072394,2005-2009,0.0,1.0,1.0,False,False
2781092067,2000-2004,0.0,1.0,1.0,False,False
2781107747,2005-2009,1.0,0.0,1.0,False,False
2781143361,2005-2009,0.0,1.0,1.0,False,False
2781143854,2005-2009,1.0,0.0,1.0,False,False
2781147490,2010-2014,0.0,1.0,1.0,False,False
2781149210,2010-2014,0.0,1.0,1.0,False,False
2781156865,2010-2014,0.0,1.0,1.0,True,False
2781158071,2010-2014,1.0,0.0,1.0,False,False
2781184374,2005-2009,1.0,0.0,1.0,False,False
2781187634,2010-2014,0.0,1.0,1.0,False,False
2781195455,2010-2014,1.0,0.0,1.0,False,False
2781212218,2010-2014,0.0,1.0,1.0,False,False
2781275326,2005-2009,1.0,0.0,1.0,False,False
2781288988,2010-2014,1.0,0.0,1.0,False,False
2781291461,2005-2009,1.0,0.0,1.0,False,False
2781317629,2010-2014,0.0,1.0,1.0,False,False
2781342628,2010-2014,1.0,0.0,1.0,False,False
2781350384,2005-2009,0.0,1.0,1.0,False,False
2781362458,2005-2009,1.0,0.0,1.0,False,False
2781385661,2000-2004,0.0,1.0,1.0,False,False
2781392899,2005-2009,0.0,1.0,1.0,False,False
2781400479,2005-2009,0.0,1.0,1.0,False,False
2781428731,2010-2014,1.0,0.0,1.0,False,False
2781440623,2005-2009,1.0,0.0,1.0,False,False
2781463711,2005-2009,1.0,0.0,1.0,False,False
2908564923,2010-2014,0.0,1.0,1.0,False,False
2908752941,2010-2014,0.0,1.0,1.0,False,False
2908871681,2010-2014,0.0,1.0,1.0,True,False
2909377838,2005-2009,1.0,0.0,1.0,False,False
2909592510,2010-2014,0.0,1.0,1.0,False,False
2909719004,2010-2014,0.0,1.0,1.0,False,False
2910068830,2005-2009,0.0,1.0,1.0,False,False
2910135453,2005-2009,0.0,1.0,1.0,False,False
2910274206,2010-2014,1.0,0.0,1.0,False,False
2910274570,2005-2009,0.0,1.0,1.0,False,False
2910274570,2010-2014,0.0,1.0,1.0,False,False
2910515535,2010-2014,0.0,1.0,1.0,False,False
2910954276,2005-2009,0.0,1.0,1.0,False,False
2911110750,2000-2004,1.0,0.0,1.0,False,False
2911110750,2010-2014,1.0,0.0,1.0,False,False
2984752397,2010-2014,1.0,0.0,1.0,False,False
2988867146,2005-2009,0.0,1.0,1.0,False,False
2991799789,2010-2014,0.0,1.0,1.0,False,False
2992053201,2005-2009,0.0,1.0,1.0,False,False
2992452445,2010-2014,1.0,0.0,1.0,False,False
2992462319,2000-2004,0.0,1.0,1.0,False,False
2992870097,2000-2004,0.0,1.0,1.0,False,False
2992870097,2005-2009,0.0,1.0,1.0,False,False
2993328841,2005-2009,0.0,1.0,1.0,False,False
2993432071,2005-2009,1.0,0.0,1.0,False,False
2993503589,2005-2009,1.0,0.0,1.0,False,False
2994186709,2010-2014,0.0,1.0,1.0,False,False
3017624810,2000-2004,0.0,1.0,1.0,False,False
3017624810,2005-2009,0.0,1.0,1.0,False,False
3017789999,2010-2014,0.0,1.0,1.0,False,False
3018023364,2010-2014,0.0,1.0,1.0,False,False
3018060332,2010-2014,0.0,1.0,1.0,False,False
3018282236,2010-2014,0.0,1.0,1.0,False,False
3018697912,2005-2009,1.0,0.0,1.0,False,False
3018890749,2005-2009,0.0,1.0,1.0,False,False
3019004856,2005-2009,1.0,0.0,1.0,False,False
3019006561,2010-2014,0.0,1.0,1.0,False,False
3019882007,2005-2009,1.0,0.0,1.0,False,False
3019892230,2005-2009,0.0,1.0,1.0,False,False
3019978661,2005-2009,0.0,1.0,1.0,False,False
3020476846,2005-2009,0.0,1.0,1.0,False,False
3020606620,2010-2014,0.0,1.0,1.0,False,False
