concept_id,phrase,p_concept,hydrated,frame_llm_label_A,frame_llm_label_adj,sense_final,reason_top5
c_3ae606bfd61f,grammatical error correction,0.198948,True,CONCEPT,CONCEPT,0.777,th_missing:-1.66; th_left_entropy:-0.39; th_log_df:+0.36; spec_pc15:+0.32; spec_pc18:+0.30
c_b127ce001de2,ch nh pbi,0.263357,False,CONCEPT,CONCEPT,,th_missing:-1.66; th_left_entropy:-0.39; th_log_df:+0.36; lx_acronym:-0.29; spec_pc39:-0.27
c_6a608d148fe7,distant supervision,0.300563,False,CONCEPT,CONCEPT,,th_missing:-1.66; th_left_entropy:-0.39; th_log_df:+0.36; mini_pc0:-0.32; spec_pc0:-0.32
c_0fefc757857e,salient object detection,0.305811,True,CONCEPT,CONCEPT,0.6,th_missing:-1.66; spec_pc5:+0.55; th_left_entropy:-0.39; spec_pc28:-0.39; th_log_df:+0.36
c_5edb1fea382d,ba fe co,0.307902,True,CONCEPT,CONCEPT,,lx_acronym:-0.29; th_max_right_ext_share:-0.28; th_src_ratio:+0.28; th_left_entropy:-0.25; spec_pc28:-0.23
c_ab95d125e7ed,fe se te,0.329154,False,CONCEPT,CONCEPT,,th_src_ratio:+0.35; mini_pc47:-0.32; lx_acronym:-0.29; mini_pc41:+0.26; spec_pc28:-0.23
c_9026d95a869c,little rip,0.346901,True,CONCEPT,CONCEPT,0.8,th_src_ratio:+0.47; lx_acronym:-0.29; mini_pc1:-0.25; spec_pc5:-0.23; lx_zipf_mean:-0.21
c_3fd8640bd802,fine grained recognition,0.364723,True,CONCEPT,CONCEPT,0.4,th_missing:-1.66; th_left_entropy:-0.39; th_log_df:+0.36; spec_pc6:-0.35; spec_pc0:-0.31
c_de3171466662,participatory sensing,0.377681,True,CONCEPT,CONCEPT,0.7,th_missing:-1.66; spec_pc7:+0.41; mini_pc0:-0.40; th_left_entropy:-0.39; th_log_df:+0.36
c_509ba93dffc8,multi label image,0.381723,True,CONCEPT,NOT_CONCEPT,0.69,th_missing:-1.66; th_left_entropy:-0.39; spec_pc13:-0.36; th_log_df:+0.36; spec_pc7:+0.29
c_e8febadc6f35,community question answering,0.388296,True,CONCEPT,CONCEPT,1.0,th_missing:-1.66; spec_pc7:+0.46; th_left_entropy:-0.39; th_log_df:+0.36; spec_pc4:+0.32
c_b845a4528cd9,fountain code,0.391232,False,CONCEPT,CONCEPT,,th_missing:-1.66; th_left_entropy:-0.39; lx_pos_PROPN_NOUN:+0.38; th_log_df:+0.36; spec_pc25:-0.31
c_9e4d1f40729b,single pixel imaging,0.41408,False,CONCEPT,CONCEPT,,th_missing:-1.66; spec_pc1:+0.60; th_left_entropy:-0.39; th_log_df:+0.36; spec_pc7:+0.31
c_793dc61d6540,cu cu collision,0.427223,True,NOT_CONCEPT,,0.5,th_left_entropy:-0.39; spec_pc1:+0.39; spec_pc39:-0.33; lx_acronym:-0.29; th_max_right_ext_share:-0.28
c_8d8ab8b43236,full cdf,0.427941,False,CONCEPT,NOT_CONCEPT,,th_src_ratio:+0.49; th_left_entropy:-0.39; spec_pc19:+0.30; spec_pc51:+0.30; spec_pc60:-0.29
c_365ed459d0e7,egret excess,0.440701,True,CONCEPT,CONCEPT,0.86,th_src_ratio:+0.41; spec_pc18:-0.31; lx_acronym:-0.29; th_left_entropy:-0.27; th_max_right_ext_share:-0.24
c_d98ec9c9dd08,multi label classification,0.445169,False,CONCEPT,CONCEPT,,th_missing:-1.66; th_left_entropy:-0.39; spec_pc4:+0.36; th_log_df:+0.36; spec_pc27:+0.32
c_99af69cdbcdd,aspect based sentiment,0.44705,False,CONCEPT,CONCEPT,,lx_pos_NOUN_VERB_NOUN:-0.45; th_left_entropy:-0.39; spec_pc25:+0.37; spec_pc19:-0.36; spec_pc0:-0.35
c_1ca4df65e868,relative locality,0.468153,True,CONCEPT,CONCEPT,1.0,th_src_ratio:+0.38; spec_pc13:-0.36; spec_pc0:-0.33; mini_pc0:-0.32; spec_pc51:+0.30
c_36a7ca8bcabe,snowmass white paper,0.505368,False,NOT_CONCEPT,,,th_src_ratio:+0.51; lx_pos_VERB_ADJ_NOUN:-0.33; mini_pc5:-0.33; th_left_entropy:-0.31; lx_acronym:-0.29
