concept_id,t,age,F,F_band,origin_group,sense_check_fail,E,E_up,E_cg,E3,E3_up,E3_cg,E_alt,uptake_mean5,pct_gain5,pct_gain3,pct_alt_gain5,subfield_gain,cent_gain,onset,group,label_col
c_9cceb3c510be,2014,3,2011,2008-11,F31:Physics and Astronomy,False,0,1,0,0,1,0,0,33.8,5.001816705460718,4.784924706035743,8.855116514690984,5,4.894615110019312,,never,E
c_9cceb3c510be,2015,4,2011,2008-11,F31:Physics and Astronomy,False,0,1,0,0,1,0,0,31.2,0.7948666102906277,1.8403215937727087,-8.44246031746031,3,1.5267408615784284,,never,E
c_9cceb3c510be,2019,8,2011,2008-11,F31:Physics and Astronomy,False,0,1,0,0,1,0,0,26.8,-2.050844210947603,-2.184354156682428,-2.1276595744680833,-1,-2.3145366929959392,,never,E
c_8b7be83fd666,2009,3,2006,2005-07,F31:Physics and Astronomy,True,0,0,0,0,0,0,0,5.2,-2.495119087270764,-3.229598193936522,-28.53343465045593,-1,-2.812225192473208,,never,E
c_8b7be83fd666,2010,4,2006,2005-07,F31:Physics and Astronomy,True,0,0,0,0,0,0,0,5.0,-0.5493174497769808,-0.689353083035714,-17.467948717948723,0,-0.5703948023022787,,never,E
c_8b7be83fd666,2011,5,2006,2005-07,F31:Physics and Astronomy,True,0,0,0,0,0,0,0,5.6,0.54505572184561,0.2861644261715659,-7.53781004234725,-1,0.3468603328353006,,never,E
c_8b7be83fd666,2012,6,2006,2005-07,F31:Physics and Astronomy,True,0,0,0,0,0,0,0,5.4,0.5983888445334087,0.6576755309829194,-2.436247723132972,-2,0.7498115926187106,,never,E
c_8b7be83fd666,2013,7,2006,2005-07,F31:Physics and Astronomy,True,0,0,0,0,0,0,0,5.4,0.40006481411156214,0.4757305046156164,-9.414381022979985,-1,0.31884808851213364,,never,E
c_8b7be83fd666,2014,8,2006,2005-07,F31:Physics and Astronomy,True,0,0,0,0,0,0,0,5.0,-0.315061212619814,-0.13609026213234987,-14.728976697061803,-1,-0.08930862319405808,,never,E
c_af151bc76848,2019,4,2015,2012-16,D3:Physical Sciences,False,0,0,0,0,0,0,0,8.4,-2.4583099208816437,-2.5966561761152906,-5.673758865248217,0,-2.6934006995131723,,other,E
c_ce417b0a39d3,2019,4,2015,2012-16,F17:Computer Science,False,0,1,0,0,1,0,0,227.0,12.399831338590168,14.278762625880951,9.21985815602838,34,13.777418323705263,,other,E
c_7eed579eaddd,2019,4,2015,2012-16,D3:Physical Sciences,False,0,0,0,0,0,0,0,17.4,-0.17621617142948143,-1.2753009826588473,2.4822695035460924,2,-0.7674770902437,,other,E
c_e44f84504a49,2019,5,2014,2012-16,D3:Physical Sciences,False,0,0,0,0,0,0,0,21.4,-5.105281643358968,-3.0555308075392364,-14.89361702127659,1,-4.337758327686463,,other,E
c_4b595245dc4e,2010,3,2007,2005-07,F17:Computer Science,True,0,0,0,0,0,0,0,10.4,-0.35498838373115005,-1.544841887305984,-15.117521367521363,0,-0.9891046796929142,,never,E
c_4b595245dc4e,2011,4,2007,2005-07,F17:Computer Science,True,0,0,0,0,0,0,0,12.8,1.3350017584803346,-0.20768243565525957,6.352087114337568,1,0.5440440904934247,,never,E
c_4b595245dc4e,2012,5,2007,2005-07,F17:Computer Science,True,0,0,0,0,0,0,0,14.8,2.1259343640361,1.3118015455536312,7.160746812386158,2,1.8599087549894993,,never,E
c_4b595245dc4e,2013,6,2007,2005-07,F17:Computer Science,True,0,0,0,0,0,0,0,16.8,1.902620439755008,2.020042313399969,6.364502806311556,2,1.9755496917374267,,never,E
c_4b595245dc4e,2014,7,2007,2005-07,F17:Computer Science,True,0,0,0,0,0,0,0,18.4,2.5798685325610395,1.5266282027929274,14.361702127659576,3,1.843919685281533,,never,E
c_4b595245dc4e,2015,8,2007,2005-07,F17:Computer Science,True,0,1,0,0,0,0,0,21.0,2.60013631876993,0.7127669361801741,16.58730158730158,5,1.7267588010668944,,never,E
c_87df94bef363,2015,3,2012,2012-16,F31:Physics and Astronomy,False,0,0,0,0,0,0,0,14.0,-4.858868833149151,-0.6937324263128639,-42.400793650793645,-1,-2.92001278237253,,never,E
c_87df94bef363,2019,7,2012,2012-16,F31:Physics and Astronomy,False,0,0,0,0,0,0,0,6.4,-2.371665042157117,-2.09718919103437,-5.673758865248232,3,-2.3169388715202994,,never,E
c_1ae65909ef19,2013,3,2010,2008-11,F31:Physics and Astronomy,False,0,0,0,0,0,0,0,9.4,-0.23958518699293307,0.8031851709687148,-15.2970454304776,1,0.014796420404424193,,never,E
c_1ae65909ef19,2014,4,2010,2008-11,F31:Physics and Astronomy,False,0,0,0,0,0,0,0,6.6,-3.144953579343296,-1.5754186722168821,-42.92299898682878,-1,-2.005388462669161,,never,E
c_1ae65909ef19,2015,5,2010,2008-11,F31:Physics and Astronomy,False,0,0,0,0,0,0,0,6.4,-1.9822315886924395,0.04000393183372841,-21.904761904761898,-2,-1.2504613893069911,,never,E
c_a13026e2ec51,2011,3,2008,2008-11,D3:Physical Sciences,False,0,0,0,0,0,0,0,3.8,-4.179268140352094,-3.535475597099386,-52.69207501512401,-1,-3.969236593106759,,never,E
c_a13026e2ec51,2012,4,2008,2008-11,D3:Physical Sciences,False,0,0,0,0,0,0,0,2.6,-2.003337358264478,-2.0017052016798074,-33.572404371584696,-1,-1.997683286702463,,never,E
c_a13026e2ec51,2013,5,2008,2008-11,D3:Physical Sciences,False,0,0,0,0,0,0,0,1.8,-1.0222375999501727,-1.0947140206587322,-21.94747431960182,-1,-1.0756652331230039,,never,E
c_a13026e2ec51,2014,6,2008,2008-11,D3:Physical Sciences,False,0,0,0,0,0,0,0,2.0,-0.38055840069838376,-0.6591226013540821,-14.326241134751772,0,-0.5369990415322047,,never,E
c_a13026e2ec51,2015,7,2008,2008-11,D3:Physical Sciences,False,0,0,0,0,0,0,0,11.0,0.10663357232477455,0.08617432222526333,1.5476190476190483,6,0.1565799795403554,,never,E
c_9e3bad270e4c,2015,3,2012,2012-16,F31:Physics and Astronomy,False,0,0,0,0,0,0,0,21.2,-0.2634284627471697,0.3497984452022962,-11.904761904761905,3,-0.14766725676174186,,never,E
c_9e3bad270e4c,2019,7,2012,2012-16,F31:Physics and Astronomy,False,0,0,0,0,0,0,0,15.0,-1.4081531771392255,-1.4430057953402917,1.418439716312058,0,-1.4063128810130805,,never,E
c_62af526ae811,2010,3,2007,2005-07,D3:Physical Sciences,False,1,1,1,0,1,0,0,193.6,21.496331344381645,14.65437033257873,13.942307692307693,23,18.540302426531095,2010.0,emerging,E
c_62af526ae811,2011,4,2007,2005-07,D3:Physical Sciences,False,0,1,0,0,1,0,0,223.2,17.321704202049386,13.52438577728973,6.763460375075624,23,15.46553383279252,2010.0,emerging,E
c_62af526ae811,2012,5,2007,2005-07,D3:Physical Sciences,False,0,1,0,0,1,0,0,248.6,15.333861707185026,12.739615156329261,5.919854280510023,15,14.194761567618162,2010.0,emerging,E
c_62af526ae811,2013,6,2007,2005-07,D3:Physical Sciences,False,0,1,0,0,1,0,0,265.0,12.349071025226031,8.613153694813853,1.9326485227152546,6,10.132810760899517,2010.0,emerging,E
c_62af526ae811,2014,7,2007,2005-07,D3:Physical Sciences,False,0,1,0,0,1,0,0,280.2,8.50818541768864,4.620372292604483,-0.6636271529888518,4,6.8872644884883165,2010.0,emerging,E
c_62af526ae811,2015,8,2007,2005-07,D3:Physical Sciences,False,0,1,0,0,1,0,0,278.8,5.334383396064339,5.507110013423116,-1.6071428571428612,7,5.774517695142464,2010.0,emerging,E
c_55c5e5df6bab,2011,3,2008,2008-11,D3:Physical Sciences,False,0,1,0,0,1,0,1,125.6,18.07074337853952,7.1034040873135975,45.48094373865698,4,12.65376619814482,2012.0,emerging,E
c_55c5e5df6bab,2012,4,2008,2008-11,D3:Physical Sciences,False,1,1,1,0,1,0,1,163.0,21.32558028167087,11.963278413350757,39.13934426229508,5,16.84524311944352,2012.0,emerging,E
c_55c5e5df6bab,2013,5,2008,2008-11,D3:Physical Sciences,False,1,1,1,0,1,0,1,197.2,23.375633627994,15.31484111305759,27.83013872709944,6,19.361341824157037,2012.0,emerging,E
c_55c5e5df6bab,2014,6,2008,2008-11,D3:Physical Sciences,False,1,1,1,0,1,0,0,224.4,21.37154882719805,15.046048909587856,11.509625126646384,6,18.481909847649412,2012.0,emerging,E
c_55c5e5df6bab,2015,7,2008,2008-11,D3:Physical Sciences,False,0,1,0,0,1,0,0,241.0,15.306230662046982,13.344384764894592,1.7261904761904816,6,14.77947240429063,2012.0,emerging,E
c_5891791e366f,2019,5,2014,2012-16,F31:Physics and Astronomy,False,0,1,0,0,1,0,0,72.0,-1.4909497908461038,1.6675884196566386,2.1276595744680975,-1,0.09521067112435766,,other,E
c_35e295b4ba1b,2010,3,2007,2005-07,F31:Physics and Astronomy,False,0,0,0,0,0,0,0,8.0,-3.9420400738072647,-3.3314482767234277,-39.1025641025641,-2,-3.8059448336037485,,never,E
c_35e295b4ba1b,2011,4,2007,2005-07,F31:Physics and Astronomy,False,0,0,0,0,0,0,0,7.4,-4.135338363742503,-3.784694622145027,-50.64730792498487,-2,-3.8341405105197564,,never,E
c_35e295b4ba1b,2012,5,2007,2005-07,F31:Physics and Astronomy,False,0,0,0,0,0,0,0,6.6,-1.3377937451259112,-1.0392389580625556,-28.346994535519123,0,-1.3230738264405955,,never,E
c_35e295b4ba1b,2013,6,2007,2005-07,F31:Physics and Astronomy,False,0,0,0,0,0,0,0,6.0,-1.3822502043248912,-1.163541615154601,-26.141056867520916,-1,-1.1516461345422284,,never,E
c_35e295b4ba1b,2014,7,2007,2005-07,F31:Physics and Astronomy,False,0,0,0,0,0,0,0,6.6,-0.4158789159353753,-0.09624871059006734,-15.466058763931105,0,-0.3604933190977362,,never,E
c_35e295b4ba1b,2015,8,2007,2005-07,F31:Physics and Astronomy,False,0,0,0,0,0,0,0,6.0,-0.5501692697743819,-0.7716584072410542,-9.88095238095238,1,-0.6466708898080333,,never,E
c_92c7d10cd004,2012,3,2009,2008-11,D3:Physical Sciences,False,0,0,0,0,0,0,0,16.0,4.082573882745338,2.042921802241923,26.867030965391624,4,3.233382714983081,,never,E
c_92c7d10cd004,2013,4,2009,2008-11,D3:Physical Sciences,False,0,0,0,0,0,0,0,16.2,3.589354774334449,2.854684745112394,16.63136715027005,4,3.268881895780864,,never,E
c_92c7d10cd004,2014,5,2009,2008-11,D3:Physical Sciences,False,0,0,0,0,0,0,0,14.8,0.5903911097506254,2.6039488738565466,-9.1919959473151,2,2.008345821300806,,never,E
c_92c7d10cd004,2015,6,2009,2008-11,D3:Physical Sciences,False,0,0,0,0,0,0,0,15.4,-0.3191582309452947,2.266400686942114,-12.857142857142854,0,0.6577789241314376,,never,E
c_43521ace85c3,2012,3,2009,2008-11,F17:Computer Science,False,0,1,0,0,1,0,0,188.4,19.924386553013367,13.849488693705979,17.70264116575592,14,16.74572553974077,2013.0,emerging,E
c_43521ace85c3,2013,4,2009,2008-11,F17:Computer Science,False,1,1,1,0,1,0,0,244.6,20.21283856003091,12.11983513715675,11.193476649369913,14,15.971198004951605,2013.0,emerging,E
c_43521ace85c3,2014,5,2009,2008-11,F17:Computer Science,False,0,1,0,0,1,0,0,297.2,19.03751689431125,9.75986306703524,4.341438703140824,11,14.3963870902485,2013.0,emerging,E
c_43521ace85c3,2015,6,2009,2008-11,F17:Computer Science,False,0,1,0,0,1,0,0,331.8,16.979233664768188,10.706816101671148,2.539682539682545,5,14.346200484340912,2013.0,emerging,E
c_569519c8d163,2014,3,2011,2008-11,F31:Physics and Astronomy,False,0,0,0,0,0,0,0,0.2,-2.9300866868701108,-2.426680743311461,-35.0,-2,-2.762284705683894,,never,E
c_569519c8d163,2015,4,2011,2008-11,F31:Physics and Astronomy,False,0,0,0,0,0,0,0,0.0,-1.5765362728606707,-1.5765362728606707,-13.88888888888889,-1,-1.5765362728606707,,never,E
c_569519c8d163,2019,8,2011,2008-11,F31:Physics and Astronomy,False,0,0,0,0,0,0,0,0.0,0.0,0.0,0.0,0,0.0,,never,E
c_3b21300dbb0b,2019,6,2013,2012-16,F17:Computer Science,True,0,1,0,0,1,0,0,1120.2,0.018124346540119518,5.716001400469544,-1.418439716312065,6,2.882698954036975,,other,E
c_2425e0543e8f,2019,5,2014,2012-16,F31:Physics and Astronomy,True,0,0,0,0,0,0,0,8.6,-0.49979892248921454,-0.5584141456551146,13.47517730496454,4,-0.7414933039703344,,other,E
c_63ea2a7e38bb,2012,3,2009,2008-11,F31:Physics and Astronomy,False,0,0,0,0,0,0,0,11.2,-2.0753470936001035,-2.50392760919516,-30.088797814207652,0,-2.441587028176455,,never,E
c_63ea2a7e38bb,2013,4,2009,2008-11,F31:Physics and Astronomy,False,0,0,0,0,0,0,0,11.2,-1.7318715987664204,-1.7340727787655164,-29.82103145186911,-1,-1.5099592893878189,,never,E
c_63ea2a7e38bb,2014,5,2009,2008-11,F31:Physics and Astronomy,False,0,0,0,0,0,0,0,11.4,0.6665790675750465,1.4324173358630818,-5.227963525835868,0,0.9544918770554358,,never,E
c_63ea2a7e38bb,2015,6,2009,2008-11,F31:Physics and Astronomy,False,0,0,0,0,0,0,0,10.4,-0.9941850856425507,-0.23935759253984568,-15.23809523809524,0,-0.5236001436251247,,never,E
c_792fc951778d,2013,3,2010,2008-11,F31:Physics and Astronomy,False,0,0,0,0,0,0,0,5.8,-1.8411936714232495,-1.0425193915713633,-28.90500900137668,0,-1.581263797379972,,never,E
c_792fc951778d,2014,4,2010,2008-11,F31:Physics and Astronomy,False,0,0,0,0,0,0,0,4.6,-1.8933512022828285,-2.485110974257773,-30.43566362715299,0,-2.2815628310254406,,never,E
c_792fc951778d,2015,5,2010,2008-11,F31:Physics and Astronomy,False,0,0,0,0,0,0,0,3.8,-1.127524285673482,-1.2593119574178675,-13.61111111111111,0,-1.0244243620854419,,never,E
c_cbade03273e8,2019,5,2014,2012-16,F17:Computer Science,False,1,1,1,1,1,1,1,389.8,32.77038804223734,20.574953454037637,23.40425531914893,49,27.14322945664806,,other,E
c_3d37fffdfb30,2009,3,2006,2005-07,D3:Physical Sciences,False,0,1,0,0,1,0,0,26.4,2.648409807239446,2.092505937422181,17.401215805471118,1,2.4913948327179583,,never,E
c_3d37fffdfb30,2010,4,2006,2005-07,D3:Physical Sciences,False,0,1,0,0,1,0,0,28.2,2.2327591501033353,2.7008287580070447,14.369658119658123,0,2.516519239954873,,never,E
c_3d37fffdfb30,2011,5,2006,2005-07,D3:Physical Sciences,False,0,1,0,0,1,0,0,31.0,1.7514207865902347,1.9520364014990892,7.108287961282521,-1,1.7574276426458364,,never,E
c_3d37fffdfb30,2012,6,2006,2005-07,D3:Physical Sciences,False,0,1,0,0,1,0,0,37.2,0.8575543224443551,0.17269320816635947,-7.19489981785064,2,0.4618452618397084,,never,E
c_3d37fffdfb30,2013,7,2006,2005-07,D3:Physical Sciences,False,0,1,0,0,1,0,0,45.4,0.8904735031451656,-0.28547456116165826,-8.313036111405275,6,0.27393014945259875,,never,E
c_3d37fffdfb30,2014,8,2006,2005-07,D3:Physical Sciences,False,0,1,0,0,1,0,0,50.6,1.3324290140665642,0.30165045262709,-3.2168186423505603,5,0.8698039720305415,,never,E
c_35914ea8d7b8,2012,3,2009,2008-11,F31:Physics and Astronomy,True,0,1,0,0,1,0,0,91.6,19.47222581139892,13.814845113056984,17.577413479052822,7,17.117336211086688,,never,E
c_35914ea8d7b8,2013,4,2009,2008-11,F31:Physics and Astronomy,True,0,1,0,0,1,0,0,108.2,17.657409106722,14.56534392529929,9.832680292280003,7,16.06512835330512,,never,E
c_35914ea8d7b8,2014,5,2009,2008-11,F31:Physics and Astronomy,True,0,1,0,0,1,0,0,121.0,14.064486061754877,11.146625767456985,0.8105369807497596,4,12.68083822516559,,never,E
c_35914ea8d7b8,2015,6,2009,2008-11,F31:Physics and Astronomy,True,0,1,0,0,1,0,0,134.2,10.836722452090967,7.3421577771698665,-1.7261904761904816,1,8.918040407300222,,never,E
c_c95c87230241,2019,4,2015,2012-16,F31:Physics and Astronomy,False,0,1,0,0,1,0,0,22.2,-0.22703075206152068,-0.5059571329391952,2.1276595744680833,-1,-0.7661220468185972,,other,E
c_21960ecc2d0a,2010,3,2007,2005-07,D3:Physical Sciences,False,0,1,0,0,1,0,0,35.2,2.7715324301798017,4.605525739360269,4.594017094017104,3,3.4766470164296575,,never,E
c_21960ecc2d0a,2011,4,2007,2005-07,D3:Physical Sciences,False,0,1,0,0,1,0,0,34.2,-0.059883705692952205,0.2689777005942542,-7.03569267997581,1,0.06557374864215149,,never,E
c_21960ecc2d0a,2012,5,2007,2005-07,D3:Physical Sciences,False,0,1,0,0,1,0,0,35.0,0.6194396208537238,-0.5796952864596481,-7.980418943533692,0,-0.19582063626122626,,never,E
c_21960ecc2d0a,2013,6,2007,2005-07,D3:Physical Sciences,False,0,1,0,0,1,0,0,35.8,0.11634808985909473,-1.8815042658985721,-12.541035687811075,1,-0.8000048593021898,,never,E
c_21960ecc2d0a,2014,7,2007,2005-07,D3:Physical Sciences,False,0,1,0,0,1,0,0,36.0,0.7411044960129853,0.9177844577442702,-10.823201621073949,-1,1.1092933010759047,,never,E
c_21960ecc2d0a,2015,8,2007,2005-07,D3:Physical Sciences,False,0,1,0,0,1,0,0,37.0,0.6530573721061899,1.9503413990395622,-10.019841269841265,-1,1.208617905575947,,never,E
c_3ae606bfd61f,2015,3,2012,2012-16,F17:Computer Science,False,0,1,0,0,1,0,0,33.0,1.1582271496145795,-0.7804280580964607,6.448412698412703,1,0.2934578789319837,,never,E
c_3ae606bfd61f,2019,7,2012,2012-16,F17:Computer Science,False,0,1,0,0,1,0,1,71.6,10.156319477219785,5.005747180455832,52.48226950354609,6,7.727025695150966,,never,E
c_1f1d4e62775b,2010,3,2007,2005-07,D3:Physical Sciences,False,0,0,0,0,0,0,0,19.6,5.638481200775091,2.5020712140628216,37.019230769230774,12,4.135045793023606,,never,E
c_1f1d4e62775b,2011,4,2007,2005-07,D3:Physical Sciences,False,0,1,0,0,0,0,1,27.2,7.742005836379322,2.7180878848995165,32.129461584996974,12,4.850692614240179,,never,E
c_1f1d4e62775b,2012,5,2007,2005-07,D3:Physical Sciences,False,0,1,0,0,1,0,1,37.0,10.785128053344502,3.76053996970814,26.2636612021858,9,7.318743235899467,,never,E
c_1f1d4e62775b,2013,6,2007,2005-07,D3:Physical Sciences,False,0,1,0,0,1,0,1,39.4,10.233499724428263,6.786431701649891,24.128984432913263,9,9.060309832142263,,never,E
c_1f1d4e62775b,2014,7,2007,2005-07,D3:Physical Sciences,False,0,1,0,0,1,0,0,38.4,5.884068770068,8.398484320178547,6.656534954407292,3,7.584513021501575,,never,E
c_1f1d4e62775b,2015,8,2007,2005-07,D3:Physical Sciences,False,0,0,0,0,0,0,0,37.6,0.24209089976525267,7.0970897377159945,-11.964285714285715,3,3.9497843903356875,,never,E
c_59fffeba892f,2009,3,2006,2005-07,D3:Physical Sciences,False,0,1,0,0,1,0,1,40.2,10.139870076543435,2.16199673980228,21.1854103343465,8,6.010672209226547,,never,E
c_59fffeba892f,2010,4,2006,2005-07,D3:Physical Sciences,False,0,1,0,0,1,0,1,47.6,11.416393425094945,5.6006885278246,20.192307692307693,4,9.009163581984549,,never,E
c_59fffeba892f,2011,5,2006,2005-07,D3:Physical Sciences,False,0,1,0,0,1,0,0,58.0,12.378538307606398,9.126437224204029,15.154264972776758,3,10.679132462691765,,never,E
c_59fffeba892f,2012,6,2006,2005-07,D3:Physical Sciences,False,0,1,0,0,1,0,0,62.4,11.098299316785951,9.383857968801994,9.312386156648444,4,10.570710568577159,,never,E
c_59fffeba892f,2013,7,2006,2005-07,D3:Physical Sciences,False,0,1,0,0,1,0,0,64.6,7.498226933319989,7.661821348611875,-0.3124007201101193,11,7.563398175728723,,never,E
c_59fffeba892f,2014,8,2006,2005-07,D3:Physical Sciences,False,0,1,0,0,1,0,0,68.4,3.2795826473014316,3.1204259800447964,-4.873353596757852,9,3.162838431818905,,never,E
c_be7b73687012,2019,6,2013,2012-16,D3:Physical Sciences,False,0,1,0,0,1,0,0,56.0,-0.5311219816773285,-0.41408379554433594,2.4822695035460924,4,-0.7974920521784288,,other,E
c_a5d4697b6de1,2008,3,2005,2005-07,F17:Computer Science,False,0,0,0,0,0,0,0,13.6,-2.6724928134723447,-1.0742004131102734,-21.262015798991143,1,-1.953568341890775,,never,E
c_a5d4697b6de1,2009,4,2005,2005-07,F17:Computer Science,False,0,0,0,0,0,0,0,13.0,-2.6285173077432193,-1.4548955870518974,-18.130699088145896,3,-2.0322631654098835,,never,E
c_a5d4697b6de1,2010,5,2005,2005-07,F17:Computer Science,False,0,0,0,0,0,0,0,10.8,-2.345069581217623,-1.7085370946812732,-22.91666666666667,2,-2.125761492296285,,never,E
c_a5d4697b6de1,2011,6,2005,2005-07,F17:Computer Science,False,0,0,0,0,0,0,0,10.4,-1.883283298368037,-2.2134331066707564,-23.97156684815488,2,-2.110513763979071,,never,E
c_a5d4697b6de1,2012,7,2005,2005-07,F17:Computer Science,False,0,0,0,0,0,0,0,10.8,-1.099270696015627,-1.1950135009189866,-30.669398907103822,1,-1.0459187031077386,,never,E
c_a5d4697b6de1,2013,8,2005,2005-07,F17:Computer Science,False,0,0,0,0,0,0,0,12.0,0.15668899668155234,-0.28499089800596566,-12.300116488404107,2,-0.223030527652468,,never,E
c_108519c4a344,2019,3,2016,2012-16,F31:Physics and Astronomy,False,0,0,0,0,0,0,0,8.6,-2.1980871172084093,-1.3549985797469097,-3.191489361702132,1,-2.0385280143976856,,other,E
c_2c781d19e525,2014,3,2011,2008-11,D3:Physical Sciences,False,0,1,0,0,1,0,0,36.8,3.938093153921214,4.191280312426558,0.9675785207700187,5,4.408438290131908,,never,E
c_2c781d19e525,2015,4,2011,2008-11,D3:Physical Sciences,False,0,0,0,0,1,0,0,35.8,0.4275948814220287,4.534357719142636,-8.869047619047628,4,2.7794873565268547,,never,E
c_2c781d19e525,2019,8,2011,2008-11,D3:Physical Sciences,False,0,0,0,0,0,0,0,15.2,-7.590473638115125,-5.600212501525667,-23.404255319148945,-2,-6.6723654021986185,,never,E
c_5ccf55244c8e,2019,3,2016,2012-16,F31:Physics and Astronomy,False,0,0,0,0,0,0,0,0.8,-2.122984255160434,-2.1249532430698364,-14.18439716312057,0,-2.153786426814101,,other,E
c_ef7889a4d23e,2011,3,2008,2008-11,D3:Physical Sciences,False,0,1,0,0,1,0,0,150.0,8.8937914336645,10.098444366650096,0.9981851179673242,9,9.47647537193765,,never,E
c_ef7889a4d23e,2012,4,2008,2008-11,D3:Physical Sciences,False,0,1,0,0,1,0,0,153.0,3.391258207654218,3.922056573085939,-1.206739526411667,3,3.5639908239974076,,never,E
c_ef7889a4d23e,2013,5,2008,2008-11,D3:Physical Sciences,False,0,1,0,0,1,0,0,153.0,-1.3287765424838511,-0.3442058343819667,-3.139891983479828,2,-0.6681958982818834,,never,E
c_ef7889a4d23e,2014,6,2008,2008-11,D3:Physical Sciences,False,0,1,0,0,1,0,0,148.0,-2.5733868245366978,-1.1920524165834578,-6.342451874366759,-5,-1.9848876274025464,,never,E
c_ef7889a4d23e,2015,7,2008,2008-11,D3:Physical Sciences,False,0,0,0,0,1,0,0,132.6,-5.785894379458028,-1.5279695899357435,-9.444444444444443,-5,-3.075332247592911,,never,E
c_b416c627fe94,2019,4,2015,2012-16,F17:Computer Science,True,1,1,1,0,1,0,1,298.2,27.337954360286442,17.62267689641239,36.87943262411348,31,22.523560999333622,,other,E
c_de3171466662,2010,3,2007,2005-07,F17:Computer Science,False,0,1,0,0,1,0,1,118.0,9.808764786925009,4.773071407510196,30.71581196581196,22,7.420450610660767,,never,E
c_de3171466662,2011,4,2007,2005-07,F17:Computer Science,False,0,1,0,0,1,0,1,134.2,10.62722451989471,6.921668550556216,26.116152450090738,20,8.866603590128351,,never,E
c_de3171466662,2012,5,2007,2005-07,F17:Computer Science,False,0,1,0,0,1,0,0,135.2,9.648076047025778,7.814166650626446,12.898451730418941,18,8.950905389413087,,never,E
c_de3171466662,2013,6,2007,2005-07,F17:Computer Science,False,0,0,0,0,1,0,0,124.2,5.520787492936668,6.612000199375393,1.011331144763318,6,6.33413015604207,,never,E
c_de3171466662,2014,7,2007,2005-07,F17:Computer Science,False,0,0,0,0,1,0,0,108.4,0.44240338290852144,3.9631585457772474,-12.981256332320172,-2,2.3399683971951806,,never,E
c_de3171466662,2015,8,2007,2005-07,F17:Computer Science,False,0,0,0,0,0,0,0,87.0,-4.7454080445530735,0.48509411352185516,-21.924603174603178,-6,-1.9823865658335365,,never,E
c_4e82b990c351,2008,3,2005,2005-07,D3:Physical Sciences,False,0,0,0,0,0,0,0,15.0,0.702440136512565,0.6917011563042088,-3.140763300656708,4,0.2929357447905909,,never,E
c_4e82b990c351,2009,4,2005,2005-07,D3:Physical Sciences,False,0,0,0,0,0,0,0,15.0,-0.28394984976356064,-2.3232457571266645,-6.474164133738604,2,-1.2375557230197751,,never,E
c_4e82b990c351,2010,5,2005,2005-07,D3:Physical Sciences,False,0,0,0,0,0,0,0,15.8,0.345767480362249,-0.8420894537370964,-2.884615384615387,1,-0.1722965715688023,,never,E
c_4e82b990c351,2011,6,2005,2005-07,D3:Physical Sciences,False,0,0,0,0,0,0,0,16.6,1.1894008548919777,0.832260692613894,-5.03932244404114,-2,1.0734191539378575,,never,E
c_4e82b990c351,2012,7,2005,2005-07,D3:Physical Sciences,False,0,0,0,0,0,0,0,16.4,1.2859476673174814,2.4056311290569115,-6.3069216757741415,-1,2.0293382886718607,,never,E
c_4e82b990c351,2013,8,2005,2005-07,D3:Physical Sciences,False,0,0,0,0,0,0,0,16.0,-0.4829610044229433,1.1786618746836215,-20.00953086942709,-2,0.2546247808735309,,never,E
c_4cdbc8f444d1,2013,3,2010,2008-11,F17:Computer Science,False,0,0,0,0,0,0,0,6.6,0.8932600898234392,-0.2633143810773505,-1.114582230223446,1,0.2577086216714276,,never,E
c_4cdbc8f444d1,2014,4,2010,2008-11,F17:Computer Science,False,0,0,0,0,0,0,0,12.4,3.371536664070324,0.9600269481248597,27.30496453900709,3,2.013890164625096,,never,E
c_4cdbc8f444d1,2015,5,2010,2008-11,F17:Computer Science,False,0,0,0,0,0,0,0,16.8,3.238351384749582,1.710106881680105,28.92857142857143,5,2.773331643500004,,never,E
c_21571c2d1a59,2015,3,2012,2012-16,D3:Physical Sciences,False,0,0,0,0,0,0,0,4.2,-0.43129638500332534,-0.8385677642664482,-7.589285714285715,-3,-0.5954222219412282,,never,E
c_21571c2d1a59,2019,7,2012,2012-16,D3:Physical Sciences,False,0,0,0,0,0,0,0,2.0,-1.1546545430061548,-0.3465451180832195,-6.382978723404256,-5,-0.8494019018548199,,never,E
c_d2b738a06440,2012,3,2009,2008-11,F31:Physics and Astronomy,False,0,0,0,0,0,0,0,11.6,1.1469082999098887,0.42261582569073575,-9.392076502732237,1,0.8540853725569226,,never,E
c_d2b738a06440,2013,4,2009,2008-11,F31:Physics and Astronomy,False,0,0,0,0,0,0,0,11.8,0.47796387870270785,0.8251572598258088,-9.912104204172408,0,0.7608182353980242,,never,E
c_d2b738a06440,2014,5,2009,2008-11,F31:Physics and Astronomy,False,0,0,0,0,0,0,0,11.0,1.2944719781704452,2.433802842699978,-1.7375886524822661,0,1.886902658202517,,never,E
c_d2b738a06440,2015,6,2009,2008-11,F31:Physics and Astronomy,False,0,0,0,0,0,0,0,10.0,-1.466261553212039,0.22292278525630582,-19.126984126984134,-1,-0.5527923860887043,,never,E
c_1e2cee2a4ca1,2011,3,2008,2008-11,D3:Physical Sciences,False,0,0,0,0,0,0,0,11.6,0.9449052470770551,0.33993813392348127,-2.2292800967937083,-1,0.8434562705669695,,never,E
c_1e2cee2a4ca1,2012,4,2008,2008-11,D3:Physical Sciences,False,0,0,0,0,0,0,0,12.6,1.0770049376726076,1.7879922112609967,-2.1061020036429916,0,1.4507897255237618,,never,E
c_1e2cee2a4ca1,2013,5,2008,2008-11,D3:Physical Sciences,False,0,0,0,0,0,0,0,10.4,-0.45998952274648586,1.2630096432155895,-18.38928306682198,0,0.5518875579065403,,never,E
c_1e2cee2a4ca1,2014,6,2008,2008-11,D3:Physical Sciences,False,0,0,0,0,0,0,0,9.0,-1.3784448736192605,0.19460002318850078,-28.672745694022286,1,-0.7672923010797534,,never,E
c_1e2cee2a4ca1,2015,7,2008,2008-11,D3:Physical Sciences,False,0,0,0,0,0,0,0,6.8,-3.472626214215383,-2.0236193495853914,-41.81547619047619,1,-2.593425911398975,,never,E
c_f94c1c136f05,2011,3,2008,2008-11,F17:Computer Science,False,0,0,0,0,0,0,0,14.6,1.0282338601306433,-0.4524548415640981,-2.7434966727162724,0,0.28032716614307707,,never,E
c_f94c1c136f05,2012,4,2008,2008-11,F17:Computer Science,False,0,0,0,0,0,0,0,16.6,1.2097210513182113,0.5688529499285075,2.5500910746812373,0,1.0368194438143947,,never,E
c_f94c1c136f05,2013,5,2008,2008-11,F17:Computer Science,False,0,0,0,0,0,0,0,17.2,1.716292997729614,1.4244695193230295,6.602774541988779,2,1.4810229191658058,,never,E
c_f94c1c136f05,2014,6,2008,2008-11,F17:Computer Science,False,0,0,0,0,0,0,0,14.4,1.357149205338793,1.3585254228164876,1.306990881458967,1,1.4960622694188686,,never,E
c_f94c1c136f05,2015,7,2008,2008-11,F17:Computer Science,False,0,0,0,0,0,0,0,12.2,0.08162643994518404,1.054854858674542,-3.0158730158730194,1,0.5919910608439121,,never,E
c_0fefc757857e,2011,3,2008,2008-11,F17:Computer Science,True,0,1,0,0,1,0,1,68.2,13.719704522464799,5.559829924532205,53.811252268602544,6,9.246268020943955,2014.0,emerging,E
c_0fefc757857e,2012,4,2008,2008-11,F17:Computer Science,True,0,1,0,0,1,0,1,95.0,17.112931382771205,7.475293358711873,41.15437158469945,7,12.441317668941629,2014.0,emerging,E
c_0fefc757857e,2013,5,2008,2008-11,F17:Computer Science,True,0,1,0,0,1,0,1,117.2,18.62997936239996,10.600856935001346,27.316530763528526,7,14.736298783277348,2014.0,emerging,E
c_0fefc757857e,2014,6,2008,2008-11,F17:Computer Science,True,1,1,1,0,1,0,0,150.4,20.04998552749871,12.537077715361985,14.39209726443768,5,16.25868675606397,2014.0,emerging,E
c_0fefc757857e,2015,7,2008,2008-11,F17:Computer Science,True,1,1,1,0,1,0,0,182.2,22.082328955563035,13.289557334028554,13.57142857142857,4,17.50747737526255,2014.0,emerging,E
c_70987856add3,2014,3,2011,2008-11,F31:Physics and Astronomy,False,0,0,0,0,0,0,0,2.2,-5.084516563470514,-4.8079005986631,-55.020263424518745,-1,-4.875651424758771,,never,E
c_70987856add3,2015,4,2011,2008-11,F31:Physics and Astronomy,False,0,0,0,0,0,0,0,2.0,-3.8775013223288544,-3.2318974635102267,-46.85515873015873,-1,-3.563758566892374,,never,E
c_70987856add3,2019,8,2011,2008-11,F31:Physics and Astronomy,False,0,0,0,0,0,0,0,0.2,-0.37919601515512846,-0.4803102573182613,1.4184397163120566,-1,-0.45429257987696425,,never,E
c_5bb0de514ff2,2012,3,2009,2008-11,F31:Physics and Astronomy,False,0,0,0,0,0,0,0,14.4,0.6498712270653062,2.474082389090629,-13.18306010928962,-2,1.4975433363000112,,never,E
c_5bb0de514ff2,2013,4,2009,2008-11,F31:Physics and Astronomy,False,0,0,0,0,0,0,0,12.0,-1.5737956037964551,-1.0118616983315878,-26.638780048713336,-2,-1.4387747220461398,,never,E
c_5bb0de514ff2,2014,5,2009,2008-11,F31:Physics and Astronomy,False,0,0,0,0,0,0,0,12.0,-2.443048310994441,-2.3059094575101637,-25.31408308004052,-1,-2.299331988600281,,never,E
c_5bb0de514ff2,2015,6,2009,2008-11,F31:Physics and Astronomy,False,0,0,0,0,0,0,0,11.4,-2.3966441561847507,-1.6673399018113981,-21.74603174603174,0,-2.0084446911685827,,never,E
c_4c081bfc5787,2010,3,2007,2005-07,D3:Physical Sciences,False,0,1,0,0,1,0,0,78.6,3.239358463061315,5.531684811032822,-2.190170940170944,6,4.942556087585569,,never,E
c_4c081bfc5787,2011,4,2007,2005-07,D3:Physical Sciences,False,0,1,0,0,1,0,0,80.0,0.4121398655523443,4.622235347434458,-3.768905021173623,2,2.2797813449400017,,never,E
c_4c081bfc5787,2012,5,2007,2005-07,D3:Physical Sciences,False,0,0,0,0,1,0,0,73.8,-3.551514556953748,-0.9035700611600106,-7.525045537340617,4,-2.250494545184875,,never,E
c_4c081bfc5787,2013,6,2007,2005-07,D3:Physical Sciences,False,0,1,0,0,1,0,0,66.6,-5.951134396081077,-3.6851553042523655,-9.943873768929365,3,-4.858853514699561,,never,E
c_4c081bfc5787,2014,7,2007,2005-07,D3:Physical Sciences,False,0,0,0,0,1,0,0,58.6,-9.483393525915561,-5.4652110213949925,-17.659574468085097,-1,-7.141559707007126,,never,E
c_4c081bfc5787,2015,8,2007,2005-07,D3:Physical Sciences,False,0,0,0,0,1,0,0,53.2,-8.946472043682673,-3.65880804810957,-21.051587301587304,-3,-6.423802364035517,,never,E
c_24fd61e090ea,2011,3,2008,2008-11,D3:Physical Sciences,False,0,0,0,0,1,0,0,43.4,-11.460298237842075,-6.566762207217733,-18.62673926194799,-1,-9.487113811659189,,never,E
c_24fd61e090ea,2012,4,2008,2008-11,D3:Physical Sciences,False,0,0,0,0,0,0,0,34.6,-11.3169078789109,-8.078889583331065,-27.982695810564657,-3,-9.500234764499117,,never,E
c_24fd61e090ea,2013,5,2008,2008-11,D3:Physical Sciences,False,0,0,0,0,0,0,0,27.8,-10.092148702994344,-6.7664846171972854,-33.696918352218574,-2,-8.612372995014809,,never,E
c_24fd61e090ea,2014,6,2008,2008-11,D3:Physical Sciences,False,0,0,0,0,1,0,0,21.2,-9.959774853160294,-7.105537078279855,-45.638297872340424,-1,-8.428170682620516,,never,E
c_24fd61e090ea,2015,7,2008,2008-11,D3:Physical Sciences,False,0,0,0,0,0,0,0,18.8,-7.0749831957903115,-4.351681333721381,-42.79761904761906,1,-5.839640199990656,,never,E
c_de14f5e3898c,2010,3,2007,2005-07,F31:Physics and Astronomy,False,0,0,0,0,0,0,0,6.2,-0.8306099847475568,-1.6005180540508541,-16.77350427350428,0,-1.071882761948911,,never,E
c_de14f5e3898c,2011,4,2007,2005-07,F31:Physics and Astronomy,False,0,0,0,0,0,0,0,6.8,1.099830904784631,-0.2558381436462982,-0.4718693284936464,0,0.1806882932642666,,never,E
c_de14f5e3898c,2012,5,2007,2005-07,F31:Physics and Astronomy,False,0,0,0,0,0,0,0,6.6,0.881255981161075,0.015707115842307218,-8.276411657559194,0,0.7714763329919516,,never,E
c_de14f5e3898c,2013,6,2007,2005-07,F31:Physics and Astronomy,False,0,0,0,0,0,0,0,7.8,1.3945731532460486,2.1716668554334624,-0.2885735465424091,0,1.7338989811005256,,never,E
c_de14f5e3898c,2014,7,2007,2005-07,F31:Physics and Astronomy,False,0,0,0,0,0,0,0,6.8,0.04278124656082172,0.819459127619532,-11.2791286727457,0,0.4802719068079564,,never,E
c_de14f5e3898c,2015,8,2007,2005-07,F31:Physics and Astronomy,False,0,0,0,0,0,0,0,6.8,0.00392244130384567,0.6246650839427512,-6.111111111111107,1,0.2391528365022184,,never,E
c_d6845c35d3d0,2011,3,2008,2008-11,D3:Physical Sciences,False,0,0,0,0,1,0,0,89.4,-1.9706945130763742,6.056259601384134,-4.331518451300667,6,2.429801576165758,,never,E
c_d6845c35d3d0,2012,4,2008,2008-11,D3:Physical Sciences,False,0,0,0,0,0,0,0,81.0,-8.103916309877327,0.12066833704769309,-8.469945355191243,4,-4.345704596349272,,never,E
c_d6845c35d3d0,2013,5,2008,2008-11,D3:Physical Sciences,False,0,0,0,0,0,0,0,62.6,-14.795805487187677,-8.533801425298705,-17.1767446785979,-4,-11.637819610481408,,never,E
c_d6845c35d3d0,2014,6,2008,2008-11,D3:Physical Sciences,False,0,0,0,0,1,0,0,53.8,-14.862865610046116,-11.077004608119644,-19.093211752786218,-3,-13.409609464838415,,never,E
c_d6845c35d3d0,2015,7,2008,2008-11,D3:Physical Sciences,False,0,1,0,0,1,0,0,47.0,-13.898672658454343,-11.436538215154856,-21.686507936507937,-1,-12.448552174153564,,never,E
c_5edb1fea382d,2011,3,2008,2008-11,D3:Physical Sciences,False,0,0,0,0,0,0,0,1.4,-0.5997007096059948,-0.44371128538464255,-16.352087114337564,-1,-0.5524810389068763,,never,E
c_5edb1fea382d,2012,4,2008,2008-11,D3:Physical Sciences,False,0,0,0,0,0,0,0,1.0,-1.0715074747772295,-0.4612930944758803,-15.983606557377051,-2,-0.6599210838683311,,never,E
c_5edb1fea382d,2013,5,2008,2008-11,D3:Physical Sciences,False,0,0,0,0,0,0,0,0.4,-0.8599332160425119,-0.23538842361716594,-12.781954887218044,-2,-0.6517516185673966,,never,E
c_5edb1fea382d,2014,6,2008,2008-11,D3:Physical Sciences,False,0,0,0,0,0,0,0,0.0,-0.7805342166466982,-0.7805342166466982,-7.857142857142857,-1,-0.7805342166466982,,never,E
c_5edb1fea382d,2015,7,2008,2008-11,D3:Physical Sciences,False,0,0,0,0,0,0,0,0.0,-0.6102143803013492,-0.6102143803013492,-2.083333333333333,-1,-0.6102143803013492,,never,E
c_021cd7f7a587,2019,5,2014,2012-16,F31:Physics and Astronomy,False,0,0,0,0,0,0,0,3.6,-1.495910973707908,-2.014532370245245,2.1276595744680833,1,-1.761727307362384,,other,E
c_4cdee4852bd9,2015,3,2012,2012-16,D3:Physical Sciences,False,0,1,0,0,1,0,0,296.0,18.036576175579178,19.009873427206948,5.992063492063494,11,19.048023619112996,,never,E
c_4cdee4852bd9,2019,7,2012,2012-16,D3:Physical Sciences,False,0,0,0,0,0,0,0,127.2,-21.04182006153941,-12.149664199851138,-12.056737588652467,-3,-16.81930631367666,,never,E
c_1bd834da7f00,2009,3,2006,2005-07,D3:Physical Sciences,False,0,1,0,0,1,0,0,98.2,19.12515697229479,11.47574370465402,14.832826747720361,16,15.24291432480648,,never,E
c_1bd834da7f00,2010,4,2006,2005-07,D3:Physical Sciences,False,0,1,0,0,1,0,0,110.6,14.705437285183486,9.780664475019424,7.478632478632491,6,12.754693636682166,,never,E
c_1bd834da7f00,2011,5,2006,2005-07,D3:Physical Sciences,False,0,1,0,0,1,0,0,129.2,14.382156507708778,11.425923857825662,5.571687840290366,-2,12.720487452900002,,never,E
c_1bd834da7f00,2012,6,2006,2005-07,D3:Physical Sciences,False,0,1,0,0,1,0,0,144.4,11.910831223501063,8.576871402980665,4.405737704918039,4,10.36444951466854,,never,E
c_1bd834da7f00,2013,7,2006,2005-07,D3:Physical Sciences,False,0,1,0,0,1,0,0,151.6,8.878700990766252,6.95354732470728,0.5718521656253301,8,8.030326982052667,,never,E
c_1bd834da7f00,2014,8,2006,2005-07,D3:Physical Sciences,False,0,1,0,0,1,0,0,155.2,3.851990861556942,4.261417955860296,-1.3576494427558288,10,4.331598377786435,,never,E
c_3fd8640bd802,2015,3,2012,2012-16,F17:Computer Science,True,0,1,0,0,1,0,1,39.6,4.9729714272930945,3.5390930796135995,35.843253968253975,10,4.170536770171628,,never,E
c_3fd8640bd802,2019,7,2012,2012-16,F17:Computer Science,True,0,1,0,0,1,0,0,60.4,4.924885084072929,2.8571635167592797,19.858156028368803,11,3.815429804446665,,never,E
c_46d8de220318,2019,5,2014,2012-16,F31:Physics and Astronomy,False,0,1,0,0,1,0,0,30.2,-0.6829108816310896,-2.487314056047908,2.1276595744680904,5,-1.7049324084570223,,other,E
c_3a04a639cd2f,2019,5,2014,2012-16,F31:Physics and Astronomy,True,0,0,0,0,0,0,0,2.4,-1.5936545399741624,-1.5023163231310317,-3.1914893617021285,-4,-1.5233163803087972,,other,E
c_8d94ed006e2f,2013,3,2010,2008-11,F17:Computer Science,False,0,1,0,0,1,0,0,25.4,2.3912599165647928,0.7001572042548867,-4.850153552896337,-2,1.7281356686649412,,never,E
c_8d94ed006e2f,2014,4,2010,2008-11,F17:Computer Science,False,0,1,0,0,1,0,0,26.2,0.66511520522217,0.48628876902272467,-13.27760891590679,-2,0.6453209248857572,,never,E
c_8d94ed006e2f,2015,5,2010,2008-11,F17:Computer Science,False,0,1,0,0,1,0,0,27.8,-0.47550331115599054,1.0842739515820865,-15.158730158730158,-3,0.5245336656059925,,never,E
c_1b82dec9c84d,2019,6,2013,2012-16,F31:Physics and Astronomy,True,0,1,0,0,1,0,0,24.4,3.2449821183125787,0.8813379627573212,12.765957446808521,5,1.8953595541367774,,other,E
c_7a1183961ed2,2013,3,2010,2008-11,F31:Physics and Astronomy,False,0,1,0,0,0,0,0,25.6,1.785885961702271,0.8064182218439857,-10.722228105474954,1,0.9522095635690828,,never,E
c_7a1183961ed2,2014,4,2010,2008-11,F31:Physics and Astronomy,False,0,1,0,0,1,0,0,26.0,2.135960573627952,-0.7976255405996566,-9.017223910840933,2,0.6874236489899728,,never,E
c_7a1183961ed2,2015,5,2010,2008-11,F31:Physics and Astronomy,False,0,1,0,0,1,0,0,29.4,2.72589196317851,0.8198736357173502,-2.341269841269849,0,1.9258879647665132,,never,E
c_38c04a07c4e7,2011,3,2008,2008-11,F31:Physics and Astronomy,False,0,0,0,0,0,0,0,10.6,1.3504904405880933,1.7581046501121356,6.757410768300058,5,1.645699559322836,,never,E
c_38c04a07c4e7,2012,4,2008,2008-11,F31:Physics and Astronomy,False,0,0,0,0,0,0,0,11.8,1.286844019753469,1.3133659447193602,-2.2313296903460795,5,1.145187587504001,,never,E
c_38c04a07c4e7,2013,5,2008,2008-11,F31:Physics and Astronomy,False,0,0,0,0,0,0,0,12.6,0.837891247417355,-0.013396253390120183,-7.2937625754527105,5,0.4208633207838033,,never,E
c_38c04a07c4e7,2014,6,2008,2008-11,F31:Physics and Astronomy,False,0,0,0,0,0,0,0,12.8,0.36413837431796336,0.04387701219025386,-12.028875379939208,3,0.28389622593054975,,never,E
c_38c04a07c4e7,2015,7,2008,2008-11,F31:Physics and Astronomy,False,0,0,0,0,0,0,0,13.6,0.19654670528367557,0.3732743541272878,-3.1150793650793673,5,0.2878534988575936,,never,E
c_7afec8c4aadb,2019,6,2013,2012-16,F17:Computer Science,False,0,0,0,0,1,0,0,145.6,-1.6866534942559817,3.3432430646077336,0.7092198581560183,2,1.1138995828132678,,other,E
c_fa856c1c78e2,2013,3,2010,2008-11,D3:Physical Sciences,False,0,0,0,0,0,0,0,6.8,-0.7931520862777703,-1.3673350275185898,-23.205019591231597,0,-1.0391638144739561,,never,E
c_fa856c1c78e2,2014,4,2010,2008-11,D3:Physical Sciences,False,0,0,0,0,0,0,0,7.6,0.3141430310993716,-0.5891560201963957,-9.463019250253293,0,-0.23343892198189398,,never,E
c_fa856c1c78e2,2015,5,2010,2008-11,D3:Physical Sciences,False,0,0,0,0,0,0,0,6.6,0.09207353576428368,0.3427560684730979,-3.303571428571427,1,0.5056774935528363,,never,E
c_6388f9983159,2009,3,2006,2005-07,F31:Physics and Astronomy,False,0,1,0,0,1,0,0,29.0,3.733892499288898,2.065965887619167,13.305471124620063,1,3.0419871484507786,,never,E
c_6388f9983159,2010,4,2006,2005-07,F31:Physics and Astronomy,False,0,0,0,0,1,0,0,26.4,0.7012306150205703,1.7021671650642478,-1.8162393162393329,1,1.504451461997899,,never,E
c_6388f9983159,2011,5,2006,2005-07,F31:Physics and Astronomy,False,0,1,0,0,1,0,0,27.2,-0.15101768879040645,2.1443404400022636,-9.546279491833033,1,0.9096457334419377,,never,E
c_6388f9983159,2012,6,2006,2005-07,F31:Physics and Astronomy,False,0,0,0,0,0,0,0,26.4,-0.9849154744889859,0.2592006207814208,-15.56238615664845,1,-0.4510487902768352,,never,E
c_6388f9983159,2013,7,2006,2005-07,F31:Physics and Astronomy,False,0,1,0,0,1,0,0,24.0,-0.874654074338947,-1.8875686879480371,-15.32881499523456,1,-1.6690918025336892,,never,E
c_6388f9983159,2014,8,2006,2005-07,F31:Physics and Astronomy,False,0,1,0,0,1,0,0,24.2,-1.814438696005114,-2.652842086158717,-18.624620060790264,2,-1.916574765782471,,never,E
c_f08a5ddb1f48,2011,3,2008,2008-11,D3:Physical Sciences,True,0,0,0,0,0,0,0,11.2,-2.79943913565619,-1.7022168585385744,-38.5178463399879,-1,-2.377004264316275,,never,E
c_f08a5ddb1f48,2012,4,2008,2008-11,D3:Physical Sciences,True,0,0,0,0,0,0,0,9.8,-2.5368528330588624,-2.6618261029701364,-38.23998178506376,-1,-2.676862458633755,,never,E
c_f08a5ddb1f48,2013,5,2008,2008-11,D3:Physical Sciences,True,0,0,0,0,0,0,0,8.6,-1.4751312876590892,-1.5986196365985963,-26.527586572063967,-2,-1.4591049846809598,,never,E
c_f08a5ddb1f48,2014,6,2008,2008-11,D3:Physical Sciences,True,0,0,0,0,0,0,0,7.4,-1.2603502616388624,-0.8021666703042127,-28.004052684903748,-2,-1.0120836200403942,,never,E
c_f08a5ddb1f48,2015,7,2008,2008-11,D3:Physical Sciences,True,0,0,0,0,0,0,0,6.6,-1.240901954337437,-0.0465939879626216,-16.924603174603178,-2,-0.5402354212411447,,never,E
c_850369b36e8c,2019,5,2014,2012-16,F31:Physics and Astronomy,False,0,0,0,0,0,0,0,8.4,-1.0742963464014252,-0.5257439268904998,7.092198581560279,0,-0.7831254446513105,,other,E
c_793dc61d6540,2008,3,2005,2005-07,F31:Physics and Astronomy,True,0,0,0,0,0,0,0,6.8,-1.5740719910688732,-1.1110180293444802,-28.98543827924241,-3,-1.3965880623653266,,never,E
c_793dc61d6540,2009,4,2005,2005-07,F31:Physics and Astronomy,True,0,0,0,0,0,0,0,5.6,-1.8911856903653508,-0.954812883609204,-30.569908814589667,-2,-1.2900697606566687,,never,E
c_793dc61d6540,2010,5,2005,2005-07,F31:Physics and Astronomy,True,0,0,0,0,0,0,0,5.0,-1.224017281626519,-0.14746912791170264,-27.617521367521363,-1,-0.7953101732732746,,never,E
c_793dc61d6540,2011,6,2005,2005-07,F31:Physics and Astronomy,True,0,0,0,0,0,0,0,3.4,-1.5708008673196998,-1.3300289440942925,-30.072595281306715,0,-1.4801439756177337,,never,E
c_793dc61d6540,2012,7,2005,2005-07,F31:Physics and Astronomy,True,0,0,0,0,0,0,0,3.2,-1.1673885197903235,-1.1459459781010635,-21.81238615664845,1,-1.1634930759576472,,never,E
c_793dc61d6540,2013,8,2005,2005-07,F31:Physics and Astronomy,True,0,0,0,0,0,0,0,2.4,-1.0286973318942558,-1.1077469055953069,-21.29090331462459,1,-1.0781449776312129,,never,E
c_4a4eb107fab6,2011,3,2008,2008-11,D3:Physical Sciences,False,0,0,0,0,0,0,0,17.8,1.9633863575742947,2.3994143229816762,12.171808832425894,1,2.290006991551138,,never,E
c_4a4eb107fab6,2012,4,2008,2008-11,D3:Physical Sciences,False,0,0,0,0,1,0,0,18.2,1.7691728642188516,1.8210499120717,2.6183970856102015,-1,1.6224795839463682,,never,E
c_4a4eb107fab6,2013,5,2008,2008-11,D3:Physical Sciences,False,0,0,0,0,0,0,0,13.8,-0.714708482967306,-0.42610534421505264,-19.098803346394156,-1,-0.3583207609090371,,never,E
c_4a4eb107fab6,2014,6,2008,2008-11,D3:Physical Sciences,False,0,0,0,0,0,0,0,12.6,-0.7157217763240857,0.05592892326291876,-22.272036474164135,-2,-0.46147465240693375,,never,E
c_4a4eb107fab6,2015,7,2008,2008-11,D3:Physical Sciences,False,0,0,0,0,0,0,0,9.8,-1.4620325827688445,-0.832437075275402,-20.337301587301585,-2,-1.0393324684946998,,never,E
c_26dab993c720,2012,3,2009,2008-11,F31:Physics and Astronomy,True,0,0,0,0,0,0,0,10.8,-1.4664416811027092,0.5744852349882392,-28.10792349726776,-1,-0.31802448564720587,,never,E
c_26dab993c720,2013,4,2009,2008-11,F31:Physics and Astronomy,True,0,0,0,0,0,0,0,9.0,-1.6008538862643764,-0.10956997180632122,-26.982950333580426,-2,-1.0747728333841933,,never,E
c_26dab993c720,2014,5,2009,2008-11,F31:Physics and Astronomy,True,0,0,0,0,0,0,0,7.2,-1.9175849860777148,-2.419330472961052,-34.38196555217832,-2,-2.281068392060771,,never,E
c_26dab993c720,2015,6,2009,2008-11,F31:Physics and Astronomy,True,0,0,0,0,0,0,0,5.4,-2.194303705460298,-2.1278861602734427,-26.74603174603175,-3,-1.9537904316471173,,never,E
c_29b715c0d545,2012,3,2009,2008-11,F31:Physics and Astronomy,False,0,0,0,0,0,0,0,9.6,1.4941479845126833,-1.470567502685394,-1.240892531876142,1,0.16213593786186653,,never,E
c_29b715c0d545,2013,4,2009,2008-11,F31:Physics and Astronomy,False,0,0,0,0,0,0,0,9.0,1.3688526532154244,0.5421338993530318,0.5294927459493906,1,1.1614803682252868,,never,E
c_29b715c0d545,2014,5,2009,2008-11,F31:Physics and Astronomy,False,0,0,0,0,0,0,0,9.6,0.797657158360491,2.3116977459520873,-3.381458966565347,1,1.738816917124229,,never,E
c_29b715c0d545,2015,6,2009,2008-11,F31:Physics and Astronomy,False,0,0,0,0,0,0,0,11.2,1.5629213190338709,2.7601135883060977,12.579365079365079,0,1.9245699356488164,,never,E
c_9026d95a869c,2014,3,2011,2008-11,F31:Physics and Astronomy,False,0,0,0,0,0,0,0,6.0,-2.4954215156224873,-3.39848276386794,-29.50354609929078,-1,-3.1069338254859438,,never,E
c_9026d95a869c,2015,4,2011,2008-11,F31:Physics and Astronomy,False,0,0,0,0,0,0,0,6.2,-1.2821461557108145,-2.1978317025509133,-20.317460317460313,-1,-1.5821112931559083,,never,E
c_9026d95a869c,2019,8,2011,2008-11,F31:Physics and Astronomy,False,0,0,0,0,0,0,0,6.2,-1.9367035933690737,-1.0004571536529503,-6.028368794326241,-2,-1.498515683554325,,never,E
c_e1a8b816be94,2019,4,2015,2012-16,F17:Computer Science,False,0,0,0,0,0,0,0,15.4,-0.916134634659862,-0.5068994963284528,8.51063829787234,2,-0.9212089509584125,,other,E
c_03828aedf823,2009,3,2006,2005-07,F31:Physics and Astronomy,False,0,0,0,0,0,0,0,14.0,0.3115136543108763,-1.467333470942866,0.07598784194527752,0,-1.082380161572809,,never,E
c_03828aedf823,2010,4,2006,2005-07,F31:Physics and Astronomy,False,0,0,0,0,0,0,0,14.4,-0.4510100061093105,-2.6129344865891664,-4.700854700854713,-1,-1.091348218963443,,never,E
c_03828aedf823,2011,5,2006,2005-07,F31:Physics and Astronomy,False,0,0,0,0,0,0,0,15.8,1.6857171344886606,0.7603268782881232,1.0405323653962526,0,0.9884870163824822,,never,E
c_03828aedf823,2012,6,2006,2005-07,F31:Physics and Astronomy,False,0,0,0,0,0,0,0,19.4,3.385534451600802,1.5379372833362837,7.012750455373407,2,2.542569705463788,,never,E
c_03828aedf823,2013,7,2006,2005-07,F31:Physics and Astronomy,False,0,1,0,0,0,0,1,26.4,6.7927538620422325,3.328224578597852,21.788626495817006,2,4.710166696461485,,never,E
c_03828aedf823,2014,8,2006,2005-07,F31:Physics and Astronomy,False,0,1,0,0,1,0,0,27.8,4.941051125682833,1.6066873263470596,5.243161094224931,5,3.645885997224937,,never,E
c_6016216be4fa,2008,3,2005,2005-07,F17:Computer Science,False,0,1,0,0,1,0,0,77.8,1.957678260200308,3.919130948395364,0.26648900732843117,6,3.0055045904434126,,never,E
c_6016216be4fa,2009,4,2005,2005-07,F17:Computer Science,False,0,1,0,0,1,0,0,85.6,1.5284511020888996,0.761503805929026,1.6261398176291806,3,0.6231441371375652,,never,E
c_6016216be4fa,2010,5,2005,2005-07,F17:Computer Science,False,0,1,0,0,1,0,0,98.2,1.851199104701255,-2.099326188975425,3.0982905982906033,2,-0.13282655818515465,,never,E
c_6016216be4fa,2011,6,2005,2005-07,F17:Computer Science,False,0,1,0,0,1,0,0,112.2,4.8577525205237055,-0.0124790895009248,0.4900181488203259,7,2.278115345501469,,never,E
c_6016216be4fa,2012,7,2005,2005-07,F17:Computer Science,False,0,1,0,0,1,0,0,121.8,6.580620746773924,2.7684989911424225,1.8670309653916206,10,4.99543288136695,,never,E
c_6016216be4fa,2013,8,2005,2005-07,F17:Computer Science,False,0,1,0,0,1,0,0,131.2,8.024914100666532,6.819205208718762,7.301704966641964,15,7.535588786231159,,never,E
c_509ba93dffc8,2012,3,2009,2008-11,F17:Computer Science,True,0,1,0,0,0,0,0,22.6,1.7777565688810655,-0.036937597873950345,5.282331511839715,4,0.7341655336983912,,never,E
c_509ba93dffc8,2013,4,2009,2008-11,F17:Computer Science,True,0,1,0,0,0,0,0,27.0,2.414273544784065,0.6748479834541437,9.737371598009105,4,1.6933494834951195,,never,E
c_509ba93dffc8,2014,5,2009,2008-11,F17:Computer Science,True,0,1,0,0,1,0,1,36.0,4.985157494427997,1.780293906462071,23.52836879432624,6,2.9896973099630193,,never,E
c_509ba93dffc8,2015,6,2009,2008-11,F17:Computer Science,True,0,1,0,0,1,0,1,42.8,6.627423466008709,2.2380407892919316,35.05952380952381,7,4.628340670007194,,never,E
c_9d4eaaf7197d,2019,4,2015,2012-16,F31:Physics and Astronomy,False,0,0,0,0,0,0,0,22.4,-1.2356135813147384,0.05563956640729639,-2.1276595744680904,0,-0.7680687389714684,,other,E
c_8904d963bc30,2013,3,2010,2008-11,F31:Physics and Astronomy,False,0,0,0,0,0,0,0,14.8,0.316423855339115,0.28265979588656487,-12.109499099862326,1,0.2742477250737383,,never,E
c_8904d963bc30,2014,4,2010,2008-11,F31:Physics and Astronomy,False,0,0,0,0,0,0,0,14.6,-0.07072722844020873,-0.7170309406840909,-13.150962512664641,0,-0.47067492615493656,,never,E
c_8904d963bc30,2015,5,2010,2008-11,F31:Physics and Astronomy,False,0,0,0,0,0,0,0,14.0,-0.7198604322943574,-0.8267169645384609,-13.472222222222221,-2,-0.6065849934903262,,never,E
c_4a952e8aa8a9,2019,4,2015,2012-16,F31:Physics and Astronomy,False,0,1,0,0,0,0,0,21.4,-0.21941187408423346,0.5493711049765215,10.638297872340424,1,0.3213266707052371,,other,E
c_3a8d31dc5fbf,2009,3,2006,2005-07,F17:Computer Science,False,0,1,0,0,1,0,0,48.4,2.668766822947,0.7812518416261902,14.316109422492403,4,1.8146420749931362,,never,E
c_3a8d31dc5fbf,2010,4,2006,2005-07,F17:Computer Science,False,0,1,0,0,1,0,0,59.4,4.289077143592381,1.8806473957023329,17.84188034188034,4,2.9084103991792754,,never,E
c_3a8d31dc5fbf,2011,5,2006,2005-07,F17:Computer Science,False,0,1,0,0,1,0,1,70.4,5.949375950836948,2.59535636497042,20.78644888082274,4,4.291219722042352,,never,E
c_3a8d31dc5fbf,2012,6,2006,2005-07,F17:Computer Science,False,0,1,0,0,1,0,0,87.6,8.268935289478645,3.6210854666700767,14.093806921675771,4,5.710518441112019,,never,E
c_3a8d31dc5fbf,2013,7,2006,2005-07,F17:Computer Science,False,0,1,0,0,1,0,0,105.2,9.660100587639281,4.0288788484073095,11.204066504288889,1,6.915086335581737,,never,E
c_3a8d31dc5fbf,2014,8,2006,2005-07,F17:Computer Science,False,0,1,0,0,1,0,0,114.4,10.363058605920124,6.381420308157836,10.151975683890583,2,8.576573413058819,,never,E
c_4010f34bf1ab,2013,3,2010,2008-11,F31:Physics and Astronomy,False,0,1,0,0,1,0,0,30.4,2.7089720691831065,0.950993363576643,-6.216244837445728,4,1.7696808538543998,,never,E
c_4010f34bf1ab,2014,4,2010,2008-11,F31:Physics and Astronomy,False,0,1,0,0,1,0,0,34.4,2.8257054589902646,1.5319358814168558,-4.022289766970609,4,2.316490720734543,,never,E
c_4010f34bf1ab,2015,5,2010,2008-11,F31:Physics and Astronomy,False,0,1,0,0,1,0,0,36.2,2.3962379221502985,1.7457380678647745,-6.527777777777786,-1,2.040529565024535,,never,E
c_70af732266c6,2019,6,2013,2012-16,F31:Physics and Astronomy,False,0,1,0,0,1,0,0,38.4,1.1385342607263054,1.9957837972924706,7.801418439716315,-2,1.4359746364768364,,other,E
c_9cf3e02c40c3,2010,3,2007,2005-07,F31:Physics and Astronomy,False,0,0,0,0,0,0,0,0.8,-1.7464163028938624,-1.7009763246149756,-32.10470085470086,-3,-1.7326589357616475,,never,E
c_9cf3e02c40c3,2011,4,2007,2005-07,F31:Physics and Astronomy,False,0,0,0,0,0,0,0,0.8,-0.4612462743254684,-0.5182299599221143,-17.41681790683605,-1,-0.4978461057624849,,never,E
c_9cf3e02c40c3,2012,5,2007,2005-07,F31:Physics and Astronomy,False,0,0,0,0,0,0,0,0.4,-0.23600171334515696,-0.16828466252647045,-10.086520947176684,-1,-0.17325174322789805,,never,E
c_9cf3e02c40c3,2013,6,2007,2005-07,F31:Physics and Astronomy,False,0,0,0,0,0,0,0,0.4,-0.7737603676708197,0.007375830435516817,-9.774436090225564,-2,-0.29318052211095863,,never,E
c_9cf3e02c40c3,2014,7,2007,2005-07,F31:Physics and Astronomy,False,0,0,0,0,0,0,0,0.4,-0.7241525125096906,-0.0635491739364441,-6.428571428571428,-2,-0.5039513996519418,,never,E
c_9cf3e02c40c3,2015,8,2007,2005-07,F31:Physics and Astronomy,False,0,0,0,0,0,0,0,0.0,-0.728320389391933,-0.728320389391933,-3.4722222222222223,-1,-0.728320389391933,,never,E
c_77d5d74f1bf6,2011,3,2008,2008-11,F17:Computer Science,False,0,0,0,0,0,0,0,40.8,0.39639623549940595,3.396546454961493,-11.557773744706608,4,1.8179422061885058,,never,E
c_77d5d74f1bf6,2012,4,2008,2008-11,F17:Computer Science,False,0,0,0,0,1,0,0,31.6,-2.9733639281683013,-1.681070648063379,-24.271402550091075,2,-2.5333309723000914,,never,E
c_77d5d74f1bf6,2013,5,2008,2008-11,F17:Computer Science,False,0,0,0,0,0,0,0,27.0,-5.653843320684904,-3.538326336670927,-43.59313777401249,0,-4.252767193842154,,never,E
c_77d5d74f1bf6,2014,6,2008,2008-11,F17:Computer Science,False,0,0,0,0,0,0,0,21.8,-4.860914856618511,-3.0279558069617947,-37.39614994934143,-2,-4.334845955685457,,never,E
c_77d5d74f1bf6,2015,7,2008,2008-11,F17:Computer Science,False,0,0,0,0,0,0,0,15.0,-4.878608711363803,-3.3800046766191914,-44.156746031746025,-5,-3.794621905914878,,never,E
c_24e2ee0faf24,2011,3,2008,2008-11,F31:Physics and Astronomy,False,0,0,0,0,0,0,0,6.8,-0.9269082999003668,-1.265178505726952,-27.401693889897157,1,-1.2168243963689422,,never,E
c_24e2ee0faf24,2012,4,2008,2008-11,F31:Physics and Astronomy,False,0,0,0,0,0,0,0,6.2,-0.24235225458905285,-1.0282253691756023,-14.822404371584696,-1,-0.5891083031203723,,never,E
c_24e2ee0faf24,2013,5,2008,2008-11,F31:Physics and Astronomy,False,0,0,0,0,0,0,0,8.2,1.591830082536598,0.5617106199536537,4.204172402838079,-1,0.9898821178171049,,never,E
c_24e2ee0faf24,2014,6,2008,2008-11,F31:Physics and Astronomy,False,0,0,0,0,0,0,0,7.4,1.0686286667396034,0.5926652368339935,-0.5192502532928067,-1,1.0098945239943755,,never,E
c_24e2ee0faf24,2015,7,2008,2008-11,F31:Physics and Astronomy,False,0,0,0,0,0,0,0,7.4,0.539710401883519,1.5615975461620855,4.027777777777779,0,1.1210481641792545,,never,E
c_e79d5454fc88,2010,3,2007,2005-07,D3:Physical Sciences,False,0,1,0,0,1,0,0,23.0,2.2154653797411945,2.184298103946929,9.989316239316246,3,1.9856226933181929,,never,E
c_e79d5454fc88,2011,4,2007,2005-07,D3:Physical Sciences,False,0,1,0,0,1,0,0,23.4,1.3860898921620386,0.511304063331739,-0.4053236539624976,2,1.0223529341000868,,never,E
c_e79d5454fc88,2012,5,2007,2005-07,D3:Physical Sciences,False,0,1,0,0,1,0,0,24.6,2.4118703776693886,1.387139930917999,-0.3073770491803245,0,1.8008584282869817,,never,E
c_e79d5454fc88,2013,6,2007,2005-07,D3:Physical Sciences,False,0,1,0,0,1,0,0,24.0,0.599028274425673,0.2475923211498241,-11.092873027639527,-1,0.6341727727070507,,never,E
c_e79d5454fc88,2014,7,2007,2005-07,D3:Physical Sciences,False,0,0,0,0,1,0,0,24.0,0.539390994939378,1.6830912302261307,-6.778115501519757,-3,1.1495680024238863,,never,E
c_e79d5454fc88,2015,8,2007,2005-07,D3:Physical Sciences,False,0,0,0,0,1,0,0,20.6,-1.049507319024813,0.5678609986314074,-15.45634920634921,-3,-0.2002053696429229,,never,E
c_833923f506ca,2012,3,2009,2008-11,F31:Physics and Astronomy,False,0,0,0,0,0,0,0,6.8,-4.3508536552444745,-2.9805171828525436,-50.67167577413478,-2,-3.4617413320216515,,never,E
c_833923f506ca,2013,4,2009,2008-11,F31:Physics and Astronomy,False,0,0,0,0,0,0,0,5.2,-3.4516178526103483,-1.3844380575512343,-44.98040876839987,-1,-2.5058314883297848,,never,E
c_833923f506ca,2014,5,2009,2008-11,F31:Physics and Astronomy,False,0,0,0,0,0,0,0,4.0,-2.8398050674883804,-1.2775904129282964,-38.57649442755826,-2,-2.055055063709183,,never,E
c_833923f506ca,2015,6,2009,2008-11,F31:Physics and Astronomy,False,0,0,0,0,0,0,0,2.4,-2.9622413438766104,-2.140515770174507,-34.66269841269841,-2,-2.6784360803343774,,never,E
c_b3fdf1de179c,2019,6,2013,2012-16,F17:Computer Science,False,0,0,0,0,0,0,0,0.4,-0.27242742749794047,-0.3577782923419648,-1.4184397163120566,0,-0.4282850093666616,,other,E
c_02792d2208de,2013,3,2010,2008-11,F17:Computer Science,False,0,1,0,0,0,0,0,20.6,-1.2067311287491171,-0.8545174047212996,-25.005294927459488,5,-0.9478723626734524,,never,E
c_02792d2208de,2014,4,2010,2008-11,F17:Computer Science,False,0,0,0,0,1,0,0,20.2,-0.9293475879962227,-0.12542439073512757,-21.651469098277612,5,-0.534852981221885,,never,E
c_02792d2208de,2015,5,2010,2008-11,F17:Computer Science,False,0,0,0,0,1,0,0,18.4,-1.9042105245823273,-0.352488142136957,-25.09920634920635,1,-0.9962491439727201,,never,E
c_8a0a8dab0e65,2014,3,2011,2008-11,F31:Physics and Astronomy,False,0,0,0,0,0,0,0,12.6,0.24211401078106887,0.9824738270365243,-9.427558257345492,-1,0.5311463808875798,,never,E
c_8a0a8dab0e65,2015,4,2011,2008-11,F31:Physics and Astronomy,False,0,0,0,0,0,0,0,11.8,-0.2973968083408147,-0.3905615911237468,-10.416666666666671,-1,-0.4017524282174616,,never,E
c_8a0a8dab0e65,2019,8,2011,2008-11,F31:Physics and Astronomy,False,0,0,0,0,0,0,0,6.8,-1.9474784932010536,-0.8734448080724151,-3.546099290780141,0,-1.6906508098264128,,never,E
c_92ba186c01f3,2010,3,2007,2005-07,D3:Physical Sciences,False,0,0,0,0,0,0,0,7.6,-3.579236446775383,-0.8426928588912554,-44.230769230769226,-4,-2.356494223976876,,never,E
c_92ba186c01f3,2011,4,2007,2005-07,D3:Physical Sciences,False,0,0,0,0,0,0,0,5.8,-3.490109763412534,-2.9851255981812894,-46.67271627344223,0,-3.4640146800955023,,never,E
c_92ba186c01f3,2012,5,2007,2005-07,D3:Physical Sciences,False,0,0,0,0,0,0,0,3.6,-3.0468059806729326,-3.3656615566536305,-46.73838797814207,0,-3.1171433929000143,,never,E
c_92ba186c01f3,2013,6,2007,2005-07,D3:Physical Sciences,False,0,0,0,0,0,0,0,3.4,-2.309497441324455,-2.3098446726039774,-36.452928094885095,1,-2.345676708610621,,never,E
c_92ba186c01f3,2014,7,2007,2005-07,D3:Physical Sciences,False,0,0,0,0,0,0,0,3.4,-1.3672233230684951,-0.612827504530697,-22.16818642350557,-1,-0.8282292538503047,,never,E
c_92ba186c01f3,2015,8,2007,2005-07,D3:Physical Sciences,False,0,0,0,0,0,0,0,3.0,-0.6124930241369331,0.42704614655967266,-8.928571428571429,1,-0.20699570671145362,,never,E
c_9d2447253ac5,2015,3,2012,2012-16,D3:Physical Sciences,False,0,1,0,0,1,0,0,290.4,18.510270555066867,19.658813094772647,5.952380952380949,11,19.628189572466468,,never,E
c_9d2447253ac5,2019,7,2012,2012-16,D3:Physical Sciences,False,0,0,0,0,0,0,0,124.4,-20.881401025843815,-12.148986103528465,-12.056737588652481,-3,-16.726887977601045,,never,E
c_007a7950eb4d,2010,3,2007,2005-07,D3:Physical Sciences,False,0,1,0,0,1,0,0,21.6,0.5283209278165364,1.8592671400511058,0.053418803418800564,0,1.2424457575341812,,never,E
c_007a7950eb4d,2011,4,2007,2005-07,D3:Physical Sciences,False,0,0,0,0,0,0,0,20.8,-0.0253782846277959,0.4290879455597505,-11.560798548094375,-1,0.007123109857780641,,never,E
c_007a7950eb4d,2012,5,2007,2005-07,D3:Physical Sciences,False,0,1,0,0,0,0,0,20.4,-0.38620276337738346,-1.346682072517174,-17.463570127504553,0,-0.9075349538936379,,never,E
c_007a7950eb4d,2013,6,2007,2005-07,D3:Physical Sciences,False,0,1,0,0,0,0,0,20.2,-0.5719815048312702,-0.9739841655037527,-16.869638885947253,1,-0.6388108578099345,,never,E
c_007a7950eb4d,2014,7,2007,2005-07,D3:Physical Sciences,False,0,0,0,0,1,0,0,19.6,-0.3367429092448546,0.14905103222142735,-10.34447821681865,1,-0.0800518155128298,,never,E
c_007a7950eb4d,2015,8,2007,2005-07,D3:Physical Sciences,False,0,0,0,0,1,0,0,16.0,-1.205885439083331,0.7589647074032992,-19.861111111111114,-1,0.009254878664491706,,never,E
c_f03a00abe2dc,2019,4,2015,2012-16,F31:Physics and Astronomy,False,0,0,0,0,0,0,0,7.2,-4.000721440336764,-2.6963622758746246,-23.404255319148938,-2,-3.4492670012947135,,other,E
c_eb3e469ad899,2013,3,2010,2008-11,F31:Physics and Astronomy,False,0,0,0,0,0,0,0,3.8,-6.7541693080351655,-5.128654726301702,-70.77200042359418,-1,-5.956501394322628,,never,E
c_eb3e469ad899,2014,4,2010,2008-11,F31:Physics and Astronomy,False,0,0,0,0,0,0,0,2.4,-5.699837902600606,-4.097921591499476,-57.14285714285714,-1,-4.887723415001236,,never,E
c_eb3e469ad899,2015,5,2010,2008-11,F31:Physics and Astronomy,False,0,0,0,0,0,0,0,1.2,-4.346659031530725,-3.5122318798337444,-45.83333333333333,0,-4.068516647631732,,never,E
c_7f7851d9c6b6,2013,3,2010,2008-11,F31:Physics and Astronomy,False,0,0,0,0,0,0,0,3.8,-0.9335041807855624,0.06532793394921255,-19.93010695753468,0,-0.34428020652528635,,never,E
c_7f7851d9c6b6,2014,4,2010,2008-11,F31:Physics and Astronomy,False,0,0,0,0,0,0,0,2.8,-0.8015343677146789,0.46152654835614526,-16.4387031408308,-1,-0.21577369301614757,,never,E
c_7f7851d9c6b6,2015,5,2010,2008-11,F31:Physics and Astronomy,False,0,0,0,0,0,0,0,1.8,-1.818116746000501,-0.7211731870280653,-17.01388888888889,-4,-1.2515614093604674,,never,E
c_bcd3d69b7a16,2019,6,2013,2012-16,F17:Computer Science,False,0,0,0,0,0,0,0,9.6,-0.8534819621649765,-0.7561576526690197,8.86524822695036,2,-0.7766882531738757,,other,E
c_4bc22ae42748,2013,3,2010,2008-11,D3:Physical Sciences,False,0,1,0,0,1,0,1,84.0,15.305013486792713,13.75251170761651,21.0208620141904,3,14.585126072651079,,never,E
c_4bc22ae42748,2014,4,2010,2008-11,D3:Physical Sciences,False,0,1,0,0,1,0,0,85.2,8.206203684489784,10.016123325133476,3.7031408308003932,1,9.615203599335144,,never,E
c_4bc22ae42748,2015,5,2010,2008-11,D3:Physical Sciences,False,0,1,0,0,1,0,0,88.6,3.1867009320933892,5.998905048597857,-4.027777777777786,-1,4.255810308465572,,never,E
c_8a7b58068a03,2019,6,2013,2012-16,F31:Physics and Astronomy,False,0,0,0,0,0,0,0,13.0,0.2960771810277443,-0.3293967389630428,15.248226950354614,4,-0.008101836720195266,,other,E
c_667b35b905bc,2011,3,2008,2008-11,D3:Physical Sciences,False,0,1,0,0,1,0,0,79.0,4.287062773520837,3.8614215869118205,0.8711433756805889,4,3.9541113241696912,,never,E
c_667b35b905bc,2012,4,2008,2008-11,D3:Physical Sciences,False,0,1,0,0,1,0,0,76.4,-0.37377042124170856,1.2925165140050225,-4.178051001821487,4,0.9281585894042479,,never,E
c_667b35b905bc,2013,5,2008,2008-11,D3:Physical Sciences,False,0,1,0,0,1,0,0,76.4,-2.2286768672566275,1.452779439166747,-6.375092661230539,4,-0.520872695204762,,never,E
c_667b35b905bc,2014,6,2008,2008-11,D3:Physical Sciences,False,0,1,0,0,1,0,0,70.0,-5.180712186757866,-1.8138589100821285,-10.572441742654505,2,-3.416795405551447,,never,E
c_667b35b905bc,2015,7,2008,2008-11,D3:Physical Sciences,False,0,1,0,0,1,0,0,66.2,-6.760975734034659,-3.1082431449789603,-15.992063492063494,3,-4.967453030312029,,never,E
c_6340f70f7803,2008,3,2005,2005-07,F31:Physics and Astronomy,False,0,1,0,0,1,0,0,29.2,1.409070033107099,3.7810271377544087,1.9701151613210328,-1,2.376611134038116,,never,E
c_6340f70f7803,2009,4,2005,2005-07,F31:Physics and Astronomy,False,0,0,0,0,0,0,0,26.0,-3.149583801619727,-0.8167962426149842,-11.884498480243153,-3,-1.771280828331811,,never,E
c_6340f70f7803,2010,5,2005,2005-07,F31:Physics and Astronomy,False,0,0,0,0,1,0,0,21.0,-5.269524086034934,-2.0049836717517664,-12.820512820512818,-1,-3.693870930132489,,never,E
c_6340f70f7803,2011,6,2005,2005-07,F31:Physics and Astronomy,False,0,0,0,0,1,0,0,18.8,-6.596008746326109,-4.174078465506312,-24.210526315789465,-1,-5.4688615769209665,,never,E
c_6340f70f7803,2012,7,2005,2005-07,F31:Physics and Astronomy,False,0,0,0,0,0,0,0,16.8,-4.701198186715405,-3.795206612428908,-25.147996357012758,1,-4.417040879656284,,never,E
c_6340f70f7803,2013,8,2005,2005-07,F31:Physics and Astronomy,False,0,0,0,0,0,0,0,14.0,-4.460184958823939,-4.224051641678799,-25.521550354760137,3,-4.284922863024134,,never,E
c_e895570ed25f,2019,6,2013,2012-16,F17:Computer Science,False,0,0,0,0,0,0,0,68.6,-10.182760359172084,-7.622571149053998,-15.60283687943263,-3,-9.121975440571843,,other,E
c_2fc072066f34,2008,3,2005,2005-07,F17:Computer Science,False,0,1,0,0,1,0,0,32.8,-0.34427246300742276,0.7227988128494065,-2.779099647853812,1,-0.1394465504855802,,never,E
c_2fc072066f34,2009,4,2005,2005-07,F17:Computer Science,False,0,1,0,0,1,0,0,33.0,-0.4838416406874497,-1.5434761142878788,-5.851063829787222,3,-1.0394001103239692,,never,E
c_2fc072066f34,2010,5,2005,2005-07,F17:Computer Science,False,0,1,0,0,1,0,0,32.8,0.45426780606074146,-1.1372189645924244,-0.5341880341880483,0,-0.40437639593832664,,never,E
c_2fc072066f34,2011,6,2005,2005-07,F17:Computer Science,False,0,1,0,0,1,0,0,37.2,2.720829041049102,-0.46003034054770175,1.05263157894737,3,0.9284047317659105,,never,E
c_2fc072066f34,2012,7,2005,2005-07,F17:Computer Science,False,0,1,0,0,1,0,0,40.4,4.8495293551591505,2.0440803089444675,-0.5350637522768693,2,3.7113678397669503,,never,E
c_2fc072066f34,2013,8,2005,2005-07,F17:Computer Science,False,0,1,0,0,1,0,0,43.2,5.811642400749756,3.7879003169059313,3.0286985068304517,6,4.665492844841179,,never,E
c_74026fe51449,2019,3,2016,2012-16,F31:Physics and Astronomy,False,0,0,0,0,0,0,0,5.4,-1.7113126532994105,-0.7765574894703251,-2.836879432624116,-6,-1.3169078058264407,,other,E
c_7f09154f6349,2014,3,2011,2008-11,D3:Physical Sciences,False,0,1,0,0,1,0,1,57.8,11.011557470364194,5.36898855706008,20.88652482269503,14,7.844390614997671,,never,E
c_7f09154f6349,2015,4,2011,2008-11,D3:Physical Sciences,False,0,1,0,0,1,0,0,74.4,11.79890181113181,6.308819957093567,18.869047619047613,20,9.4251577927048,,never,E
c_7f09154f6349,2019,8,2011,2008-11,D3:Physical Sciences,False,0,1,0,0,1,0,0,115.6,6.652191425425514,4.808909152930788,9.219858156028366,14,5.8226905639429845,,never,E
c_bf12df84c614,2014,3,2011,2008-11,F31:Physics and Astronomy,False,0,0,0,0,0,0,0,2.0,-8.484865306195344,-8.328254089452756,-68.9614994934144,-3,-8.425968032025583,,never,E
c_bf12df84c614,2015,4,2011,2008-11,F31:Physics and Astronomy,False,0,0,0,0,0,0,0,2.2,-1.7241641014108229,-1.5011581185779659,-20.0,-1,-1.5821869814444818,,never,E
c_bf12df84c614,2019,8,2011,2008-11,F31:Physics and Astronomy,False,0,0,0,0,0,0,0,1.6,-0.4572876977916177,-0.42343143238939285,5.673758865248227,0,-0.4839698393280829,,never,E
c_16e9bc1ff20f,2012,3,2009,2008-11,D3:Physical Sciences,False,0,0,0,0,0,0,0,10.6,-1.2571921740097252,0.03544027639126046,-27.470400728597447,-2,-0.29214994965728147,,never,E
c_16e9bc1ff20f,2013,4,2009,2008-11,D3:Physical Sciences,False,0,0,0,0,0,0,0,8.6,-1.4011224970886738,0.1449963039452764,-26.421688022874086,0,-0.9045413706181558,,never,E
c_16e9bc1ff20f,2014,5,2009,2008-11,D3:Physical Sciences,False,0,0,0,0,0,0,0,5.6,-2.8007119698448326,-1.9968325016910633,-40.75987841945288,0,-2.246000517201521,,never,E
c_16e9bc1ff20f,2015,6,2009,2008-11,D3:Physical Sciences,False,0,0,0,0,0,0,0,3.8,-2.1522205651163144,-1.2362570287785895,-25.45634920634921,0,-1.8283298374832198,,never,E
c_b38eddee27ee,2015,3,2012,2012-16,D3:Physical Sciences,False,0,1,0,0,1,0,1,76.6,14.005748431419569,8.34202850340542,31.755952380952394,12,11.705038420851924,,never,E
c_b38eddee27ee,2019,7,2012,2012-16,D3:Physical Sciences,False,0,1,0,0,1,0,0,110.2,2.981086229814938,1.1774467789534988,5.673758865248232,5,2.0209306775140057,,never,E
c_e8febadc6f35,2011,3,2008,2008-11,F17:Computer Science,False,0,1,0,0,1,0,1,56.4,4.685044177591296,1.7836053148591353,29.485783424077436,2,3.1026397817635956,,never,E
c_e8febadc6f35,2012,4,2008,2008-11,F17:Computer Science,False,0,1,0,0,1,0,1,69.2,5.782127973869024,2.809663141964165,35.576047358834245,3,4.415742860849431,,never,E
c_e8febadc6f35,2013,5,2008,2008-11,F17:Computer Science,False,0,1,0,0,1,0,1,78.2,6.170842977244442,3.516631317894101,21.275018532246115,2,4.776932040062187,,never,E
c_e8febadc6f35,2014,6,2008,2008-11,F17:Computer Science,False,0,1,0,0,1,0,0,88.2,6.146830232581405,4.02812936988608,14.544072948328264,3,5.243536708183329,,never,E
c_e8febadc6f35,2015,7,2008,2008-11,F17:Computer Science,False,0,1,0,0,1,0,0,92.6,6.538707051947332,4.499985984101281,13.690476190476197,6,5.376619576882932,,never,E
c_92a2f061c4a9,2019,5,2014,2012-16,F17:Computer Science,False,0,0,0,0,0,0,0,1.0,-1.5774227664367209,-1.535318902316804,-6.028368794326241,-2,-1.5834290540265183,,other,E
c_8d4aa499810d,2014,3,2011,2008-11,D3:Physical Sciences,False,0,0,0,0,0,0,0,5.0,-1.4902127247913237,-1.06003929256957,-23.627152988855116,0,-1.3086021841048172,,never,E
c_8d4aa499810d,2015,4,2011,2008-11,D3:Physical Sciences,False,0,0,0,0,0,0,0,3.0,-2.5372012621835838,-1.9366945375569813,-30.436507936507937,-1,-2.1750828423784374,,never,E
c_8d4aa499810d,2019,8,2011,2008-11,D3:Physical Sciences,False,0,0,0,0,0,0,0,1.4,-0.5427327453593591,-0.691873067453346,5.319148936170213,0,-0.6259593514796525,,never,E
c_6f6fc1488a11,2019,5,2014,2012-16,F31:Physics and Astronomy,False,0,0,0,0,0,0,0,7.4,-3.292831601416027,-2.377848314116558,-16.31205673758865,-2,-2.8514593528380137,,other,E
c_6ed72db6e3f6,2015,3,2012,2012-16,F31:Physics and Astronomy,False,0,0,0,0,0,0,0,7.4,-4.040228946685723,-2.4797224641328386,-39.66269841269842,1,-3.4732012831907517,,never,E
c_6ed72db6e3f6,2019,7,2012,2012-16,F31:Physics and Astronomy,False,0,0,0,0,0,0,0,2.6,-2.0129136740275917,-1.4169815690460679,-3.9007092198581574,-1,-1.8309970505270523,,never,E
c_6d2c0bb6acb0,2009,3,2006,2005-07,D3:Physical Sciences,True,0,0,0,0,0,0,0,17.6,0.40993753106020225,-2.0366597716955823,-0.6079027355623055,1,-0.7328216913315337,,never,E
c_6d2c0bb6acb0,2010,4,2006,2005-07,D3:Physical Sciences,True,0,0,0,0,0,0,0,18.2,0.8913363971679864,-0.2976681435285693,-0.26709401709401703,1,0.4258934915100898,,never,E
c_6d2c0bb6acb0,2011,5,2006,2005-07,D3:Physical Sciences,True,0,0,0,0,0,0,0,19.2,0.9677821356997294,1.521786917775768,-2.7223230490018224,-1,1.4062267158427986,,never,E
c_6d2c0bb6acb0,2012,6,2006,2005-07,D3:Physical Sciences,True,0,0,0,0,0,0,0,19.4,1.6519532839853284,2.6539214790329178,-2.584244080145723,0,2.0661557612326638,,never,E
c_6d2c0bb6acb0,2013,7,2006,2005-07,D3:Physical Sciences,True,0,0,0,0,0,0,0,15.4,-1.0497586864681177,0.427675582343384,-24.049560521020865,1,-0.14501558615858912,,never,E
c_6d2c0bb6acb0,2014,8,2006,2005-07,D3:Physical Sciences,True,0,0,0,0,0,0,0,14.8,-2.284615272754584,-0.7946440187704562,-26.69706180344479,4,-1.7035661141375273,,never,E
c_91a8f1c2869f,2015,3,2012,2012-16,F17:Computer Science,False,0,0,0,0,0,0,0,17.2,1.2485304519575156,0.5655948321579523,-3.8690476190476204,1,0.7644999260436567,,never,E
c_91a8f1c2869f,2019,7,2012,2012-16,F17:Computer Science,False,0,1,0,0,1,0,0,21.2,0.6307117434327214,1.301937643826692,6.382978723404257,9,0.8295043439368373,,never,E
c_b6ceebb6f368,2011,3,2008,2008-11,F31:Physics and Astronomy,False,0,0,0,0,0,0,0,7.4,-0.35427064491843563,-1.3553795432746552,-12.038717483363584,2,-0.9809462769950517,,never,E
c_b6ceebb6f368,2012,4,2008,2008-11,F31:Physics and Astronomy,False,0,0,0,0,0,0,0,6.4,-0.2724513118418339,-0.44340312059455966,-18.602003642987253,0,-0.09344651838577489,,never,E
c_b6ceebb6f368,2013,5,2008,2008-11,F31:Physics and Astronomy,False,0,0,0,0,0,0,0,6.8,0.44311535314194384,1.3873215346371728,-7.701471989833738,0,0.8365974110984626,,never,E
c_b6ceebb6f368,2014,6,2008,2008-11,F31:Physics and Astronomy,False,0,0,0,0,0,0,0,7.0,0.3565392949315864,0.2931427092353176,-7.294832826747719,-2,0.23552824034263153,,never,E
c_b6ceebb6f368,2015,7,2008,2008-11,F31:Physics and Astronomy,False,0,0,0,0,0,0,0,6.6,0.10688436298069037,-0.06528818362160127,-2.1031746031746046,-2,0.09198152460269426,,never,E
c_380e2739f62c,2014,3,2011,2008-11,F31:Physics and Astronomy,False,0,0,0,0,0,0,0,4.0,-1.7576827267031543,-1.9358636379849332,-26.864235055724414,3,-1.678014108925568,,never,E
c_380e2739f62c,2015,4,2011,2008-11,F31:Physics and Astronomy,False,0,0,0,0,0,0,0,3.8,-0.5939486941165348,0.009909579300032334,-7.281746031746033,3,-0.3304387667103361,,never,E
c_380e2739f62c,2019,8,2011,2008-11,F31:Physics and Astronomy,False,0,0,0,0,0,0,0,3.6,-0.5939401456683078,-0.4913247627389401,7.446808510638295,-1,-0.5143299939209138,,never,E
c_f546e5e7ea86,2019,6,2013,2012-16,D3:Physical Sciences,False,0,1,0,0,1,0,0,25.2,-1.3010929312017936,-0.9603509784413173,0.0,0,-1.5708254939437163,,other,E
c_5af098ea73b2,2012,3,2009,2008-11,F17:Computer Science,False,0,1,0,0,1,0,1,59.2,7.1420966568804936,4.9279327520740654,39.20765027322403,6,6.3031907763975035,,never,E
c_5af098ea73b2,2013,4,2009,2008-11,F17:Computer Science,False,0,1,0,0,1,0,0,55.8,4.960728477543059,5.332927290770051,15.402943979667484,4,5.309712265241901,,never,E
c_5af098ea73b2,2014,5,2009,2008-11,F17:Computer Science,False,0,1,0,0,1,0,0,54.0,1.8036053957328502,4.056039030919465,-1.8186423505572478,0,3.0803103025674163,,never,E
c_5af098ea73b2,2015,6,2009,2008-11,F17:Computer Science,False,0,0,0,0,0,0,0,48.6,-1.1741267308714507,1.5394113549368944,-15.992063492063494,-1,0.10900496456175279,,never,E
c_e470c5c98b3e,2014,3,2011,2008-11,F17:Computer Science,False,0,0,0,0,0,0,0,5.2,0.11444338637693474,-0.10703433876960011,-5.764944275582572,0,-0.050085865382809236,,never,E
c_e470c5c98b3e,2015,4,2011,2008-11,F17:Computer Science,False,0,0,0,0,0,0,0,5.2,-0.15748814187504212,-0.20269465903928863,-3.2936507936507953,1,-0.09692247660697395,,never,E
c_e470c5c98b3e,2019,8,2011,2008-11,F17:Computer Science,False,0,0,0,0,0,0,0,6.2,-0.027649333199925685,0.35434768428747976,12.765957446808512,0,0.25838381759616014,,never,E
c_3471cfc978c7,2011,3,2008,2008-11,D3:Physical Sciences,False,0,1,0,0,1,0,0,60.4,6.098174932017402,5.456017786701517,3.623714458560187,7,5.904627836855033,,never,E
c_3471cfc978c7,2012,4,2008,2008-11,D3:Physical Sciences,False,0,1,0,0,1,0,0,67.0,4.246528099290007,6.274276668727433,-2.5500910746812337,8,5.577855192305366,,never,E
c_3471cfc978c7,2013,5,2008,2008-11,D3:Physical Sciences,False,0,1,0,0,1,0,0,70.8,3.4660413286709737,3.460167076788787,-4.633061527057066,5,2.8067142575466324,,never,E
c_3471cfc978c7,2014,6,2008,2008-11,D3:Physical Sciences,False,0,1,0,0,1,0,0,70.8,1.1200177506903302,-1.3240755642927713,-8.41438703140831,4,0.14799119453187615,,never,E
c_3471cfc978c7,2015,7,2008,2008-11,D3:Physical Sciences,False,0,1,0,0,1,0,0,77.2,0.9086359442372398,-0.05564160794658335,-7.539682539682545,6,0.4231130272787773,,never,E
c_9aabfd15c0ee,2019,5,2014,2012-16,F17:Computer Science,False,0,1,0,0,1,0,0,217.8,-1.2122425915491277,2.105251565811752,1.4184397163120366,7,0.3234567308650007,,other,E
c_1ca4df65e868,2014,3,2011,2008-11,F31:Physics and Astronomy,False,0,0,0,0,0,0,0,4.0,-2.4060549409133007,-2.51723744569208,-35.775075987841944,-1,-2.4849774432304548,,never,E
c_1ca4df65e868,2015,4,2011,2008-11,F31:Physics and Astronomy,False,0,0,0,0,0,0,0,2.8,-2.530369428138275,-2.468788586713748,-29.563492063492063,0,-2.4474538664643624,,never,E
c_1ca4df65e868,2019,8,2011,2008-11,F31:Physics and Astronomy,False,0,0,0,0,0,0,0,2.6,-0.3895432587447273,-0.5069386094755769,9.21985815602837,0,-0.5069764487921845,,never,E
