arm,fold,t,n_edges,n_edges_K10,lenient_share_mean,within_host_share_mean,within_host_share_refs_mean,share_ge_040_K10
main,heldout_concept,2009,1,1,0.5833333333333334,0.25,0.25,0.0
main,heldout_concept,2010,3,3,0.410989010989011,0.1435897435897436,0.17216117216117213,0.0
main,heldout_concept,2011,10,10,0.4730061605061605,0.174752331002331,0.19837606837606836,0.0
main,heldout_concept,2012,18,18,0.3973000047326495,0.16537404158816124,0.19258612765009228,0.1111111111111111
main,heldout_concept,2013,28,24,0.41875173327858567,0.15159397183645534,0.17993373841199928,0.125
main,heldout_concept,2014,42,37,0.47577860766491303,0.18948071123128477,0.22897938010466104,0.21621621621621623
main,heldout_concept,2015,51,45,0.4880763471962765,0.17242928965021684,0.20526345746508917,0.17777777777777778
main,heldout_concept,2016,46,43,0.508005032799981,0.19970083952500664,0.24586009478967172,0.18604651162790697
main,heldout_concept,2017,43,39,0.510536945366878,0.1911378608611136,0.22989520317297646,0.15384615384615385
main,heldout_concept,2018,43,42,0.49065016044598747,0.1960254446268179,0.23840268958376487,0.19047619047619047
main,heldout_concept,2019,37,34,0.4600125348207753,0.19408533929024724,0.22739604262091606,0.17647058823529413
main,screen,2008,1,1,0.36363636363636365,0.24242424242424243,0.3333333333333333,0.0
main,screen,2009,5,5,0.41532131661442007,0.26069487983281087,0.3145129319042363,0.2
main,screen,2010,10,10,0.4084531039136302,0.19591855135185446,0.23564213564213565,0.1
main,screen,2011,15,12,0.4764014913211388,0.2766651646841624,0.3171779469755171,0.3333333333333333
main,screen,2012,33,30,0.4411833807893419,0.22633217100351605,0.26024264736385944,0.16666666666666666
main,screen,2013,48,47,0.40369977173355664,0.19023778313682935,0.2245852233135461,0.14893617021276595
main,screen,2014,54,52,0.3799896152296373,0.20009351281270515,0.23673324923951633,0.17307692307692307
main,screen,2015,57,51,0.4773341264244855,0.23826189148202193,0.2806593906213629,0.19607843137254902
main,screen,2016,45,42,0.5311212968478622,0.25875987155866775,0.3007308675465483,0.2619047619047619
main,screen,2017,53,48,0.5065063017257596,0.2142489766120885,0.26000365910378076,0.1875
main,screen,2018,57,56,0.5054283821807806,0.19802438789295482,0.22866560453959794,0.14285714285714285
main,screen,2019,79,74,0.5257509182144234,0.175734311226628,0.1954486371669479,0.14864864864864866
reference,reference,2008,97,88,0.28147596267880953,0.1318156537850249,0.1764643216604591,0.11363636363636363
reference,reference,2009,105,96,0.3059002685145188,0.1332968107581604,0.1812960384566755,0.08333333333333333
reference,reference,2010,113,100,0.31995075378510135,0.12671811043570333,0.1653466726813024,0.09
reference,reference,2011,124,113,0.3353870761779609,0.12714201606617614,0.16790911496428412,0.07079646017699115
reference,reference,2012,135,115,0.3412197985789998,0.1165674183211257,0.1550837779250554,0.043478260869565216
reference,reference,2013,142,132,0.3712581295821981,0.1320953879262902,0.17455932455844345,0.05303030303030303
reference,reference,2014,150,132,0.38246119403572215,0.12752904877510546,0.1672375911073672,0.030303030303030304
reference,reference,2015,162,142,0.3973634617937921,0.1234486908160496,0.15598187864263477,0.06338028169014084
reference,reference,2016,171,148,0.41004417940276716,0.11723258582233656,0.14715027791630003,0.06756756756756757
reference,reference,2017,174,155,0.41890202636829643,0.12796884453907373,0.1598366778644762,0.06451612903225806
reference,reference,2018,188,166,0.4280749496781009,0.1267288165983973,0.15463624370163703,0.0783132530120482
reference,reference,2019,205,179,0.42910389820274364,0.13461793634141406,0.16204456345410903,0.0893854748603352
