exp_onset,exp_from_start,diff_onset,diff_from_start,concept_id,category,category_incl_from_start,cluster_name,origin_group,lag
,False,2010.0,True,c_007a7950eb4d,neither,diffusion_only,broad from the start (rapid interdisciplinary),F26:Mathematics,
2012.0,False,,False,c_015399b04dea,expansion_only,expansion_only,localised,F31:Physics and Astronomy,
2014.0,True,,False,c_021cd7f7a587,neither,expansion_only,localised,F31:Physics and Astronomy,
2010.0,False,,False,c_02792d2208de,expansion_only,expansion_only,localised,F17:Computer Science,
2017.0,False,2023.0,False,c_029ea7c780b8,expansion_first,expansion_first,broad from the start (rapid interdisciplinary),F17:Computer Science,6.0
,False,,False,c_03828aedf823,neither,neither,broad from the start (rapid interdisciplinary),F31:Physics and Astronomy,
2009.0,False,,False,c_05ffe8df405c,expansion_only,expansion_only,localised,F25:Materials Science,
,False,,False,c_06e74aec233b,neither,neither,localised,F26:Mathematics,
2007.0,False,,False,c_1055d445e4c2,expansion_only,expansion_only,localised,F31:Physics and Astronomy,
,False,,False,c_108519c4a344,neither,neither,broad from the start (rapid interdisciplinary),F31:Physics and Astronomy,
,False,2019.0,True,c_11a854e37d5c,neither,diffusion_only,localised,F31:Physics and Astronomy,
2015.0,False,2020.0,False,c_11c8af40130b,expansion_first,expansion_first,localised,F31:Physics and Astronomy,5.0
,False,,False,c_1273a1959f6d,neither,neither,localised,F31:Physics and Astronomy,
2017.0,False,,False,c_133dd7d5dfff,expansion_only,expansion_only,localised,F17:Computer Science,
,False,,False,c_146abba599b7,neither,neither,localised,F17:Computer Science,
,False,,False,c_16e9bc1ff20f,neither,neither,localised,F22:Engineering,
2007.0,False,2008.0,True,c_1861d28281cc,expansion_only,expansion_first,broad from the start (rapid interdisciplinary),F26:Mathematics,
2016.0,True,,False,c_196555801f80,neither,expansion_only,localised,F31:Physics and Astronomy,
,False,,False,c_1ae65909ef19,neither,neither,localised,F31:Physics and Astronomy,
,False,,False,c_1bac28d6d178,neither,neither,localised,F25:Materials Science,
,False,,False,c_1bae6a1ef434,neither,neither,localised,F26:Mathematics,
2007.0,True,2010.0,False,c_1bd834da7f00,diffusion_only,expansion_first,broad from the start (rapid interdisciplinary),F25:Materials Science,
2015.0,False,,False,c_1c938653ab40,expansion_only,expansion_only,broad from the start (rapid interdisciplinary),F31:Physics and Astronomy,
,False,,False,c_1dca70be8b40,neither,neither,localised,F31:Physics and Astronomy,
,False,,False,c_1e2cee2a4ca1,neither,neither,localised,F26:Mathematics,
,False,2012.0,True,c_1f1d4e62775b,neither,diffusion_only,broad from the start (rapid interdisciplinary),F25:Materials Science,
,False,,False,c_1ffc63395185,neither,neither,broad from the start (rapid interdisciplinary),F17:Computer Science,
,False,,False,c_21571c2d1a59,neither,neither,broad from the start (rapid interdisciplinary),F26:Mathematics,
,False,2017.0,False,c_21960ecc2d0a,diffusion_only,diffusion_only,broad from the start (rapid interdisciplinary),F25:Materials Science,
,False,,False,c_24e2ee0faf24,neither,neither,localised,F31:Physics and Astronomy,
,False,,False,c_24fd61e090ea,neither,neither,localised,F25:Materials Science,
2016.0,True,2022.0,False,c_291d7d0530f3,diffusion_only,expansion_first,localised,F31:Physics and Astronomy,
,False,,False,c_29b715c0d545,neither,neither,localised,F31:Physics and Astronomy,
2014.0,False,2020.0,False,c_2b058bc2d673,expansion_first,expansion_first,localised,F31:Physics and Astronomy,6.0
2012.0,True,2014.0,True,c_2c781d19e525,neither,expansion_first,localised,F25:Materials Science,
2012.0,False,2013.0,True,c_2d2eb1b7726c,expansion_only,expansion_first,localised,F31:Physics and Astronomy,
,False,,False,c_2f826d362bd1,neither,neither,broad from the start (rapid interdisciplinary),F17:Computer Science,
2005.0,False,2024.0,False,c_2fc072066f34,expansion_first,expansion_first,localised,F17:Computer Science,19.0
,False,,False,c_316b46d63091,neither,neither,localised,F31:Physics and Astronomy,
2008.0,True,2011.0,False,c_345ce9137b4b,diffusion_only,expansion_first,broad from the start (rapid interdisciplinary),F25:Materials Science,
2009.0,False,2014.0,False,c_3471cfc978c7,expansion_first,expansion_first,localised,F26:Mathematics,5.0
2010.0,True,,False,c_34cb29de6e36,neither,expansion_only,localised,F31:Physics and Astronomy,
,False,,False,c_35e295b4ba1b,neither,neither,localised,F31:Physics and Astronomy,
2006.0,False,2013.0,False,c_362cb97c087a,expansion_first,expansion_first,localised,F25:Materials Science,7.0
,False,2017.0,False,c_380e2739f62c,diffusion_only,diffusion_only,broad from the start (rapid interdisciplinary),F31:Physics and Astronomy,
,False,2012.0,False,c_38c04a07c4e7,diffusion_only,diffusion_only,broad from the start (rapid interdisciplinary),F31:Physics and Astronomy,
,False,,False,c_3a8d31dc5fbf,neither,neither,broad from the start (rapid interdisciplinary),F17:Computer Science,
,False,,False,c_3c587418c65c,neither,neither,localised,F31:Physics and Astronomy,
,False,2023.0,False,c_3d37fffdfb30,diffusion_only,diffusion_only,localised,F22:Engineering,
2010.0,True,2016.0,False,c_4010f34bf1ab,diffusion_only,expansion_first,localised,F31:Physics and Astronomy,
,False,,False,c_4193f5877cd2,neither,neither,broad from the start (rapid interdisciplinary),F31:Physics and Astronomy,
2008.0,True,2012.0,False,c_43521ace85c3,diffusion_only,expansion_first,broad from the start (rapid interdisciplinary),F17:Computer Science,
,False,2018.0,False,c_46d8de220318,diffusion_only,diffusion_only,broad from the start (rapid interdisciplinary),F31:Physics and Astronomy,
,False,,False,c_4a4eb107fab6,neither,neither,localised,F22:Engineering,
,False,,False,c_4a952e8aa8a9,neither,neither,localised,F31:Physics and Astronomy,
2012.0,False,,False,c_4bc22ae42748,expansion_only,expansion_only,broad from the start (rapid interdisciplinary),F25:Materials Science,
2008.0,True,2023.0,False,c_4c081bfc5787,diffusion_only,expansion_first,localised,F25:Materials Science,
,False,,False,c_4ca7091c6452,neither,neither,broad from the start (rapid interdisciplinary),F31:Physics and Astronomy,
,False,,False,c_4cdbc8f444d1,neither,neither,localised,F17:Computer Science,
2013.0,True,2018.0,False,c_4cdee4852bd9,diffusion_only,expansion_first,broad from the start (rapid interdisciplinary),F22:Engineering,
,False,,False,c_4e82b990c351,neither,neither,localised,F26:Mathematics,
,False,,False,c_517bf926bdeb,neither,neither,localised,F31:Physics and Astronomy,
2015.0,False,,False,c_5252114e983b,expansion_only,expansion_only,localised,F31:Physics and Astronomy,
2011.0,False,,False,c_540e0dbbaec3,expansion_only,expansion_only,localised,F26:Mathematics,
,False,,False,c_55c5e5df6bab,neither,neither,localised,F22:Engineering,
2011.0,True,,False,c_569519c8d163,neither,expansion_only,localised,F31:Physics and Astronomy,
,False,,False,c_5847a762c375,neither,neither,localised,F31:Physics and Astronomy,
2015.0,False,2018.0,False,c_5891791e366f,expansion_first,expansion_first,localised,F31:Physics and Astronomy,3.0
2012.0,False,,False,c_59b516bb8932,expansion_only,expansion_only,broad from the start (rapid interdisciplinary),F31:Physics and Astronomy,
,False,2012.0,False,c_59fffeba892f,diffusion_only,diffusion_only,broad from the start (rapid interdisciplinary),F25:Materials Science,
,False,,False,c_5a9755970f27,neither,neither,broad from the start (rapid interdisciplinary),F26:Mathematics,
2013.0,False,,False,c_5af098ea73b2,expansion_only,expansion_only,localised,F17:Computer Science,
,False,,False,c_5bb0de514ff2,neither,neither,localised,F31:Physics and Astronomy,
,False,,False,c_5ccf55244c8e,neither,neither,localised,F31:Physics and Astronomy,
2016.0,False,2021.0,False,c_5f63ab6a70b0,expansion_first,expansion_first,broad from the start (rapid interdisciplinary),F17:Computer Science,5.0
2004.0,True,,False,c_6016216be4fa,neither,expansion_only,broad from the start (rapid interdisciplinary),F17:Computer Science,
,False,,False,c_62463bafdd36,neither,neither,localised,F31:Physics and Astronomy,
,False,2012.0,False,c_62af526ae811,diffusion_only,diffusion_only,broad from the start (rapid interdisciplinary),F22:Engineering,
2005.0,True,2012.0,False,c_62f82ffda131,diffusion_only,expansion_first,broad from the start (rapid interdisciplinary),F25:Materials Science,
,False,2018.0,False,c_6340f70f7803,diffusion_only,diffusion_only,localised,F31:Physics and Astronomy,
,False,,False,c_6388f9983159,neither,neither,localised,F31:Physics and Astronomy,
,False,,False,c_638ee2168fd5,neither,neither,localised,F31:Physics and Astronomy,
2010.0,True,,False,c_63ea2a7e38bb,neither,expansion_only,broad from the start (rapid interdisciplinary),F31:Physics and Astronomy,
2016.0,False,2017.0,True,c_659316235845,expansion_only,expansion_first,broad from the start (rapid interdisciplinary),F17:Computer Science,
2013.0,False,,False,c_66048d8410de,expansion_only,expansion_only,localised,F22:Engineering,
2008.0,True,2018.0,False,c_667b35b905bc,diffusion_only,expansion_first,localised,F25:Materials Science,
2016.0,True,,False,c_6692b9fa3e19,neither,expansion_only,localised,F31:Physics and Astronomy,
,False,2024.0,False,c_69c87a302a41,diffusion_only,diffusion_only,broad from the start (rapid interdisciplinary),F22:Engineering,
,False,,False,c_6dbd86c96b06,neither,neither,localised,F31:Physics and Astronomy,
2012.0,True,2016.0,False,c_6ed72db6e3f6,diffusion_only,expansion_first,localised,F31:Physics and Astronomy,
,False,,False,c_6f6fc1488a11,neither,neither,localised,F31:Physics and Astronomy,
2011.0,False,,False,c_70987856add3,expansion_only,expansion_only,localised,F31:Physics and Astronomy,
,False,,False,c_70af732266c6,neither,neither,localised,F31:Physics and Astronomy,
2014.0,False,,False,c_728eb32badb3,expansion_only,expansion_only,broad from the start (rapid interdisciplinary),F17:Computer Science,
,False,2018.0,True,c_74026fe51449,neither,diffusion_only,broad from the start (rapid interdisciplinary),F31:Physics and Astronomy,
2011.0,False,,False,c_76c9065e161c,expansion_only,expansion_only,broad from the start (rapid interdisciplinary),OTHER_small,
2010.0,False,2016.0,False,c_77d5d74f1bf6,expansion_first,expansion_first,localised,F17:Computer Science,6.0
,False,,False,c_7928a34f16c6,neither,neither,localised,F31:Physics and Astronomy,
,False,,False,c_792fc951778d,neither,neither,localised,F31:Physics and Astronomy,
2008.0,True,2020.0,False,c_79b40b5f0885,diffusion_only,expansion_first,localised,F31:Physics and Astronomy,
2011.0,True,,False,c_7a1183961ed2,neither,expansion_only,localised,F31:Physics and Astronomy,
,False,2018.0,False,c_7afec8c4aadb,diffusion_only,diffusion_only,broad from the start (rapid interdisciplinary),F17:Computer Science,
2007.0,True,2018.0,False,c_7c267f36c3fe,diffusion_only,expansion_first,localised,F25:Materials Science,
2015.0,True,,False,c_7eed579eaddd,neither,expansion_only,localised,F26:Mathematics,
,False,2013.0,True,c_7f09154f6349,neither,diffusion_only,broad from the start (rapid interdisciplinary),F26:Mathematics,
2015.0,True,2018.0,False,c_7f1774b198d9,diffusion_only,expansion_first,broad from the start (rapid interdisciplinary),F31:Physics and Astronomy,
,False,2014.0,False,c_7f7851d9c6b6,diffusion_only,diffusion_only,broad from the start (rapid interdisciplinary),F31:Physics and Astronomy,
,False,2018.0,False,c_7fed36e6938e,diffusion_only,diffusion_only,localised,F31:Physics and Astronomy,
2013.0,True,,False,c_81a68a95bd23,neither,expansion_only,localised,F17:Computer Science,
2009.0,True,,False,c_833923f506ca,neither,expansion_only,localised,F31:Physics and Astronomy,
,False,,False,c_850369b36e8c,neither,neither,localised,F31:Physics and Astronomy,
2017.0,False,2018.0,False,c_875b78607ff6,expansion_first,expansion_first,localised,F17:Computer Science,1.0
2012.0,False,,False,c_87df94bef363,expansion_only,expansion_only,localised,F31:Physics and Astronomy,
2015.0,False,2018.0,False,c_888464fbe50c,expansion_first,expansion_first,localised,F17:Computer Science,3.0
,False,,False,c_8904d963bc30,neither,neither,broad from the start (rapid interdisciplinary),F31:Physics and Astronomy,
,False,,False,c_8a0a8dab0e65,neither,neither,localised,F31:Physics and Astronomy,
2013.0,False,2023.0,False,c_8a7b58068a03,expansion_first,expansion_first,localised,F31:Physics and Astronomy,10.0
,False,,False,c_8d4aa499810d,neither,neither,localised,F26:Mathematics,
,False,,False,c_8d94ed006e2f,neither,neither,broad from the start (rapid interdisciplinary),F17:Computer Science,
,False,,False,c_8dc78279fc2d,neither,neither,broad from the start (rapid interdisciplinary),F31:Physics and Astronomy,
,False,,False,c_90a9dfcdbc32,neither,neither,localised,F31:Physics and Astronomy,
2009.0,True,,False,c_91666554f617,neither,expansion_only,localised,F31:Physics and Astronomy,
,False,2024.0,False,c_91a8f1c2869f,diffusion_only,diffusion_only,broad from the start (rapid interdisciplinary),F17:Computer Science,
,False,,False,c_92a2f061c4a9,neither,neither,broad from the start (rapid interdisciplinary),F17:Computer Science,
,False,2010.0,False,c_92ba186c01f3,diffusion_only,diffusion_only,broad from the start (rapid interdisciplinary),F26:Mathematics,
,False,2015.0,False,c_92c7d10cd004,diffusion_only,diffusion_only,localised,F26:Mathematics,
,False,2019.0,False,c_95d242992c0f,diffusion_only,diffusion_only,localised,F31:Physics and Astronomy,
2015.0,True,2017.0,True,c_9aabfd15c0ee,neither,expansion_first,broad from the start (rapid interdisciplinary),F17:Computer Science,
2013.0,False,,False,c_9cceb3c510be,expansion_only,expansion_only,broad from the start (rapid interdisciplinary),F31:Physics and Astronomy,
,False,,False,c_9cf3e02c40c3,neither,neither,localised,F31:Physics and Astronomy,
2013.0,True,,False,c_9d2447253ac5,neither,expansion_only,broad from the start (rapid interdisciplinary),F22:Engineering,
2015.0,False,,False,c_9d4eaaf7197d,expansion_only,expansion_only,localised,F31:Physics and Astronomy,
2013.0,False,2019.0,False,c_9e3bad270e4c,expansion_first,expansion_first,broad from the start (rapid interdisciplinary),F31:Physics and Astronomy,6.0
,False,,False,c_a13026e2ec51,neither,neither,localised,F25:Materials Science,
2019.0,False,2019.0,True,c_a29783e0f3b1,expansion_only,same_year,broad from the start (rapid interdisciplinary),F17:Computer Science,
,False,2016.0,False,c_a2bb1be49015,diffusion_only,diffusion_only,localised,F31:Physics and Astronomy,
,False,2014.0,False,c_a4b850589c6a,diffusion_only,diffusion_only,localised,F31:Physics and Astronomy,
2004.0,True,2023.0,False,c_a5d4697b6de1,diffusion_only,expansion_first,localised,F17:Computer Science,
2012.0,False,,False,c_a5e02a3be628,expansion_only,expansion_only,localised,F31:Physics and Astronomy,
,False,,False,c_a72818f93224,neither,neither,localised,F31:Physics and Astronomy,
2013.0,False,2016.0,False,c_a8446b56bf9f,expansion_first,expansion_first,broad from the start (rapid interdisciplinary),OTHER_small,3.0
,False,2021.0,False,c_a8b249e66370,diffusion_only,diffusion_only,broad from the start (rapid interdisciplinary),F22:Engineering,
,False,,False,c_a9023a155cd6,neither,neither,localised,F26:Mathematics,
,False,2011.0,True,c_ad88b567ddce,neither,diffusion_only,localised,F25:Materials Science,
,False,,False,c_ae5a93f48f4a,neither,neither,localised,F31:Physics and Astronomy,
2013.0,False,,False,c_ae77f50843e4,expansion_only,expansion_only,localised,F25:Materials Science,
2018.0,False,2019.0,True,c_ae973c8e0f68,expansion_only,expansion_first,broad from the start (rapid interdisciplinary),F17:Computer Science,
,False,2022.0,False,c_af151bc76848,diffusion_only,diffusion_only,localised,F22:Engineering,
,False,,False,c_af9f1a649198,neither,neither,localised,F17:Computer Science,
2015.0,True,,False,c_b0aed3cbf9ca,neither,expansion_only,localised,F22:Engineering,
,False,,False,c_b12ae064bb50,neither,neither,localised,F25:Materials Science,
,False,,False,c_b248f2f21fd7,neither,neither,localised,F31:Physics and Astronomy,
,False,,False,c_b38eddee27ee,neither,neither,broad from the start (rapid interdisciplinary),F22:Engineering,
,False,,False,c_b3fdf1de179c,neither,neither,localised,F17:Computer Science,
,False,,False,c_b6ceebb6f368,neither,neither,broad from the start (rapid interdisciplinary),F31:Physics and Astronomy,
,False,,False,c_b9e6c7e86b29,neither,neither,localised,F31:Physics and Astronomy,
,False,,False,c_bcd3d69b7a16,neither,neither,broad from the start (rapid interdisciplinary),F17:Computer Science,
2014.0,True,2016.0,True,c_be7b73687012,neither,expansion_first,localised,F25:Materials Science,
,False,,False,c_bf12df84c614,neither,neither,broad from the start (rapid interdisciplinary),F31:Physics and Astronomy,
,False,,False,c_c263bd1c3cd5,neither,neither,broad from the start (rapid interdisciplinary),F22:Engineering,
2014.0,False,,False,c_c8cc0fcf9774,expansion_only,expansion_only,localised,F31:Physics and Astronomy,
2016.0,False,,False,c_c95c87230241,expansion_only,expansion_only,broad from the start (rapid interdisciplinary),F31:Physics and Astronomy,
,False,,False,c_cac166d7f472,neither,neither,localised,F31:Physics and Astronomy,
,False,2010.0,False,c_cb03d430ed04,diffusion_only,diffusion_only,broad from the start (rapid interdisciplinary),F17:Computer Science,
2017.0,False,2017.0,False,c_cbade03273e8,same_year,same_year,broad from the start (rapid interdisciplinary),F17:Computer Science,0.0
,False,,False,c_cc2290b62dfe,neither,neither,broad from the start (rapid interdisciplinary),F31:Physics and Astronomy,
2017.0,False,2018.0,False,c_ce417b0a39d3,expansion_first,expansion_first,broad from the start (rapid interdisciplinary),F17:Computer Science,1.0
2008.0,True,,False,c_d2b738a06440,neither,expansion_only,localised,F31:Physics and Astronomy,
2017.0,False,,False,c_d4b3874526b7,expansion_only,expansion_only,localised,F31:Physics and Astronomy,
,False,,False,c_d4bf863bf41e,neither,neither,localised,F31:Physics and Astronomy,
2013.0,False,,False,c_d50bd82ef89a,expansion_only,expansion_only,localised,F17:Computer Science,
2011.0,False,,False,c_d5d1b3e8c269,expansion_only,expansion_only,localised,F22:Engineering,
2009.0,False,,False,c_d6845c35d3d0,expansion_only,expansion_only,localised,F26:Mathematics,
,False,,False,c_d8cc016bbefd,neither,neither,localised,F31:Physics and Astronomy,
2008.0,True,,False,c_d8de8d6f3622,neither,expansion_only,broad from the start (rapid interdisciplinary),F22:Engineering,
2010.0,True,,False,c_da8873b65047,neither,expansion_only,localised,F17:Computer Science,
2012.0,True,,False,c_dacdc9f4839d,neither,expansion_only,localised,F31:Physics and Astronomy,
2012.0,False,,False,c_db8a1e0408f1,expansion_only,expansion_only,localised,F31:Physics and Astronomy,
2018.0,False,,False,c_dd2c93ff632d,expansion_only,expansion_only,localised,F17:Computer Science,
,False,,False,c_de14f5e3898c,neither,neither,localised,F31:Physics and Astronomy,
,False,,False,c_e1a8b816be94,neither,neither,localised,F17:Computer Science,
2015.0,True,,False,c_e365e1c885e9,neither,expansion_only,localised,F22:Engineering,
,False,,False,c_e3d884195653,neither,neither,localised,F31:Physics and Astronomy,
2016.0,False,,False,c_e44f84504a49,expansion_only,expansion_only,localised,F22:Engineering,
,False,,False,c_e470c5c98b3e,neither,neither,broad from the start (rapid interdisciplinary),F17:Computer Science,
,False,,False,c_e73938e855cf,neither,neither,localised,F31:Physics and Astronomy,
,False,,False,c_e79d5454fc88,neither,neither,localised,F25:Materials Science,
2015.0,True,2020.0,False,c_e895570ed25f,diffusion_only,expansion_first,localised,F17:Computer Science,
,False,,False,c_eab63ee6dc65,neither,neither,localised,F31:Physics and Astronomy,
,False,,False,c_eabe2f930b36,neither,neither,localised,F22:Engineering,
2010.0,True,,False,c_eb3e469ad899,neither,expansion_only,localised,F31:Physics and Astronomy,
2006.0,True,2015.0,False,c_eeb8c382f07c,diffusion_only,expansion_first,localised,F25:Materials Science,
2008.0,False,,False,c_ef7889a4d23e,expansion_only,expansion_only,localised,F25:Materials Science,
2016.0,True,2024.0,False,c_f03a00abe2dc,diffusion_only,expansion_first,localised,F31:Physics and Astronomy,
2010.0,True,2021.0,False,c_f1ac7bd3e734,diffusion_only,expansion_first,broad from the start (rapid interdisciplinary),F31:Physics and Astronomy,
2015.0,False,,False,c_f546e5e7ea86,expansion_only,expansion_only,localised,F25:Materials Science,
2009.0,False,,False,c_f719837cea47,expansion_only,expansion_only,localised,F31:Physics and Astronomy,
,False,,False,c_f94c1c136f05,neither,neither,localised,F17:Computer Science,
,False,,False,c_fa856c1c78e2,neither,neither,localised,F25:Materials Science,
,False,,False,c_fc729e296e25,neither,neither,localised,F31:Physics and Astronomy,
,False,,False,c_fd21765efdb4,neither,neither,localised,F31:Physics and Astronomy,
,False,2013.0,True,c_ffa092a263f2,neither,diffusion_only,localised,F17:Computer Science,
