threshold_version,population,main_pattern,mesh_pattern,p_main,n_main,p_mesh,n_mesh,diff,boot_ci_lo,boot_ci_hi,newcombe_lo,newcombe_hi
recomputed_hydrated,screen_MAIN,INCUBATION_THEN_EXPANSION,incubation_expansion,0.0,202,0.16753926701570682,191,-0.16753926701570682,-0.225130890052356,-0.11518324607329843,-0.22694026121371874,-0.11762750867766229
recomputed_hydrated,screen_MAIN,INCUBATION_THEN_EXPANSION_ageadj,incubation_expansion,0.01485148514851485,202,0.16753926701570682,191,-0.15268778186719195,-0.2097091908143694,-0.09652169405422217,-0.2128898022577942,-0.09864070222845184
recomputed_hydrated,screen_MAIN,GRADUAL_CENTRALISATION,gradual_centralisation,0.034653465346534656,202,0.015706806282722512,191,0.018946659063812144,-0.011326525322689338,0.04921984345031362,-0.015445854583609777,0.055576188695463186
recomputed_hydrated,screen_MAIN,EARLY_BRIDGING,early_bridging,0.698019801980198,202,0.5863874345549738,191,0.1116323674252242,0.01699821160126487,0.2047327769426157,0.016882968733042,0.20393605904652884
recomputed_hydrated,screen_MAIN,EARLY_BRIDGING_aligned,early_bridging,0.7178217821782178,202,0.5863874345549738,191,0.13143434762324402,0.03890415219532417,0.2242496500958996,0.03727440508176934,0.222733028921842
recomputed_hydrated,screen_mainarm_all247,INCUBATION_THEN_EXPANSION,incubation_expansion,0.0,247,0.16753926701570682,191,-0.16753926701570682,-0.225130890052356,-0.11518324607329843,-0.22694026121371874,-0.11878034378127345
recomputed_hydrated,screen_mainarm_all247,INCUBATION_THEN_EXPANSION_ageadj,incubation_expansion,0.012145748987854251,247,0.16753926701570682,191,-0.15539351802785256,-0.21061110286792292,-0.10254997138436102,-0.21533169208605646,-0.10372574197199046
recomputed_hydrated,screen_mainarm_all247,GRADUAL_CENTRALISATION,gradual_centralisation,0.02834008097165992,247,0.015706806282722512,191,0.012633274688937407,-0.014032261483349937,0.0398038238972378,-0.02021071562321896,0.04341762745383802
recomputed_hydrated,screen_mainarm_all247,EARLY_BRIDGING,early_bridging,0.7165991902834008,247,0.5863874345549738,191,0.13021175572842703,0.04141848782245583,0.22019204273268755,0.04046361938506818,0.2184428465406223
recomputed_hydrated,screen_mainarm_all247,EARLY_BRIDGING_aligned,early_bridging,0.728744939271255,247,0.5863874345549738,191,0.14235750471628128,0.0521016597070606,0.23017572122008612,0.052970347016449176,0.23004326478395498
frozen_iter2,screen_MAIN,INCUBATION_THEN_EXPANSION,incubation_expansion,0.0,202,0.16753926701570682,191,-0.16753926701570682,-0.2198952879581152,-0.11518324607329843,-0.22694026121371874,-0.11762750867766229
frozen_iter2,screen_MAIN,INCUBATION_THEN_EXPANSION_ageadj,incubation_expansion,0.01485148514851485,202,0.16753926701570682,191,-0.15268778186719195,-0.21027940490384117,-0.1000466538800477,-0.2128898022577942,-0.09864070222845184
frozen_iter2,screen_MAIN,GRADUAL_CENTRALISATION,gradual_centralisation,0.034653465346534656,202,0.015706806282722512,191,0.018946659063812144,-0.011611632367425222,0.04921984345031362,-0.015445854583609777,0.055576188695463186
frozen_iter2,screen_MAIN,EARLY_BRIDGING,early_bridging,0.698019801980198,202,0.5863874345549738,191,0.1116323674252242,0.015855191540096444,0.20740241563423356,0.016882968733042,0.20393605904652884
frozen_iter2,screen_MAIN,EARLY_BRIDGING_aligned,early_bridging,0.7178217821782178,202,0.5863874345549738,191,0.13143434762324402,0.038333938105852394,0.22539720595096144,0.03727440508176934,0.222733028921842
frozen_iter2,screen_mainarm_all247,INCUBATION_THEN_EXPANSION,incubation_expansion,0.0,247,0.16753926701570682,191,-0.16753926701570682,-0.2198952879581152,-0.11518324607329843,-0.22694026121371874,-0.11878034378127345
frozen_iter2,screen_mainarm_all247,INCUBATION_THEN_EXPANSION_ageadj,incubation_expansion,0.012145748987854251,247,0.16753926701570682,191,-0.15539351802785256,-0.21061110286792292,-0.10302530894291727,-0.21533169208605646,-0.10372574197199046
frozen_iter2,screen_mainarm_all247,GRADUAL_CENTRALISATION,gradual_centralisation,0.02834008097165992,247,0.015706806282722512,191,0.012633274688937407,-0.014032261483349937,0.03929881086122475,-0.02021071562321896,0.04341762745383802
frozen_iter2,screen_mainarm_all247,EARLY_BRIDGING,early_bridging,0.7165991902834008,247,0.5863874345549738,191,0.13021175572842703,0.04071899442524951,0.2190050236343981,0.04046361938506818,0.2184428465406223
frozen_iter2,screen_mainarm_all247,EARLY_BRIDGING_aligned,early_bridging,0.728744939271255,247,0.5863874345549738,191,0.14235750471628128,0.052589185408143835,0.23304417406787192,0.052970347016449176,0.23004326478395498
