cluster_name,role,share,ci_lo,ci_hi,n_rows
broad from the start (rapid interdisciplinary),FOUNDER,0.0,0.0,0.0,952
broad from the start (rapid interdisciplinary),CORE_GROWING,0.0,0.0,0.0,952
broad from the start (rapid interdisciplinary),BRIDGE,0.7090336134453782,0.6357715720453027,0.7749589762042214,952
broad from the start (rapid interdisciplinary),MIGRANT,0.009453781512605041,0.0042912729421356625,0.015464224349533628,952
broad from the start (rapid interdisciplinary),STAYER,0.01995798319327731,0.0035892368886830638,0.0503310359528208,952
broad from the start (rapid interdisciplinary),OTHER,0.2615546218487395,0.202221706864564,0.32860686902470576,952
localised,FOUNDER,0.0,0.0,0.0,1817
localised,CORE_GROWING,0.0,0.0,0.0,1817
localised,BRIDGE,0.5564116675839296,0.5054409139628665,0.6085342652032578,1817
localised,MIGRANT,0.02971931755641167,0.021727314542326667,0.038117126372893974,1817
localised,STAYER,0.04127682993946065,0.02807686151257123,0.05482230209883961,1817
localised,OTHER,0.37259218492019813,0.33064040243653314,0.4152421902421902,1817
