key,label,spec,y,var,b,se,p_crv1,p_wild,irr_sd,irr_sd_lo,irr_sd_hi,irr_01,sd,N,G,retained_share,note
R1,primary: concept x e + d x e,primary,Y_strict,A_cont,4.857107134935826,1.6391235035580143,0.0036664760496780964,0.001,1.3242509557724162,1.0976928492361515,1.5975694795538289,1.625329742232649,0.05782186297032492,1004.0,122.0,0.44642063139172966,
R1,primary: concept x e + d x e,primary,Y_strict,CT,0.3777484515071309,0.5084697246016038,0.45897465245955127,0.349,1.0981871803375052,0.8556165864939026,1.4095274707092584,1.0384973838314207,0.2479449011117167,1004.0,122.0,0.44642063139172966,
R2,co-primary (G4-decisive): concept + e + d,secondary,Y_strict,A_cont,3.516628275856821,0.841874359198938,4.8539057905451176e-05,0.001,1.2329838323526203,1.1167392468870916,1.3613286495308963,1.4214291762046165,0.059556226936730725,2171.0,160.0,0.9653179190751445,
R2,co-primary (G4-decisive): concept + e + d,secondary,Y_strict,CT,0.3970852906844437,0.2034503534816842,0.05272429680813682,0.06,1.1039540999524076,0.9988230374441575,1.2201507265193277,1.040507452313364,0.24906077656530332,2171.0,160.0,0.9653179190751445,
R3,concept + d x e,c_plus_dxe,Y_strict,A_cont,3.6557292883062353,0.8166743863805712,1.4523669766376862e-05,0.002,1.2508918991026636,1.133239392103849,1.380759047155747,1.4413395566230818,0.06123451670191814,1852.0,158.0,0.8234771009337484,
R3,concept + d x e,c_plus_dxe,Y_strict,CT,0.4155613649323645,0.24113520010966794,0.08679320819966946,,1.1088362759492452,0.9850164698386774,1.2482206384451182,1.0424316786678727,0.24860604002392822,1852.0,158.0,0.8234771009337484,
R4,concept x 2-year bin + d x e,coarse_cx2y,Y_strict,A_cont,5.583432378138952,1.1261874148441533,2.0727457015893784e-06,0.002,1.3831288734210587,1.215288604449227,1.5741491144467747,1.7477744536473023,0.05809119021023087,1320.0,138.0,0.5869275233437083,
R4,concept x 2-year bin + d x e,coarse_cx2y,Y_strict,CT,0.4979700159566765,0.34210799821653665,0.1477928489951323,,1.1303913089221211,0.9570115427408427,1.3351819222860604,1.0510577116800481,0.24612699546857347,1320.0,138.0,0.5869275233437083,
R2_A_only,"co-primary, A_cont without CT",secondary,Y_strict,A_cont,3.326989838299882,0.8593519216230368,0.0001576163466815308,,1.2191366713684917,1.101929940098821,1.3488100916308299,1.3947273997747351,0.059556226936730725,2171.0,160.0,0.9653179190751445,
S1,G1 multi-team entry (co-primary FE),secondary,Y_strict,A_cont,1.3267944974543031,1.0668539141597637,0.21609289540983243,0.203,1.079315864842692,0.9557976304121785,1.2187964261836122,1.141883908481379,0.05752765939563032,830.0,119.0,0.944254835039818,
S1,G1 multi-team entry (co-primary FE),secondary,Y_strict,CT,0.13399354778517847,0.34472426629520037,0.6982002074595984,,1.028382064094182,0.8917267901238544,1.1859794742779028,1.0134895284389231,0.2088664426543892,830.0,119.0,0.944254835039818,
S1_primary,G1 multi-team entry (primary FE),primary,Y_strict,A_cont,10.08881107821958,4.711191560961314,0.03808378600867079,,1.6574629515124122,1.0295387724811305,2.6683632603905525,2.742530701512387,0.05008400760821167,164.0,43.0,0.18657565415244595,
S1_primary,G1 multi-team entry (primary FE),primary,Y_strict,CT,1.6415447900316675,2.032574599902441,0.4238607752371557,,1.3775369177909709,0.6187443550609997,3.066869126733237,1.1783963385246716,0.19511929507194994,164.0,43.0,0.18657565415244595,
S2,"G2: NATIVE + ADJACENT (FOREIGN ref), co-primary",secondary,Y_strict,NATIVE,1.6952538291141481,0.45068713726397386,0.00023703930156265468,0.002,1.1710194970238488,1.0778641600373233,1.2722258641223438,1.1847424188633315,0.09312749020702114,2171.0,160.0,0.9653179190751445,
S2,"G2: NATIVE + ADJACENT (FOREIGN ref), co-primary",secondary,Y_strict,ADJACENT,0.5198603928896914,0.19932116269553216,0.009970627532528314,0.02,1.1145871903365472,1.0266855635067063,1.2100146812419885,1.0533610367416684,0.20867930113684638,2171.0,160.0,0.9653179190751445,
S2,"G2: NATIVE + ADJACENT (FOREIGN ref), co-primary",secondary,Y_strict,CT,0.38127264700660046,0.20501297805696272,0.06476862278621319,,1.0996149373291417,0.9941326695811632,1.2162893820869998,1.0388634351100765,0.24906077656530332,2171.0,160.0,0.9653179190751445,
S2_primary,"G2: NATIVE + ADJACENT, primary",primary,Y_strict,NATIVE,1.61070644038957,0.9404576406546223,0.08933212477931175,,1.1567002594719615,0.9775549700658243,1.3686754517471391,1.1747679562358195,0.09037733008931473,1004.0,122.0,0.44642063139172966,
S2_primary,"G2: NATIVE + ADJACENT, primary",primary,Y_strict,ADJACENT,1.2190835215841889,0.3954412107726492,0.0025398593967679954,,1.2995013178444246,1.0982740848256531,1.5375976711200205,1.1296505669998151,0.21489962301760698,1004.0,122.0,0.44642063139172966,
S2_primary,"G2: NATIVE + ADJACENT, primary",primary,Y_strict,CT,0.509781206822712,0.48073395020721676,0.2910644377603141,,1.1347333063160625,0.8962092606103411,1.4367399814481738,1.0522998694281425,0.2479449011117167,1004.0,122.0,0.44642063139172966,
S3,"placebo host d' (A_placebo in place of A_cont), co-primary",secondary,Y_strict,A_placebo,3.019087115511678,3.4507462334083736,0.38294338301635433,0.392,1.0305202850347557,0.9629040896538383,1.1028845648063352,1.352437759128813,0.009957912659431505,2171.0,160.0,0.9653179190751445,
S3,"placebo host d' (A_placebo in place of A_cont), co-primary",secondary,Y_strict,CT,0.2480043835472154,0.20684061908333304,0.23230714145400064,,1.0637157089252298,0.9608129654867618,1.1776393013608786,1.0251105273672005,0.24906077656530332,2171.0,160.0,0.9653179190751445,
S4,A_cont_lo (unprofiled = 0),secondary,Y_strict,A_cont_lo,3.8964880142110307,0.9928683558741623,0.00012911218792628556,,1.2165112085633156,1.1022531542092548,1.3426130965547962,1.4764621714018427,0.050298395956604236,2171.0,160.0,0.9653179190751445,
S4,A_cont_lo (unprofiled = 0),secondary,Y_strict,CT,0.37948505767654417,0.2039399942746482,0.06462357054047169,,1.099125477507068,0.9942147644649649,1.215106492564778,1.0386777455882026,0.24906077656530332,2171.0,160.0,0.9653179190751445,
S5,A_cont_hi (unprofiled = 1),secondary,Y_strict,A_cont_hi,3.8964880142111378,0.9928683558811475,0.00012911218793972484,,1.7215456593786964,1.309761790327428,2.262792730107609,1.4764621714018584,0.13941337031792578,2171.0,160.0,0.9653179190751445,
S5,A_cont_hi (unprofiled = 1),secondary,Y_strict,CT,0.3794850576765489,0.20393999427261034,0.06462357053782508,,1.0991254775070693,0.9942147644659627,1.2151064925635615,1.038677745588203,0.24906077656530332,2171.0,160.0,0.9653179190751445,
S6,coverage rule 0.50 subset (declared threshold),secondary,Y_strict,A_cont,0.13249727019690827,3.7526141782018896,0.9720189759724971,,1.006699349538088,0.6864984862377755,1.4762502768424068,1.0133378936168604,0.05039355611090525,123.0,39.0,0.6307692307692307,
S6,coverage rule 0.50 subset (declared threshold),secondary,Y_strict,CT,1.1961239167207913,1.6063951139829256,0.46109308152053263,,1.2998934062324263,0.6371176589151681,2.652136295270268,1.127059909096742,0.2192768343090481,123.0,39.0,0.6307692307692307,
S7,coverage rule 0.70 subset,,,,,,,,,,,,,,,,not estimable (too few observations / fit failed)
S8,rule_parity concepts only (172),secondary,Y_strict,A_cont,2.9076565994388117,0.8024105399875484,0.0004028344414373101,,1.189635430841131,1.082120989991013,1.3078319997510783,1.3374511288513358,0.05972056658315165,1901.0,144.0,0.9659552845528455,
S8,rule_parity concepts only (172),secondary,Y_strict,CT,0.3528745808639341,0.24587051866173656,0.1534123089246916,,1.091589093634446,0.9674770704640546,1.2316227285574126,1.0359174488511886,0.24834466232610589,1901.0,144.0,0.9659552845528455,
S9,retrieval_complete concepts dropped,secondary,Y_strict,A_cont,4.2590703878708505,0.7840521945456166,2.254833367768664e-07,,1.2924517527648935,1.177284085132362,1.418885683005932,1.5309784469044767,0.06023403576966824,1976.0,148.0,0.9587578845220767,
S9,retrieval_complete concepts dropped,secondary,Y_strict,CT,0.5143942850979564,0.22170372788710188,0.021706671145015108,,1.1359170369710714,1.0190718777862893,1.2661594760951003,1.0527854155793221,0.24774825554775595,1976.0,148.0,0.9587578845220767,
S10,Y_lenient,secondary,Y_lenient,A_cont,3.480537603898365,0.7877070144352855,1.7933199632603613e-05,,1.2302433071503762,1.1214459868679025,1.3495956225367212,1.416308388984488,0.05953446969848755,2201.0,166.0,0.9786571809693198,
S10,Y_lenient,secondary,Y_lenient,CT,0.3520620977727675,0.1846642046619858,0.05832364746654133,,1.0917465762783547,0.9968764923509359,1.195645193723672,1.035833285729187,0.2493275417596701,2201.0,166.0,0.9786571809693198,
S11,Y_all,secondary,Y_all,A_cont,3.4812364212167575,0.7692377787771847,1.1396643706671658e-05,,1.230039947971682,1.1238079560121288,1.3463139013315981,1.4164073665258494,0.0594750318078993,2208.0,168.0,0.9817696754112939,
S11,Y_all,secondary,Y_all,CT,0.35625779789363904,0.18303901399067546,0.053291049793833804,,1.0928491542274483,0.9987270711896564,1.1958414949872227,1.0362679814996785,0.24922454869516975,2208.0,168.0,0.9817696754112939,
S12,union c-paper set (no topic controls),secondary,Y_strict,A_cont,2.6126461605791302,0.7763422482866855,0.0009462541441797354,,1.1623503264490775,1.0641683779147089,1.2695907052263133,1.2985712427768268,0.05758303631716981,2531.0,170.0,0.9727132974634897,
S12,union c-paper set (no topic controls),secondary,Y_strict,CT,0.6350428444455732,0.24876961350459184,0.011573051439713678,,1.1738064286457086,1.0369924558470112,1.3286707383079213,1.0655640511417863,0.2523480538516319,2531.0,170.0,0.9727132974634897,
S13,without topic-score controls,secondary,Y_strict,A_cont,3.51639162474087,0.8608870516910826,6.980515588743869e-05,,1.2329664547422994,1.1142289289667764,1.3643572151097176,1.421395538322561,0.059556226936730725,2171.0,160.0,0.9653179190751445,
S13,without topic-score controls,secondary,Y_strict,CT,0.48494899310791917,0.21496711557732015,0.02543905669335018,,1.1283786426055613,1.0151543998676202,1.2542312393606372,1.0496900176641253,0.24906077656530332,2171.0,160.0,0.9653179190751445,
S14_health,Health Sciences hosts (descriptive),secondary,Y_strict,A_cont,3.4016896968962382,0.9671887359226177,0.0005898052383959405,,1.2121035861129839,1.087869470182961,1.3505251721246139,1.4051850041791967,0.05654758905859346,1381.0,140.0,0.942019099590723,
S14_health,Health Sciences hosts (descriptive),secondary,Y_strict,CT,-0.0363627859778184,0.20089812820311007,0.8566303486360108,,0.9908600123217997,0.8962979852067877,1.0953986065157135,0.9963703246570557,0.25251128021454605,1381.0,140.0,0.942019099590723,
S14_life,Life Sciences hosts (descriptive),secondary,Y_strict,A_cont,3.016207832141102,1.2168556403377688,0.014564505607386105,,1.22029606067257,1.0408886112906262,1.4306261587842612,1.3520484100288626,0.06600788575169812,695.0,122.0,0.8876117496807152,
S14_life,Life Sciences hosts (descriptive),secondary,Y_strict,CT,0.8486595900963941,0.3519946344975755,0.017412668399388716,,1.2324984977847162,1.0380978256391702,1.4633038520298238,1.0885711437646017,0.24632185924428343,695.0,122.0,0.8876117496807152,
S16,exact-profile nativeness only (bg fill off),secondary,Y_strict,A_cont_exact,3.6836392617480205,0.8292008724301426,1.6593354111266214e-05,,1.2425861798855167,1.1282125632148343,1.3685545302232813,1.4453679505009969,0.05896202674012869,2171.0,160.0,0.9653179190751445,
S16,exact-profile nativeness only (bg fill off),secondary,Y_strict,CT,0.40039944172996106,0.2024416520711741,0.049673716712716545,,1.104865707481927,1.0001439539360883,1.2205525282288978,1.040852349348346,0.24906077656530332,2171.0,160.0,0.9653179190751445,
S17,kw5 subset (declared partner rule),secondary,Y_strict,A_cont,3.6114723212523283,0.8552012196266984,4.058498125000829e-05,,1.238788475013891,1.1207325511562234,1.369280194676284,1.4349747197037688,0.059292678076653595,2101.0,159.0,0.9668660837551771,
S17,kw5 subset (declared partner rule),secondary,Y_strict,CT,0.44281955037286574,0.20731746189147113,0.0342240723255487,,1.1152071585832852,1.0082455594951987,1.233515977177311,1.0452770344685238,0.24624066397783065,2101.0,159.0,0.9668660837551771,
S18,Y_strict with n_entry_papers == 1 (single-paper entries),secondary,Y_strict,A_cont,3.7619993828700773,0.7955889261941473,5.021066367809845e-06,,1.242288211467306,1.1346513482659366,1.3601358714368073,1.4567383624290389,0.05767013463644754,1922.0,157.0,0.9586034912718204,
S18,Y_strict with n_entry_papers == 1 (single-paper entries),secondary,Y_strict,CT,0.3787654513821057,0.2145313853767517,0.07942811489158458,,1.1009558391394463,0.9886394011208464,1.2260322199995757,1.0386030043730854,0.25392692710418535,1922.0,157.0,0.9586034912718204,
