concept_id,d,e_all,e_pmid,covered,identical,missing_in_pmid,covered30
mesh:D000068099,1110,2015,,False,False,True,False
mesh:D000068099,1211,2014,2014.0,False,True,False,False
mesh:D000068099,1307,2014,2014.0,False,True,False,True
mesh:D000068099,1311,2017,,False,False,True,True
mesh:D000068099,1312,2019,2021.0,False,False,False,True
mesh:D000068099,1602,2017,,False,False,True,False
mesh:D000068099,2002,2018,,False,False,True,False
mesh:D000068099,2707,2018,,False,False,True,False
mesh:D000068099,2711,2019,2021.0,False,False,False,True
mesh:D000068099,2713,2013,2019.0,False,False,False,True
mesh:D000068099,2716,2019,,False,False,True,True
mesh:D000068099,2728,2016,,False,False,True,True
mesh:D000068099,2730,2019,2019.0,False,True,False,True
mesh:D000068099,2735,2014,2022.0,False,False,False,False
mesh:D000068099,2736,2014,2015.0,False,False,False,True
mesh:D000068099,2739,2015,2021.0,False,False,False,False
mesh:D000068099,2743,2016,2016.0,False,True,False,False
mesh:D000068099,2746,2017,2017.0,False,True,False,True
mesh:D000068099,2802,2014,2015.0,True,False,False,True
mesh:D000068099,2803,2018,2022.0,True,False,False,True
mesh:D000068099,2804,2018,2023.0,False,False,False,True
mesh:D000068099,2805,2014,2019.0,False,False,False,True
mesh:D000068099,2806,2013,,False,False,True,True
mesh:D000068099,3202,2015,2015.0,False,True,False,False
mesh:D000068099,3204,2019,,False,False,True,False
mesh:D000068099,3207,2015,2023.0,False,False,False,False
mesh:D000068099,3311,2015,2016.0,False,False,False,False
mesh:D000068099,3312,2014,,False,False,True,False
mesh:D000068099,3321,2019,,False,False,True,False
mesh:D000068099,3600,2015,,False,False,True,False
mesh:D000068099,3604,2018,,False,False,True,False
mesh:D000068099,3611,2015,,False,False,True,False
mesh:D000068099,3614,2018,,False,False,True,False
mesh:D059230,1312,2014,2014.0,False,True,False,True
mesh:D059230,2208,2010,,False,False,True,False
mesh:D059230,2703,2008,2018.0,False,False,False,True
mesh:D059230,2705,2006,2013.0,False,False,False,True
mesh:D059230,2706,2011,,False,False,True,True
mesh:D059230,2712,2008,2008.0,False,True,False,True
mesh:D059230,2713,2007,2007.0,False,True,False,True
mesh:D059230,2716,2017,,False,False,True,True
mesh:D059230,2723,2017,2017.0,False,True,False,True
mesh:D059230,2728,2008,2008.0,False,True,False,True
mesh:D059230,2737,2010,2010.0,False,True,False,True
mesh:D059230,2738,2013,2013.0,False,True,False,True
mesh:D059230,2740,2019,2019.0,False,True,False,True
mesh:D059230,2746,2008,2009.0,False,False,False,True
mesh:D059230,2806,2017,,False,False,True,True
mesh:D059230,2807,2009,2009.0,True,True,False,True
mesh:D059230,2808,2011,,False,False,True,True
mesh:D059230,3504,2013,2013.0,False,True,False,True
mesh:D059230,3603,2018,2020.0,False,False,False,True
mesh:D059745,1307,2012,,False,False,True,True
mesh:D059745,1311,2005,2006.0,False,False,False,True
mesh:D059745,1312,2009,2009.0,False,True,False,True
mesh:D059745,1405,2017,,False,False,True,False
mesh:D059745,2002,2011,,False,False,True,False
mesh:D059745,2204,2009,2011.0,False,False,False,False
mesh:D059745,2206,2013,,False,False,True,False
mesh:D059745,2209,2015,,False,False,True,False
mesh:D059745,2211,2016,,False,False,True,False
mesh:D059745,2502,2018,,False,False,True,False
mesh:D059745,2702,2016,,False,False,True,False
mesh:D059745,2703,2007,2007.0,False,True,False,True
mesh:D059745,2704,2013,,False,False,True,True
mesh:D059745,2707,2014,,False,False,True,False
mesh:D059745,2708,2005,2020.0,False,False,False,True
mesh:D059745,2713,2011,2011.0,False,True,False,True
mesh:D059745,2716,2018,2018.0,False,True,False,True
mesh:D059745,2720,2016,2016.0,False,True,False,True
mesh:D059745,2728,2008,2008.0,False,True,False,True
mesh:D059745,2730,2007,2007.0,False,True,False,True
mesh:D059745,2731,2009,2009.0,False,True,False,True
mesh:D059745,2732,2011,,False,False,True,True
mesh:D059745,2733,2007,2007.0,False,True,False,True
mesh:D059745,2734,2011,2014.0,False,False,False,True
mesh:D059745,2736,2007,2007.0,False,True,False,True
mesh:D059745,2737,2013,2013.0,False,True,False,True
mesh:D059745,2738,2019,,False,False,True,True
mesh:D059745,2739,2012,,False,False,True,False
mesh:D059745,2740,2009,,False,False,True,True
mesh:D059745,2745,2012,2012.0,False,True,False,True
mesh:D059745,2746,2005,2006.0,False,False,False,True
mesh:D059745,2748,2011,2011.0,False,True,False,True
mesh:D059745,2910,2014,,False,False,True,False
mesh:D059745,3203,2008,2019.0,False,False,False,False
mesh:D059745,3207,2010,,False,False,True,False
mesh:D059745,3304,2014,,False,False,True,False
mesh:D059745,3306,2008,,False,False,True,False
mesh:D059745,3312,2013,,False,False,True,False
mesh:D059745,3500,2011,,False,False,True,False
mesh:D059745,3505,2006,2006.0,False,True,False,True
mesh:D059745,3506,2013,2016.0,False,False,False,True
mesh:D059745,3600,2008,,False,False,True,False
mesh:D059745,3603,2006,2014.0,False,False,False,True
mesh:D059745,3604,2013,2013.0,False,True,False,False
mesh:D059745,3611,2010,,False,False,True,False
mesh:D059745,3616,2013,2013.0,False,True,False,False
mesh:D059065,1106,2010,2010.0,False,True,False,False
mesh:D059065,1211,2012,2016.0,False,False,False,False
mesh:D059065,1312,2007,2007.0,False,True,False,True
mesh:D059065,1403,2012,,False,False,True,False
mesh:D059065,1404,2010,2010.0,False,True,False,False
mesh:D059065,1407,2009,2009.0,False,True,False,False
mesh:D059065,1408,2018,,False,False,True,False
mesh:D059065,1702,2011,2011.0,False,True,False,False
mesh:D059065,1703,2017,,False,False,True,False
mesh:D059065,1710,2007,2007.0,False,True,False,False
mesh:D059065,1802,2014,,False,False,True,False
mesh:D059065,2002,2006,2014.0,False,False,False,False
mesh:D059065,2204,2014,,False,False,True,False
mesh:D059065,2211,2010,,False,False,True,False
mesh:D059065,2213,2016,,False,False,True,False
mesh:D059065,2402,2014,2014.0,False,True,False,False
mesh:D059065,2702,2019,,False,False,True,False
mesh:D059065,2703,2012,2021.0,False,False,False,True
mesh:D059065,2705,2008,2008.0,False,True,False,True
mesh:D059065,2706,2006,2006.0,False,True,False,True
mesh:D059065,2707,2007,2009.0,False,False,False,False
mesh:D059065,2708,2018,2022.0,False,False,False,True
mesh:D059065,2711,2012,2012.0,False,True,False,True
mesh:D059065,2712,2008,2011.0,False,False,False,True
mesh:D059065,2713,2011,2011.0,False,True,False,True
mesh:D059065,2714,2010,2010.0,False,True,False,True
mesh:D059065,2715,2013,2019.0,False,False,False,True
mesh:D059065,2718,2017,2024.0,False,False,False,False
mesh:D059065,2720,2017,2022.0,False,False,False,True
mesh:D059065,2721,2014,2018.0,False,False,False,True
mesh:D059065,2724,2019,2019.0,False,True,False,True
mesh:D059065,2725,2011,2011.0,False,True,False,True
mesh:D059065,2727,2015,2015.0,True,True,False,True
mesh:D059065,2728,2018,2018.0,False,True,False,True
mesh:D059065,2730,2007,2011.0,False,False,False,True
mesh:D059065,2731,2018,,False,False,True,True
mesh:D059065,2735,2008,2013.0,False,False,False,True
mesh:D059065,2736,2013,2018.0,False,False,False,True
mesh:D059065,2737,2010,2010.0,False,True,False,True
mesh:D059065,2738,2009,2013.0,False,False,False,True
mesh:D059065,2739,2006,2006.0,False,True,False,False
mesh:D059065,2740,2010,2013.0,False,False,False,True
mesh:D059065,2741,2013,,False,False,True,True
mesh:D059065,2742,2012,2017.0,False,False,False,False
mesh:D059065,2745,2017,2018.0,False,False,False,True
mesh:D059065,2746,2008,2008.0,False,True,False,True
mesh:D059065,2747,2013,2013.0,False,True,False,True
mesh:D059065,2805,2012,,False,False,True,True
mesh:D059065,2910,2006,2006.0,False,True,False,False
mesh:D059065,2911,2013,,False,False,True,False
mesh:D059065,3004,2007,2013.0,False,False,False,False
mesh:D059065,3005,2012,2012.0,False,True,False,True
mesh:D059065,3202,2018,2023.0,False,False,False,False
mesh:D059065,3203,2007,2014.0,False,False,False,False
mesh:D059065,3205,2015,2015.0,False,True,False,False
mesh:D059065,3206,2015,,False,False,True,False
mesh:D059065,3207,2010,2018.0,False,False,False,False
mesh:D059065,3304,2011,2020.0,False,False,False,False
mesh:D059065,3306,2015,2015.0,False,True,False,False
mesh:D059065,3311,2016,,False,False,True,False
mesh:D059065,3312,2011,2013.0,False,False,False,False
mesh:D059065,3317,2016,2020.0,False,False,False,False
mesh:D059065,3506,2016,2016.0,False,True,False,True
mesh:D059065,3600,2005,2005.0,False,True,False,False
mesh:D059065,3605,2007,2007.0,False,True,False,False
mesh:D059065,3607,2013,2024.0,False,False,False,False
mesh:D059065,3609,2006,2006.0,False,True,False,False
mesh:D059065,3611,2009,2009.0,False,True,False,False
mesh:D059065,3612,2014,2014.0,False,True,False,False
mesh:D059065,3614,2011,2021.0,False,False,False,False
mesh:D059065,3616,2009,2009.0,False,True,False,False
mesh:D000067368,2712,2016,,False,False,True,True
mesh:D000067368,2745,2014,2014.0,False,True,False,True
mesh:D058534,1302,2007,2007.0,True,True,False,True
mesh:D058534,1306,2009,2009.0,False,True,False,True
mesh:D058534,1307,2007,2007.0,False,True,False,True
mesh:D058534,1310,2012,2012.0,False,True,False,True
mesh:D058534,1311,2012,2012.0,False,True,False,True
mesh:D058534,1314,2011,,False,False,True,True
mesh:D058534,2002,2011,,False,False,True,False
mesh:D058534,2403,2010,2010.0,False,True,False,True
mesh:D058534,2708,2018,2018.0,False,True,False,True
mesh:D058534,2716,2008,2013.0,False,False,False,True
mesh:D058534,2727,2010,2022.0,True,False,False,True
mesh:D058534,2728,2010,,False,False,True,True
mesh:D058534,2730,2007,2009.0,False,False,False,True
mesh:D058534,2734,2017,2017.0,False,True,False,True
mesh:D058534,2737,2008,,False,False,True,True
mesh:D058534,2738,2012,2012.0,False,True,False,True
mesh:D058534,2739,2015,,False,False,True,False
mesh:D058534,2740,2013,,False,False,True,True
mesh:D058534,2806,2010,,False,False,True,True
mesh:D000069295,1110,2013,,False,False,True,False
mesh:D000069295,1312,2013,2013.0,False,True,False,True
mesh:D000069295,2708,2017,2017.0,False,True,False,True
mesh:D000069295,2712,2017,2017.0,False,True,False,True
mesh:D000069295,2713,2014,,False,False,True,True
mesh:D000069295,2730,2013,2019.0,False,False,False,True
mesh:D000069295,2734,2013,,False,False,True,True
mesh:D000069295,2740,2015,2017.0,False,False,False,True
mesh:D000069295,3106,2016,,False,False,True,False
mesh:D058979,1303,2012,2012.0,False,True,False,True
mesh:D058979,1305,2012,,False,False,True,False
mesh:D058979,1306,2013,2013.0,False,True,False,True
mesh:D058979,1308,2019,2019.0,False,True,False,True
mesh:D058979,1312,2010,2010.0,False,True,False,True
mesh:D058979,1605,2016,,False,False,True,False
mesh:D058979,2105,2009,,False,False,True,False
mesh:D058979,2403,2009,2009.0,False,True,False,True
mesh:D058979,2502,2017,,False,False,True,False
mesh:D058979,2505,2014,2014.0,False,True,False,False
mesh:D058979,2712,2019,2019.0,False,True,False,True
mesh:D058979,2720,2008,2013.0,True,False,False,True
mesh:D058979,2725,2011,2014.0,False,False,False,True
mesh:D058979,2729,2011,2011.0,False,True,False,True
mesh:D058979,2730,2007,2007.0,False,True,False,True
mesh:D058979,2734,2013,2014.0,False,False,False,True
mesh:D058979,2735,2008,2008.0,False,True,False,True
mesh:D058979,2736,2009,2009.0,False,True,False,True
mesh:D058979,2739,2009,,False,False,True,False
mesh:D058979,2740,2007,2007.0,False,True,False,True
mesh:D058979,2743,2017,2017.0,False,True,False,False
mesh:D059266,1211,2007,,False,False,True,False
mesh:D059266,1308,2010,,False,False,True,True
mesh:D059266,1311,2013,2016.0,False,False,False,True
mesh:D059266,1312,2012,2012.0,False,True,False,True
mesh:D059266,2105,2008,,False,False,True,False
mesh:D059266,2404,2011,2011.0,False,True,False,True
mesh:D059266,2703,2009,,False,False,True,True
mesh:D059266,2716,2014,2014.0,False,True,False,True
mesh:D059266,2720,2011,2011.0,False,True,False,True
mesh:D059266,2732,2007,2008.0,False,False,False,True
mesh:D059266,2733,2009,,False,False,True,True
mesh:D059266,2734,2014,2014.0,False,True,False,True
mesh:D059266,2736,2010,2012.0,False,False,False,True
mesh:D059266,2737,2009,,False,False,True,True
mesh:D059266,2740,2011,2011.0,False,True,False,True
mesh:D059266,2741,2013,2018.0,False,False,False,True
mesh:D059266,2745,2012,2020.0,False,False,False,True
mesh:D059266,2746,2009,2012.0,False,False,False,True
mesh:D059266,2748,2013,2013.0,False,True,False,True
mesh:D059266,3004,2017,2017.0,False,True,False,False
mesh:D059266,3308,2008,2008.0,False,True,False,False
mesh:D059266,3504,2011,2011.0,False,True,False,True
mesh:D059266,3506,2011,2011.0,False,True,False,True
mesh:D059266,3600,2019,,False,False,True,False
mesh:D059266,3603,2015,,False,False,True,True
mesh:D059266,3611,2005,2014.0,False,False,False,False
mesh:D000068796,1211,2013,,False,False,True,False
mesh:D000068796,1303,2019,2023.0,False,False,False,True
mesh:D000068796,1304,2012,,False,False,True,False
mesh:D000068796,1312,2013,,False,False,True,True
mesh:D000068796,1604,2013,,False,False,True,False
mesh:D000068796,1605,2012,2022.0,False,False,False,False
mesh:D000068796,2304,2014,,False,False,True,False
mesh:D000068796,2707,2018,,False,False,True,False
mesh:D000068796,2713,2016,,False,False,True,True
mesh:D000068796,2716,2019,,False,False,True,True
mesh:D000068796,2730,2018,,False,False,True,True
mesh:D000068796,2735,2010,,False,False,True,False
mesh:D000068796,2736,2012,,False,False,True,True
mesh:D000068796,2737,2019,2020.0,False,False,False,True
mesh:D000068796,2738,2012,2023.0,False,False,False,True
mesh:D000068796,2740,2014,,False,False,True,True
mesh:D000068796,2804,2018,,False,False,True,True
mesh:D000068796,2807,2016,2018.0,True,False,False,True
mesh:D000068796,3004,2014,2018.0,False,False,False,False
mesh:D000068796,3005,2008,,False,False,True,True
mesh:D000068796,3202,2019,,False,False,True,False
mesh:D000068796,3205,2012,2016.0,False,False,False,False
mesh:D000068796,3207,2014,,False,False,True,False
mesh:D000068796,3404,2017,,False,False,True,False
mesh:D058257,1202,2013,2013.0,False,True,False,False
mesh:D058257,2706,2015,,False,False,True,True
mesh:D058257,2707,2019,2019.0,False,True,False,False
mesh:D058257,2708,2014,2014.0,False,True,False,True
mesh:D058257,2729,2019,,False,False,True,True
mesh:D058257,2731,2015,,False,False,True,True
mesh:D058257,2734,2016,,False,False,True,True
mesh:D058257,2737,2014,2020.0,False,False,False,True
mesh:D058257,2739,2015,2015.0,False,True,False,False
mesh:D058257,2740,2019,2020.0,False,False,False,True
mesh:D058257,2741,2011,2016.0,False,False,False,True
mesh:D058257,2804,2012,2012.0,True,True,False,True
mesh:D058257,3203,2017,2017.0,False,True,False,False
mesh:D058257,3504,2013,,False,False,True,True
mesh:D058257,3600,2016,2016.0,False,True,False,False
mesh:D058257,3605,2013,,False,False,True,False
mesh:D058257,3609,2013,2021.0,False,False,False,False
mesh:D058257,3611,2013,2013.0,False,True,False,False
mesh:D058257,3616,2011,,False,False,True,False
mesh:D064107,1110,2007,2018.0,False,False,False,False
mesh:D064107,1211,2015,,False,False,True,False
mesh:D064107,1303,2016,2016.0,False,True,False,True
mesh:D064107,1305,2006,2006.0,False,True,False,False
mesh:D064107,1306,2010,2010.0,False,True,False,True
mesh:D064107,1311,2014,2022.0,False,False,False,True
mesh:D064107,1312,2006,2006.0,False,True,False,True
mesh:D064107,1605,2011,2011.0,False,True,False,False
mesh:D064107,1607,2013,,False,False,True,False
mesh:D064107,1703,2017,,False,False,True,False
mesh:D064107,2204,2006,,False,False,True,False
mesh:D064107,2403,2010,2016.0,False,False,False,True
mesh:D064107,2404,2012,,False,False,True,True
mesh:D064107,2713,2007,2007.0,False,True,False,True
mesh:D064107,2716,2010,2021.0,False,False,False,True
mesh:D064107,2721,2013,2013.0,False,True,False,True
mesh:D064107,2728,2013,2014.0,False,False,False,True
mesh:D064107,2729,2013,,False,False,True,True
mesh:D064107,2730,2007,2013.0,False,False,False,True
mesh:D064107,2737,2015,2015.0,False,True,False,True
mesh:D064107,2739,2010,2010.0,False,True,False,False
mesh:D064107,2740,2006,2006.0,False,True,False,True
mesh:D064107,2746,2012,2014.0,False,False,False,True
mesh:D064107,2748,2009,2009.0,False,True,False,True
mesh:D064107,2916,2019,2019.0,False,True,False,False
mesh:D057182,1306,2012,2016.0,False,False,False,True
mesh:D057182,1307,2017,2018.0,False,False,False,True
mesh:D057182,1703,2018,,False,False,True,False
mesh:D057182,1804,2015,,False,False,True,False
mesh:D057182,2002,2019,,False,False,True,False
mesh:D057182,2307,2014,2014.0,False,True,False,False
mesh:D057182,2403,2016,2016.0,False,True,False,True
mesh:D057182,2613,2011,2011.0,False,True,False,False
mesh:D057182,2704,2019,2019.0,False,True,False,True
mesh:D057182,2705,2013,2016.0,False,False,False,True
mesh:D057182,2707,2015,2024.0,False,False,False,False
mesh:D057182,2708,2018,2018.0,False,True,False,True
mesh:D057182,2712,2012,2012.0,False,True,False,True
mesh:D057182,2715,2019,2019.0,False,True,False,True
mesh:D057182,2716,2018,2018.0,False,True,False,True
mesh:D057182,2725,2019,2020.0,False,False,False,True
mesh:D057182,2727,2013,2013.0,True,True,False,True
mesh:D057182,2728,2017,2017.0,False,True,False,True
mesh:D057182,2729,2018,2018.0,False,True,False,True
mesh:D057182,2730,2015,2015.0,False,True,False,True
mesh:D057182,2731,2012,2012.0,False,True,False,True
mesh:D057182,2732,2012,2012.0,False,True,False,True
mesh:D057182,2734,2012,2012.0,False,True,False,True
mesh:D057182,2735,2014,2015.0,False,False,False,False
mesh:D057182,2736,2016,2016.0,False,True,False,True
mesh:D057182,2737,2012,2012.0,False,True,False,True
mesh:D057182,2738,2018,2018.0,False,True,False,True
mesh:D057182,2740,2018,2018.0,False,True,False,True
mesh:D057182,2741,2016,2020.0,False,False,False,True
mesh:D057182,2743,2018,2019.0,False,False,False,False
mesh:D057182,2745,2011,2011.0,False,True,False,True
mesh:D057182,2746,2010,2010.0,False,True,False,True
mesh:D057182,2802,2019,2019.0,True,True,False,True
mesh:D057182,2803,2016,2016.0,True,True,False,True
mesh:D057182,2807,2016,2016.0,True,True,False,True
mesh:D057182,2916,2014,2014.0,False,True,False,False
mesh:D057182,3203,2017,2017.0,False,True,False,False
mesh:D057182,3205,2018,2019.0,False,False,False,False
mesh:D057182,3506,2019,2019.0,False,True,False,True
