year,n_works,n_nodes,n_edges,n_kept_edges,n_kept_nodes,n_comm,n_comm_ge5,modularity,Wtot,btw_nodes,btw_edges,secs,n_pool_active,n_pool_pool_edges
2000,7966,13813,150601,17748,4610,130,41,0.6606528524814628,2295514.8942160634,4637,18973,7.9,27,0
2001,15745,20612,282001,42507,8206,202,76,0.9102208344426301,4555268.301382911,8242,45051,19.0,36,1
2002,24229,25700,408948,70680,11604,261,84,0.9322999211595051,6988914.034504823,11642,74456,36.0,39,1
2003,25780,26759,438026,76924,12305,217,62,0.7678074961125083,7432347.592613045,12346,81092,47.9,44,2
2004,28140,27738,466017,84027,13055,246,84,0.8651227654654594,8106348.322949352,13104,88580,47.8,54,1
2005,27185,27233,450696,80406,12689,292,95,0.9454905264035288,8871185.86982812,12751,85540,43.6,66,3
2006,26001,26720,433905,76186,12295,271,90,0.9364071716013571,9602888.18599218,12362,81973,42.0,71,3
2007,24649,26242,420093,72721,11901,269,92,0.9520433450021942,10347918.515960488,11975,79358,49.4,80,7
2008,26845,27514,453971,80153,12733,263,93,0.9467645307593057,11193080.421116557,12821,88130,44.1,94,9
2009,29090,28449,484650,87428,13417,265,103,0.9458019630701477,12095056.661860563,13522,97224,55.7,108,18
2010,28450,27994,475706,85407,13228,279,96,0.9483263877059197,13041382.632106807,13338,96852,55.9,114,24
2011,27390,27450,464344,83135,12871,253,84,0.9192360672233767,13915666.679539304,12989,96433,50.2,123,34
2012,26115,27034,453572,80495,12515,261,90,0.9060625768550808,14676403.57541092,12639,95465,52.9,126,43
2013,27595,27718,475613,86333,13012,274,94,0.9050457696088817,15533377.689017424,13145,103403,48.3,137,48
2014,28968,28238,492032,90288,13346,288,95,0.948062789870288,16157367.611012137,13486,109187,61.3,141,51
2015,28732,27797,482183,87532,13062,295,100,0.9507100541005388,16700351.990140371,13206,108254,58.5,145,64
2016,28018,27315,465649,83875,12817,277,95,0.9482696232252578,16963714.778799195,12962,106132,52.3,145,77
2017,27087,26574,447698,79253,12289,278,98,0.9484970814877994,17225455.01012127,12433,102860,45.5,144,90
2018,27265,26523,452324,80606,12273,305,102,0.9458659312957721,17409605.32971026,12415,106262,56.5,142,113
2019,28392,26820,476431,86806,12699,298,105,0.944582258802797,17879475.129378706,12840,114957,48.9,142,118
2020,29201,27374,496680,91822,13114,318,108,0.945339088230134,18791328.458152525,13254,122191,58.2,142,127
2021,29450,27611,513466,96368,13413,287,97,0.9427358296576718,19432213.302705985,13553,128462,67.2,141,110
2022,28649,27311,515634,97425,13322,277,85,0.934147830192449,19441058.876451034,13464,129750,51.9,142,109
2023,28234,27075,517942,98514,13289,295,97,0.9418835201050155,19118805.752008617,13429,130068,60.4,140,96
2024,28492,25891,474848,89036,12480,310,93,0.9458816429533938,19129517.995288916,12621,118909,59.6,141,89
