population,group,pattern,freq,ci_lo,ci_hi,n,count
mesh_heldout,all,incubation_expansion,0.16753926701570682,0.12041884816753927,0.2198952879581152,191,32
mesh_heldout,all,gradual_centralisation,0.015706806282722512,0.0,0.03664921465968586,191,3
mesh_heldout,all,early_bridging,0.5863874345549738,0.5130890052356021,0.6544502617801047,191,112
mesh_heldout,all,none,0.3036649214659686,0.2356020942408377,0.3666230366492139,191,58
mesh_heldout,emerging_PRIMARY,incubation_expansion,0.2777777777777778,0.05555555555555555,0.5,18,5
mesh_heldout,emerging_PRIMARY,gradual_centralisation,0.0,0.0,0.0,18,0
mesh_heldout,emerging_PRIMARY,early_bridging,0.7222222222222222,0.5,0.8888888888888888,18,13
mesh_heldout,emerging_PRIMARY,none,0.16666666666666666,0.0,0.3333333333333333,18,3
mesh_heldout,non_emerging_PRIMARY,incubation_expansion,0.15606936416184972,0.10404624277456648,0.2138728323699422,173,27
mesh_heldout,non_emerging_PRIMARY,gradual_centralisation,0.017341040462427744,0.0,0.04046242774566474,173,3
mesh_heldout,non_emerging_PRIMARY,early_bridging,0.5722543352601156,0.49710982658959535,0.6473988439306358,173,99
mesh_heldout,non_emerging_PRIMARY,none,0.3179190751445087,0.2543352601156069,0.3930635838150289,173,55
mesh_heldout,emerging_E_cent,incubation_expansion,0.23809523809523808,0.11904761904761904,0.38095238095238093,42,10
mesh_heldout,emerging_E_cent,gradual_centralisation,0.023809523809523808,0.0,0.07142857142857142,42,1
mesh_heldout,emerging_E_cent,early_bridging,0.6428571428571429,0.5,0.7857142857142857,42,27
mesh_heldout,emerging_E_cent,none,0.23809523809523808,0.11904761904761904,0.38095238095238093,42,10
mesh_heldout,non_emerging_E_cent,incubation_expansion,0.1476510067114094,0.09395973154362416,0.2080536912751678,149,22
mesh_heldout,non_emerging_E_cent,gradual_centralisation,0.013422818791946308,0.0,0.03355704697986577,149,2
mesh_heldout,non_emerging_E_cent,early_bridging,0.5704697986577181,0.4899328859060403,0.6510067114093959,149,85
mesh_heldout,non_emerging_E_cent,none,0.3221476510067114,0.2483221476510067,0.3959731543624161,149,48
