population,volume_def,outcome,evaluation,feature_set,baseline,auc,auc_ci_lo,auc_ci_hi,auc_baseline,auc_baseline_ci_lo,auc_baseline_ci_hi,delta_auc,delta_ci_lo,delta_ci_hi,p_delta_le0,prauc,prauc_baseline,n_units,n_pos,origins_used
mesh_heldout,PRIMARY,E_PRIMARY,rolling_origin,A1_freq_burst,A,0.668145956607495,0.5203976661285983,0.7857305194805194,0.6572978303747534,0.5428444574551131,0.7571464447215703,0.010848126232741562,-0.045737839921502814,0.06344559475119277,0.3465,0.0996822139417002,0.09406679314157851,181,12,3
mesh_heldout,PRIMARY,E_PRIMARY,rolling_origin,A2_degree_centrality,A,0.5931952662721893,0.4644486599373477,0.7212640436542032,0.6572978303747534,0.5390772449152338,0.7557504677893612,-0.0641025641025641,-0.196994629842731,0.10961291264972244,0.8054027013506754,0.07982707286151715,0.09406679314157851,181,12,3
mesh_heldout,PRIMARY,E_PRIMARY,rolling_origin,B,A,0.6982248520710059,0.5547812412391366,0.8138276049215917,0.6572978303747534,0.5457285051294578,0.761567728932157,0.04092702169625251,-0.050274635574654565,0.0975163652417489,0.1325,0.10971713248841491,0.09406679314157851,181,12,3
mesh_heldout,PRIMARY,E_PRIMARY,rolling_origin,B_all,A,0.7154832347140039,0.5590612060041408,0.8412097803299607,0.6572978303747534,0.5421422748447206,0.762721102680331,0.05818540433925046,-0.10237380097368175,0.19071155785516988,0.2475,0.13050170657637813,0.09406679314157851,181,12,3
mesh_heldout,PRIMARY,E_PRIMARY,rolling_origin,C_entropy_BIASED,A,0.6804733727810651,0.5367585545093665,0.7883452298248875,0.6572978303747534,0.5407096039185804,0.7612556890911676,0.0231755424063117,-0.03022271268057796,0.08023014290461955,0.232,0.1049485234663471,0.09406679314157851,181,12,3
mesh_heldout,PRIMARY,E_PRIMARY,rolling_origin,B_mp_aligned,A,0.6592702169625246,0.5073333333333333,0.7877212501404118,0.6572978303747534,0.5420787316903045,0.7629621564072784,0.0019723865877712132,-0.10087049270575292,0.09160125588697014,0.47220831246870304,0.09656397697298937,0.09406679314157851,181,12,3
mesh_heldout,PRIMARY,E_PRIMARY,rolling_origin,A,-,0.6572978303747534,0.5421219424747031,0.7622020560085077,,,,,,,,0.09406679314157851,,181,12,3
mesh_heldout,PRIMARY,E_PRIMARY,origin_2017,B,A,0.7763975155279503,,,0.7039337474120082,,,0.07246376811594213,,,,,,76,7,1
mesh_heldout,PRIMARY,E_PRIMARY,origin_2018,B,A,0.6,,,0.6363636363636362,,,-0.036363636363636265,,,,,,59,4,1
mesh_heldout,PRIMARY,E_PRIMARY,origin_2019,B,A,0.6444444444444444,,,0.6222222222222222,,,0.022222222222222143,,,,,,46,1,1
mesh_heldout,PRIMARY,E_PRIMARY,grouped_cv,A1_freq_burst,A,0.7411033681765389,0.6724851879183643,0.8124227236629943,0.7553542392566783,0.6695841081557572,0.8381022924747442,-0.014250871080139449,-0.06196810394509647,0.03843828030296243,0.706,0.08068784732775146,0.10138121976252451,1067,42,5
mesh_heldout,PRIMARY,E_PRIMARY,grouped_cv,A2_degree_centrality,A,0.6488966318234612,0.5013995820166707,0.7876185804263561,0.7553542392566783,0.6704840982509321,0.8358927924613528,-0.10645760743321708,-0.18835111444765842,-0.03356100544131099,0.998,0.0947124875884563,0.10138121976252451,1067,42,5
mesh_heldout,PRIMARY,E_PRIMARY,grouped_cv,B,A,0.7575842044134727,0.6687663065783302,0.8410402309284999,0.7553542392566783,0.6681036728429698,0.8361909348747284,0.002229965156794411,-0.03456057251785569,0.035035814891657906,0.4565,0.10140364567884694,0.10138121976252451,1067,42,5
mesh_heldout,PRIMARY,E_PRIMARY,grouped_cv,B_all,A,0.7981184668989547,0.717252012183843,0.8682882736199073,0.7553542392566783,0.6720321735204328,0.8385063552070844,0.04276422764227639,0.0002239324759255041,0.07727735381141233,0.025,0.11589446920556416,0.10138121976252451,1067,42,5
mesh_heldout,PRIMARY,E_PRIMARY,grouped_cv,C_entropy_BIASED,A,0.8005574912891986,0.6889205807280235,0.9000109776675538,0.7553542392566783,0.6743412098698728,0.8330889994376636,0.04520325203252029,-0.011625774699803863,0.10262066667746132,0.0675,0.14799144196342942,0.10138121976252451,1067,42,5
mesh_heldout,PRIMARY,E_PRIMARY,grouped_cv,B_mp_aligned,A,0.7676887340301974,0.6796546157404109,0.8563110521235521,0.7553542392566783,0.6685681572007263,0.8406296988532226,0.012334494773519111,-0.047465234546900624,0.059668552899287734,0.3245,0.11995180490079571,0.10138121976252451,1067,42,5
mesh_heldout,PRIMARY,E_PRIMARY,grouped_cv,A,-,0.7553542392566783,0.6733648701337323,0.836606118346261,,,,,,,,0.10138121976252451,,1067,42,5
mesh_heldout,PRIMARY,E_cent,rolling_origin,A1_freq_burst,A,0.6523466371027347,0.5635962362301102,0.7436395781570592,0.6664079822616408,0.580274943427903,0.7509427196401185,-0.014061345158906113,-0.04449768012970582,0.017074227007494544,0.795,0.18781609044553832,0.16955964965269094,511,60,6
mesh_heldout,PRIMARY,E_cent,rolling_origin,A2_degree_centrality,A,0.6798226164079822,0.5962878248698149,0.7631054078721826,0.6664079822616408,0.5808833857447082,0.752274042749461,0.013414634146341475,-0.012512603335210629,0.04049317292694767,0.1565,0.1739359221070919,0.16955964965269094,511,60,6
mesh_heldout,PRIMARY,E_cent,rolling_origin,B,A,0.6299704360679971,0.5404662496733472,0.715256277454845,0.6664079822616408,0.5761048880083983,0.7511720939128063,-0.0364375461936437,-0.06118643034844386,-0.015008131144074437,0.999,0.15027631013299425,0.16955964965269094,511,60,6
mesh_heldout,PRIMARY,E_cent,rolling_origin,B_all,A,0.6702882483370288,0.5877908144349898,0.7428526176552491,0.6664079822616408,0.5806542706753248,0.7497483818342305,0.0038802660753880502,-0.03778516373961063,0.04185772527904303,0.437,0.17540529743581776,0.16955964965269094,511,60,6
mesh_heldout,PRIMARY,E_cent,rolling_origin,C_entropy_BIASED,A,0.6699556541019955,0.5890874368472022,0.751792605429026,0.6664079822616408,0.5818599225846321,0.751663104809182,0.0035476718403547602,-0.011818779904306239,0.018829173645390936,0.339,0.16959712984326586,0.16955964965269094,511,60,6
mesh_heldout,PRIMARY,E_cent,rolling_origin,B_mp_aligned,A,0.634220251293422,0.5423311985012753,0.7171003185324838,0.6664079822616408,0.5817639011725033,0.7461650630935182,-0.03218773096821881,-0.06369139451011821,-0.002880417015074787,0.984,0.15510605454682108,0.16955964965269094,511,60,6
mesh_heldout,PRIMARY,E_cent,rolling_origin,A,-,0.6664079822616408,0.5761483988444962,0.7508103142094539,,,,,,,,0.16955964965269094,,511,60,6
mesh_heldout,PRIMARY,E_cent,origin_2014,B,A,0.5926724137931034,,,0.6228448275862069,,,-0.030172413793103425,,,,,,128,12,1
mesh_heldout,PRIMARY,E_cent,origin_2015,B,A,0.5990099009900991,,,0.6806930693069306,,,-0.08168316831683153,,,,,,109,8,1
mesh_heldout,PRIMARY,E_cent,origin_2016,B,A,0.6183127572016461,,,0.7109053497942387,,,-0.09259259259259256,,,,,,93,12,1
mesh_heldout,PRIMARY,E_cent,origin_2017,B,A,0.6808755760368663,,,0.6290322580645161,,,0.0518433179723502,,,,,,76,14,1
mesh_heldout,PRIMARY,E_cent,origin_2018,B,A,0.49591836734693884,,,0.5836734693877551,,,-0.08775510204081627,,,,,,59,10,1
mesh_heldout,PRIMARY,E_cent,origin_2019,B,A,0.5059523809523809,,,0.5952380952380952,,,-0.0892857142857143,,,,,,46,4,1
mesh_heldout,PRIMARY,E_cent,grouped_cv,A1_freq_burst,A,0.6983612040133779,0.6314802084960676,0.7641829831107696,0.7198104793756966,0.6531210027815477,0.7833591267151633,-0.021449275362318776,-0.0579234738459468,0.01362394654941964,0.8915,0.16600439390283608,0.1660238490691096,1067,92,5
mesh_heldout,PRIMARY,E_cent,grouped_cv,A2_degree_centrality,A,0.7064771460423633,0.6223069309554408,0.7799428610209685,0.7198104793756966,0.6483408827695556,0.7814134612714684,-0.013333333333333308,-0.05109194094834655,0.024688870852791943,0.753,0.16056116788925745,0.1660238490691096,1067,92,5
mesh_heldout,PRIMARY,E_cent,grouped_cv,B,A,0.698773690078038,0.6276589719038461,0.7628192614505223,0.7198104793756966,0.6470299083411968,0.7832013957522604,-0.02103678929765862,-0.0334083200934228,-0.007936393001257636,0.9995,0.1559545872608915,0.1660238490691096,1067,92,5
mesh_heldout,PRIMARY,E_cent,grouped_cv,B_all,A,0.744046822742475,0.6749692186628129,0.8047642299489725,0.7198104793756966,0.6505456206915237,0.781866318785493,0.02423634336677838,-0.02571940353366829,0.07391234339861415,0.161,0.20388059990241753,0.1660238490691096,1067,92,5
mesh_heldout,PRIMARY,E_cent,grouped_cv,C_entropy_BIASED,A,0.7207915273132665,0.6465891255737337,0.7956932624887836,0.7198104793756966,0.6540593023895626,0.7868914250671738,0.0009810479375698122,-0.04920269927606928,0.04945916875522138,0.4635,0.16993137321542953,0.1660238490691096,1067,92,5
mesh_heldout,PRIMARY,E_cent,grouped_cv,B_mp_aligned,A,0.7410479375696767,0.6800148210553333,0.7990030428804868,0.7198104793756966,0.6523302974730224,0.7814943923640787,0.02123745819398004,-0.015931992397054118,0.058878161325327236,0.135,0.18438918074172198,0.1660238490691096,1067,92,5
mesh_heldout,PRIMARY,E_cent,grouped_cv,A,-,0.7198104793756966,0.6532159576835717,0.7821684068141567,,,,,,,,0.1660238490691096,,1067,92,5
mesh_heldout,PRIMARY,E_vol_PRIMARY,rolling_origin,A1_freq_burst,A,0.9092871093749999,0.874131603261336,0.9412088348961386,0.9000000000000001,0.8628794509421351,0.9336500753251616,0.009287109374999769,-0.0006602929147462327,0.01910001873729602,0.0345,0.8279651264785202,0.8195726262601597,656,256,7
mesh_heldout,PRIMARY,E_vol_PRIMARY,rolling_origin,A2_degree_centrality,A,0.904287109375,0.8635549951675558,0.9379166378089318,0.9000000000000001,0.8594627127858975,0.9341303525387238,0.004287109374999876,-0.013244084648577742,0.023975428719916026,0.35,0.8110783443819133,0.8195726262601597,656,256,7
mesh_heldout,PRIMARY,E_vol_PRIMARY,rolling_origin,B,A,0.8912109375,0.8526529625872318,0.9266965613776931,0.9000000000000001,0.8631518596948226,0.933235168580306,-0.008789062500000111,-0.01614933915115227,-0.0027263488629953483,0.999,0.8074391129684595,0.8195726262601597,656,256,7
mesh_heldout,PRIMARY,E_vol_PRIMARY,rolling_origin,B_all,A,0.888251953125,0.8473080082275144,0.92278337643507,0.9000000000000001,0.8604499432664595,0.9320376872123695,-0.011748046875000084,-0.026834430340066603,0.0030760754077001555,0.9375,0.7978216112753524,0.8195726262601597,656,256,7
mesh_heldout,PRIMARY,E_vol_PRIMARY,rolling_origin,C_entropy_BIASED,A,0.9013281249999999,0.86527451512588,0.9358838877195453,0.9000000000000001,0.862221473280039,0.9355059158519327,0.0013281249999997913,-0.0026015513782040424,0.005369417817533361,0.255,0.8202676820027877,0.8195726262601597,656,256,7
mesh_heldout,PRIMARY,E_vol_PRIMARY,rolling_origin,B_mp_aligned,A,0.890244140625,0.8520758256987518,0.9236499033594734,0.9000000000000001,0.8613594840921444,0.9327505090224354,-0.00975585937500012,-0.018031229169188163,-0.0022899114934379072,0.993,0.8104895739840599,0.8195726262601597,656,256,7
mesh_heldout,PRIMARY,E_vol_PRIMARY,rolling_origin,A,-,0.9000000000000001,0.862944469815181,0.9338476936627419,,,,,,,,0.8195726262601597,,656,256,7
mesh_heldout,PRIMARY,E_vol_PRIMARY,origin_2013,B,A,0.851466049382716,,,0.8692129629629629,,,-0.017746913580246937,,,,,,145,64,1
mesh_heldout,PRIMARY,E_vol_PRIMARY,origin_2014,B,A,0.9132075471698113,,,0.9247798742138365,,,-0.01157232704402511,,,,,,128,53,1
mesh_heldout,PRIMARY,E_vol_PRIMARY,origin_2015,B,A,0.9243070362473348,,,0.9317697228144989,,,-0.00746268656716409,,,,,,109,42,1
mesh_heldout,PRIMARY,E_vol_PRIMARY,origin_2016,B,A,0.9273584905660378,,,0.9254716981132075,,,0.0018867924528302993,,,,,,93,40,1
mesh_heldout,PRIMARY,E_vol_PRIMARY,origin_2017,B,A,0.9215384615384615,,,0.9192307692307692,,,0.002307692307692344,,,,,,76,26,1
mesh_heldout,PRIMARY,E_vol_PRIMARY,origin_2018,B,A,0.8628205128205128,,,0.8935897435897435,,,-0.03076923076923077,,,,,,59,20,1
mesh_heldout,PRIMARY,E_vol_PRIMARY,origin_2019,B,A,0.9272727272727272,,,0.9402597402597404,,,-0.012987012987013102,,,,,,46,11,1
mesh_heldout,PRIMARY,E_vol_PRIMARY,grouped_cv,A1_freq_burst,A,0.9261398565573771,0.9003123305419533,0.9488257653449516,0.9288129391100702,0.9018358814830619,0.9505057130944732,-0.0026730825526931623,-0.007019145502774255,0.0023157768813226475,0.8485,0.8589593327055278,0.8644839764448689,1067,427,5
mesh_heldout,PRIMARY,E_vol_PRIMARY,grouped_cv,A2_degree_centrality,A,0.9168728044496486,0.8883475767011058,0.9422695340197166,0.9288129391100702,0.9038423070251674,0.9512581547515764,-0.011940134660421653,-0.021170232920768604,-0.0037190474195486754,0.9995,0.8309611766329303,0.8644839764448689,1067,427,5
mesh_heldout,PRIMARY,E_vol_PRIMARY,grouped_cv,B,A,0.9273748536299766,0.8998651777243137,0.9491702119133085,0.9288129391100702,0.9018952308638338,0.9505159177139529,-0.0014380854800936094,-0.003954379831216307,0.0006586125877090224,0.9005,0.8620007721576521,0.8644839764448689,1067,427,5
mesh_heldout,PRIMARY,E_vol_PRIMARY,grouped_cv,B_all,A,0.9235143442622951,0.8956576009745152,0.9462006359341135,0.9288129391100702,0.9019985292662623,0.9500870011784063,-0.005298594847775173,-0.013631922110201838,0.0027725645792029603,0.905,0.8462306237998456,0.8644839764448689,1067,427,5
mesh_heldout,PRIMARY,E_vol_PRIMARY,grouped_cv,C_entropy_BIASED,A,0.9293508489461358,0.9045442710142604,0.9487333836808319,0.9288129391100702,0.9026852013313539,0.9491045022988973,0.0005379098360656087,-0.004804137404908976,0.006444574482609748,0.4245,0.8618054745863565,0.8644839764448689,1067,427,5
mesh_heldout,PRIMARY,E_vol_PRIMARY,grouped_cv,B_mp_aligned,A,0.9302327283372366,0.9050861140772681,0.951498843166817,0.9288129391100702,0.9037337952851882,0.9512303681777762,0.001419789227166346,-0.002357837862840287,0.0047068556910401784,0.22,0.8699252593438115,0.8644839764448689,1067,427,5
mesh_heldout,PRIMARY,E_vol_PRIMARY,grouped_cv,A,-,0.9288129391100702,0.9037765328600267,0.9504688802480783,,,,,,,,0.8644839764448689,,1067,427,5
mesh_heldout,PRIMARY,E_allnode_PRIMARY,rolling_origin,A1_freq_burst,A,,,,,,,,,,,,,46,0,1
mesh_heldout,PRIMARY,E_allnode_PRIMARY,rolling_origin,A2_degree_centrality,A,,,,,,,,,,,,,46,0,1
mesh_heldout,PRIMARY,E_allnode_PRIMARY,rolling_origin,B,A,,,,,,,,,,,,,46,0,1
mesh_heldout,PRIMARY,E_allnode_PRIMARY,rolling_origin,B_all,A,,,,,,,,,,,,,46,0,1
mesh_heldout,PRIMARY,E_allnode_PRIMARY,rolling_origin,C_entropy_BIASED,A,,,,,,,,,,,,,46,0,1
mesh_heldout,PRIMARY,E_allnode_PRIMARY,rolling_origin,B_mp_aligned,A,,,,,,,,,,,,,46,0,1
mesh_heldout,PRIMARY,E_allnode_PRIMARY,rolling_origin,A,-,,,,,,,,,,,,,46,0,1
mesh_heldout,PRIMARY,E_allnode_PRIMARY,grouped_cv,A1_freq_burst,A,0.7992156862745098,0.5853552016927166,0.9543381234865509,0.7968067226890756,0.5925590327809044,0.9322893571906917,0.0024089635854341873,-0.031392561071596256,0.03284086822994042,0.43587174348697394,0.08660124430739756,0.06658491253269783,1067,17,5
mesh_heldout,PRIMARY,E_allnode_PRIMARY,grouped_cv,A2_degree_centrality,A,0.8096358543417367,0.5969384243601665,0.9430886550765819,0.7968067226890756,0.5965938957312226,0.9391801282110129,0.012829131652661085,-0.02124276799881397,0.03418413688538227,0.16124186279419128,0.07194313385748241,0.06658491253269783,1067,17,5
mesh_heldout,PRIMARY,E_allnode_PRIMARY,grouped_cv,B,A,0.7449859943977591,0.5242293807882147,0.9203162413118425,0.7968067226890756,0.5641610434496379,0.932445599899069,-0.051820728291316454,-0.1255804266454668,0.03415381634507447,0.9012036108324974,0.04833699106912876,0.06658491253269783,1067,17,5
mesh_heldout,PRIMARY,E_allnode_PRIMARY,grouped_cv,B_all,A,0.6936134453781513,0.5118326977395302,0.8522490673973784,0.7968067226890756,0.5882603346312186,0.9356129493196428,-0.10319327731092431,-0.18303908051827025,-0.0003261371409030728,0.9749624436654982,0.029964561884583768,0.06658491253269783,1067,17,5
mesh_heldout,PRIMARY,E_allnode_PRIMARY,grouped_cv,C_entropy_BIASED,A,0.8040336134453782,0.5907316515145646,0.9304177692544254,0.7968067226890756,0.5768986403907982,0.9358915156639139,0.007226890756302562,-0.011759374931559796,0.029367647313616397,0.2226680040120361,0.06142829938143476,0.06658491253269783,1067,17,5
mesh_heldout,PRIMARY,E_allnode_PRIMARY,grouped_cv,B_mp_aligned,A,0.7434173669467787,0.532416558615756,0.9316180364396737,0.7968067226890756,0.5944584272023297,0.9338403876547927,-0.05338935574229686,-0.138601662993628,0.044503101249133106,0.8728728728728729,0.06581546551885253,0.06658491253269783,1067,17,5
mesh_heldout,PRIMARY,E_allnode_PRIMARY,grouped_cv,A,-,0.7968067226890756,0.5892990541030699,0.9316715753785656,,,,,,,,0.06658491253269783,,1067,17,5
mesh_heldout,SENS1,E_SENS1,rolling_origin,A1_freq_burst,A,0.6587283840190817,0.5459963491113771,0.7555559221100001,0.6591383422778772,0.5572131175787421,0.7541184700780531,-0.0004099582587954176,-0.06946639784946243,0.060630069234923825,0.522,0.1427353400035082,0.1796859121183144,383,39,5
mesh_heldout,SENS1,E_SENS1,rolling_origin,A2_degree_centrality,A,0.6396839594514013,0.5399013867245912,0.7404195702671312,0.6591383422778772,0.5544186905531443,0.7537817113472649,-0.019454382826475825,-0.08940937717045425,0.07143880852567294,0.6875,0.1374057868540881,0.1796859121183144,383,39,5
mesh_heldout,SENS1,E_SENS1,rolling_origin,B,A,0.5988372093023256,0.5041737824289908,0.694894431416482,0.6591383422778772,0.5635733094372983,0.75948573482083,-0.06030113297555151,-0.11383052909512203,0.0023645189207756484,0.969,0.12835498461928782,0.1796859121183144,383,39,5
mesh_heldout,SENS1,E_SENS1,rolling_origin,B_all,A,0.6644305307096005,0.5759834293948126,0.7402441589628773,0.6591383422778772,0.5585682392105779,0.7554118774655288,0.005292188431723299,-0.06965936068644495,0.07745052684360919,0.4365,0.16564847808506533,0.1796859121183144,383,39,5
mesh_heldout,SENS1,E_SENS1,rolling_origin,C_entropy_BIASED,A,0.6472868217054264,0.5491938284733785,0.7481327539643804,0.6591383422778772,0.558596376843097,0.7603152837458299,-0.011851520572450758,-0.024339404299225965,0.0018438710651825685,0.9525,0.15855583471391643,0.1796859121183144,383,39,5
mesh_heldout,SENS1,E_SENS1,rolling_origin,B_mp_aligned,A,0.6106887298747764,0.4845328854605148,0.726346544715447,0.6591383422778772,0.5581891230732642,0.7566145052473762,-0.04844961240310075,-0.10732799652374188,0.004266661421040221,0.963,0.1774150290522169,0.1796859121183144,383,39,5
mesh_heldout,SENS1,E_SENS1,rolling_origin,A,-,0.6591383422778772,0.5575644529002738,0.750921341188449,,,,,,,,0.1796859121183144,,383,39,5
mesh_heldout,SENS1,E_SENS1,origin_2015,B,A,0.6596534653465347,,,0.7066831683168316,,,-0.04702970297029696,,,,,,109,8,1
mesh_heldout,SENS1,E_SENS1,origin_2016,B,A,0.5156626506024096,,,0.6409638554216868,,,-0.1253012048192772,,,,,,93,10,1
mesh_heldout,SENS1,E_SENS1,origin_2017,B,A,0.70703125,,,0.7200520833333334,,,-0.01302083333333337,,,,,,76,12,1
mesh_heldout,SENS1,E_SENS1,origin_2018,B,A,0.44505494505494503,,,0.5274725274725275,,,-0.08241758241758246,,,,,,59,7,1
mesh_heldout,SENS1,E_SENS1,origin_2019,B,A,0.5454545454545454,,,0.6590909090909091,,,-0.11363636363636365,,,,,,46,2,1
mesh_heldout,SENS1,E_SENS1,grouped_cv,A1_freq_burst,A,0.6286021505376344,0.5477377236694366,0.7121527740965395,0.6770967741935484,0.59590649115297,0.7532489213775297,-0.04849462365591406,-0.13404525731542297,0.02922884166169367,0.878,0.09627290126465425,0.12124296541093624,1067,75,5
mesh_heldout,SENS1,E_SENS1,grouped_cv,A2_degree_centrality,A,0.6542002688172044,0.5586864468117929,0.7396004717582496,0.6770967741935484,0.5976481501808255,0.7545270227078924,-0.022896505376344023,-0.07812623926245937,0.03735540783686521,0.783,0.11297437241833011,0.12124296541093624,1067,75,5
mesh_heldout,SENS1,E_SENS1,grouped_cv,B,A,0.654287634408602,0.5740211961192535,0.7279689351033868,0.6770967741935484,0.5934195967999881,0.7526428059464451,-0.022809139784946364,-0.0404796076267626,-0.003671806630027631,0.989,0.10945526523949642,0.12124296541093624,1067,75,5
mesh_heldout,SENS1,E_SENS1,grouped_cv,B_all,A,0.7244623655913978,0.6565708746632111,0.7911270739150433,0.6770967741935484,0.5999545575183299,0.7539398766461156,0.04736559139784935,-0.02276007030589737,0.11556371527834863,0.093,0.17155540163251115,0.12124296541093624,1067,75,5
mesh_heldout,SENS1,E_SENS1,grouped_cv,C_entropy_BIASED,A,0.6879838709677418,0.6003889105742847,0.7656546669344612,0.6770967741935484,0.5974840241906512,0.7532360528273412,0.010887096774193417,-0.04440770331879462,0.06028461716095855,0.346,0.12572247134944878,0.12124296541093624,1067,75,5
mesh_heldout,SENS1,E_SENS1,grouped_cv,B_mp_aligned,A,0.6924462365591397,0.622138705794102,0.7613442246132771,0.6770967741935484,0.5978511791260952,0.7560722275002119,0.015349462365591315,-0.030268032695104426,0.06365340734283659,0.2565,0.12104547499257429,0.12124296541093624,1067,75,5
mesh_heldout,SENS1,E_SENS1,grouped_cv,A,-,0.6770967741935484,0.5946402919626405,0.7532603246930024,,,,,,,,0.12124296541093624,,1067,75,5
mesh_heldout,SENS1,E_vol_SENS1,rolling_origin,A1_freq_burst,A,0.8589638790583166,0.8139964766975957,0.9005797297627479,0.8518041237113403,0.8073747640025806,0.893301051391815,0.007159755346976326,-0.0012333761288525814,0.014901989365670385,0.043,0.8556638958794625,0.8582142748072434,656,388,7
mesh_heldout,SENS1,E_vol_SENS1,rolling_origin,A2_degree_centrality,A,0.7645310817048777,0.7070146497303754,0.814440664753964,0.8518041237113403,0.8027419281449397,0.8916978990386167,-0.08727304200646258,-0.1289854111276887,-0.048898714162346306,1.0,0.7994139776057564,0.8582142748072434,656,388,7
mesh_heldout,SENS1,E_vol_SENS1,rolling_origin,B,A,0.8460243883674412,0.8005866417978738,0.8865913485983234,0.8518041237113403,0.8062770841873425,0.8930386763830669,-0.005779735343899084,-0.01201194251625658,0.0004944737715306448,0.9685,0.8547089522498118,0.8582142748072434,656,388,7
mesh_heldout,SENS1,E_vol_SENS1,rolling_origin,B_all,A,0.8456204800738576,0.7970756280712343,0.8885689245417536,0.8518041237113403,0.8061552090751446,0.8928996967596604,-0.006183643637482694,-0.023319842460360223,0.010524234917140628,0.7605,0.8554670919300362,0.8582142748072434,656,388,7
mesh_heldout,SENS1,E_vol_SENS1,rolling_origin,C_entropy_BIASED,A,0.8494479919987691,0.8071749616233499,0.8914115204059274,0.8518041237113403,0.8091330806937981,0.8936703701659734,-0.002356131712571208,-0.008200612627718932,0.003639424261861116,0.777,0.8572752350613448,0.8582142748072434,656,388,7
mesh_heldout,SENS1,E_vol_SENS1,rolling_origin,B_mp_aligned,A,0.8434182181874136,0.7975766689717966,0.8857377241943476,0.8518041237113403,0.8030687934612298,0.8943400193969875,-0.008385905523926707,-0.02193978723948499,0.005812837656179745,0.8805,0.8548009495703706,0.8582142748072434,656,388,7
mesh_heldout,SENS1,E_vol_SENS1,rolling_origin,A,-,0.8518041237113403,0.8062666311061724,0.8929072724044493,,,,,,,,0.8582142748072434,,656,388,7
mesh_heldout,SENS1,E_vol_SENS1,origin_2013,B,A,0.8304444444444444,,,0.834,,,-0.003555555555555534,,,,,,145,100,1
mesh_heldout,SENS1,E_vol_SENS1,origin_2014,B,A,0.8066801619433198,,,0.812753036437247,,,-0.006072874493927127,,,,,,128,76,1
mesh_heldout,SENS1,E_vol_SENS1,origin_2015,B,A,0.8384615384615385,,,0.8296703296703296,,,0.008791208791208871,,,,,,109,70,1
mesh_heldout,SENS1,E_vol_SENS1,origin_2016,B,A,0.8838383838383838,,,0.9010101010101009,,,-0.01717171717171717,,,,,,93,60,1
mesh_heldout,SENS1,E_vol_SENS1,origin_2017,B,A,0.8951388888888889,,,0.8791666666666668,,,0.015972222222222165,,,,,,76,40,1
mesh_heldout,SENS1,E_vol_SENS1,origin_2018,B,A,0.8306451612903225,,,0.8444700460829493,,,-0.01382488479262678,,,,,,59,28,1
mesh_heldout,SENS1,E_vol_SENS1,origin_2019,B,A,0.8638392857142858,,,0.8660714285714286,,,-0.0022321428571427937,,,,,,46,14,1
mesh_heldout,SENS1,E_vol_SENS1,grouped_cv,A1_freq_burst,A,0.8569290660078086,0.8172773124103971,0.891192050939357,0.8583112188872621,0.8194361329745159,0.892497373231984,-0.0013821528794535354,-0.007223106888560035,0.005271917950256726,0.6875,0.8890837402399732,0.8905299319669102,1067,683,5
mesh_heldout,SENS1,E_vol_SENS1,grouped_cv,A2_degree_centrality,A,0.7777116886285994,0.7299628714214078,0.8260112746598541,0.8583112188872621,0.8201631414008105,0.8923207373932188,-0.08059953025866273,-0.11457275183559723,-0.047077118837379854,1.0,0.8338549165579678,0.8905299319669102,1067,683,5
mesh_heldout,SENS1,E_vol_SENS1,grouped_cv,B,A,0.8537586932650074,0.810979078861942,0.8903030312228558,0.8583112188872621,0.8170223217056544,0.8936722937818904,-0.004552525622254722,-0.010236306677043425,0.0011192363322242145,0.94,0.8856767837435999,0.8905299319669102,1067,683,5
mesh_heldout,SENS1,E_vol_SENS1,grouped_cv,B_all,A,0.8574838335773548,0.8168691146492144,0.8961967307430597,0.8583112188872621,0.8184821177521805,0.8929618979190516,-0.0008273853099073358,-0.01379825424569974,0.012116857383027988,0.5445,0.883608741073669,0.8905299319669102,1067,683,5
mesh_heldout,SENS1,E_vol_SENS1,grouped_cv,C_entropy_BIASED,A,0.8590623474865788,0.8179771545667931,0.8941126651379707,0.8583112188872621,0.816252087026429,0.8944829671595722,0.0007511285993166972,-0.005395691835765109,0.0067014015160555855,0.406,0.894200946668741,0.8905299319669102,1067,683,5
mesh_heldout,SENS1,E_vol_SENS1,grouped_cv,B_mp_aligned,A,0.862364263055149,0.821478791509005,0.8959142511502891,0.8583112188872621,0.817474126635517,0.8924318893782157,0.004053044167886877,-0.0034902083831619495,0.012633721897525473,0.1595,0.8987149864928032,0.8905299319669102,1067,683,5
mesh_heldout,SENS1,E_vol_SENS1,grouped_cv,A,-,0.8583112188872621,0.8201236597855565,0.895938088827359,,,,,,,,0.8905299319669102,,1067,683,5
mesh_heldout,SENS2,E_SENS2,rolling_origin,A1_freq_burst,A,0.6666666666666667,0.5333333333333333,0.8,0.7333333333333334,0.6,0.8610200845665962,-0.06666666666666665,-0.20454545454545459,0.045454545454545435,0.8822605965463108,0.0625,0.07692307692307693,46,1,1
mesh_heldout,SENS2,E_SENS2,rolling_origin,A2_degree_centrality,A,0.5777777777777777,0.43181818181818177,0.7333333333333333,0.7333333333333334,0.6,0.8636363636363636,-0.15555555555555567,-0.28888888888888886,-0.022222222222222254,0.9908952959028832,0.05,0.07692307692307693,46,1,1
mesh_heldout,SENS2,E_SENS2,rolling_origin,B,A,0.8666666666666667,0.7555555555555555,0.9555555555555555,0.7333333333333334,0.6,0.8610200845665962,0.1333333333333333,0.0444444444444444,0.24444444444444427,0.003924646781789639,0.14285714285714285,0.07692307692307693,46,1,1
mesh_heldout,SENS2,E_SENS2,rolling_origin,B_all,A,0.8,0.6790433403805496,0.9111111111111111,0.7333333333333334,0.5909090909090908,0.850452196382429,0.06666666666666665,-0.045454545454545414,0.18604651162790697,0.15481832543443919,0.1,0.07692307692307693,46,1,1
mesh_heldout,SENS2,E_SENS2,rolling_origin,C_entropy_BIASED,A,0.6444444444444444,0.5,0.7777777777777778,0.7333333333333334,0.6,0.8604651162790697,-0.08888888888888902,-0.18181818181818188,-0.022222222222222143,0.9976322020520916,0.058823529411764705,0.07692307692307693,46,1,1
mesh_heldout,SENS2,E_SENS2,rolling_origin,B_mp_aligned,A,0.7555555555555555,0.6363636363636364,0.8666666666666667,0.7333333333333334,0.6136363636363636,0.8444444444444444,0.022222222222222143,-1.1102230246251565e-16,0.06818181818181823,0.33699059561128525,0.08333333333333333,0.07692307692307693,46,1,1
mesh_heldout,SENS2,E_SENS2,rolling_origin,A,-,0.7333333333333334,0.6,0.8636363636363636,,,,,,,,0.07692307692307693,,46,1,1
mesh_heldout,SENS2,E_SENS2,origin_2019,B,A,0.8666666666666667,,,0.7333333333333334,,,0.1333333333333333,,,,,,46,1,1
mesh_heldout,SENS2,E_SENS2,grouped_cv,A1_freq_burst,A,0.5465483234714005,0.4340707824050739,0.6681799786578847,0.6386587771203156,0.5104333291961252,0.7809916548295455,-0.09211045364891512,-0.21596318457520963,0.028564478670738674,0.936,0.043784334577311984,0.080437522851471,527,20,5
mesh_heldout,SENS2,E_SENS2,grouped_cv,A2_degree_centrality,A,0.5967455621301775,0.44595929313821187,0.7293610492759615,0.6386587771203156,0.5074327565021503,0.7703199813410655,-0.041913214990138115,-0.14089406799847548,0.041864533875706635,0.841,0.06669554292732256,0.080437522851471,527,20,5
mesh_heldout,SENS2,E_SENS2,grouped_cv,B,A,0.6387573964497042,0.5067508007301281,0.7764696736719997,0.6386587771203156,0.4998669250346979,0.7778010986733,9.861932938859397e-05,-0.03861632512889984,0.045432301603081406,0.48,0.10009550185040225,0.080437522851471,527,20,5
mesh_heldout,SENS2,E_SENS2,grouped_cv,B_all,A,0.7243589743589743,0.5916642441860466,0.8360074223290993,0.6386587771203156,0.4986184561977546,0.7752325227204634,0.08570019723865874,-0.0009725606603152718,0.16684797513291602,0.026,0.12419346925093476,0.080437522851471,527,20,5
mesh_heldout,SENS2,E_SENS2,grouped_cv,C_entropy_BIASED,A,0.6538461538461539,0.5150253506844684,0.7896119360874957,0.6386587771203156,0.5023723120243087,0.775948780413066,0.015187376725838253,-0.01943123502708394,0.05582838470746363,0.2035,0.07094812526472791,0.080437522851471,527,20,5
mesh_heldout,SENS2,E_SENS2,grouped_cv,B_mp_aligned,A,0.7123274161735701,0.5704997249712673,0.834783215010142,0.6386587771203156,0.5073320979620877,0.7783921844120553,0.07366863905325449,-0.025597470094280917,0.168839200033231,0.0775,0.08107447026643692,0.080437522851471,527,20,5
mesh_heldout,SENS2,E_SENS2,grouped_cv,A,-,0.6386587771203156,0.4987508305853329,0.7806721262713726,,,,,,,,0.080437522851471,,527,20,5
mesh_heldout,SENS2,E_vol_SENS2,rolling_origin,A1_freq_burst,A,0.7657894736842106,0.6896477139242795,0.8392317334724515,0.781578947368421,0.7084865298109341,0.8526508805921552,-0.015789473684210464,-0.03400317314813946,0.001842954691691795,0.9645,0.5926213569246126,0.6135165004942118,217,65,4
mesh_heldout,SENS2,E_vol_SENS2,rolling_origin,A2_degree_centrality,A,0.6576923076923077,0.5732659566043711,0.7394141697545246,0.781578947368421,0.7067621397751354,0.8487064196498818,-0.12388663967611335,-0.20462312370600405,-0.045285322526920115,0.997,0.4591120608213426,0.6135165004942118,217,65,4
mesh_heldout,SENS2,E_vol_SENS2,rolling_origin,B,A,0.7548582995951417,0.6758473813971951,0.8222923016826391,0.781578947368421,0.7076022907478619,0.8477085200883899,-0.026720647773279316,-0.05790226688657884,2.3946360154217028e-06,0.9745,0.5802177545385457,0.6135165004942118,217,65,4
mesh_heldout,SENS2,E_vol_SENS2,rolling_origin,B_all,A,0.7591093117408907,0.681760054200355,0.8288392332440591,0.781578947368421,0.7054374834779025,0.8518436941971453,-0.02246963562753035,-0.07451266125874914,0.02836659499472305,0.808,0.5848087543205184,0.6135165004942118,217,65,4
mesh_heldout,SENS2,E_vol_SENS2,rolling_origin,C_entropy_BIASED,A,0.761842105263158,0.6854648876851506,0.8367847332978912,0.781578947368421,0.7062546002007359,0.8527302733436932,-0.019736842105263053,-0.047628306293794526,0.0068980509745127485,0.9325,0.5950288562991621,0.6135165004942118,217,65,4
mesh_heldout,SENS2,E_vol_SENS2,rolling_origin,B_mp_aligned,A,0.7862348178137651,0.7139467115400732,0.8521025345622119,0.781578947368421,0.7080222852357025,0.8496983715334048,0.004655870445344101,-0.018633720735056196,0.02977752948043194,0.3175,0.617187414462827,0.6135165004942118,217,65,4
mesh_heldout,SENS2,E_vol_SENS2,rolling_origin,A,-,0.781578947368421,0.7035929780555067,0.8493622698785742,,,,,,,,0.6135165004942118,,217,65,4
mesh_heldout,SENS2,E_vol_SENS2,origin_2016,B,A,0.8284457478005864,,,0.8768328445747801,,,-0.048387096774193616,,,,,,53,22,1
mesh_heldout,SENS2,E_vol_SENS2,origin_2017,B,A,0.8306233062330624,,,0.8401084010840107,,,-0.009485094850948395,,,,,,59,18,1
mesh_heldout,SENS2,E_vol_SENS2,origin_2018,B,A,0.5890151515151515,,,0.5814393939393939,,,0.007575757575757569,,,,,,59,11,1
mesh_heldout,SENS2,E_vol_SENS2,origin_2019,B,A,0.7276785714285714,,,0.7589285714285714,,,-0.03125,,,,,,46,14,1
mesh_heldout,SENS2,E_vol_SENS2,grouped_cv,A1_freq_burst,A,0.8410244855039808,0.7828836362937996,0.888192937333589,0.8372089529818236,0.7771327708289351,0.8844373495033259,0.003815532522157161,-0.013059620782996228,0.020824685335676302,0.3315,0.717052631017529,0.7281183213134876,527,210,5
mesh_heldout,SENS2,E_vol_SENS2,grouped_cv,A2_degree_centrality,A,0.65200540784137,0.5661876830014118,0.7322439852584237,0.8372089529818236,0.7807455966043209,0.886019876227336,-0.18520354514045367,-0.26043165844276395,-0.1121062800760185,1.0,0.5491581788473513,0.7281183213134876,527,210,5
mesh_heldout,SENS2,E_vol_SENS2,grouped_cv,B,A,0.8334985729307496,0.7766774593480368,0.8831438911704674,0.8372089529818236,0.7791372920313996,0.887201253132832,-0.003710380051074047,-0.01654227093344466,0.008242694824043821,0.7135,0.7247438602820663,0.7281183213134876,527,210,5
mesh_heldout,SENS2,E_vol_SENS2,grouped_cv,B_all,A,0.8074658254468979,0.7504016027470876,0.8580118126557188,0.8372089529818236,0.7803113508865941,0.8868327211418832,-0.029743127534925695,-0.062065279417552126,-0.0015381118881118419,0.982,0.6757800673864469,0.7281183213134876,527,210,5
mesh_heldout,SENS2,E_vol_SENS2,grouped_cv,C_entropy_BIASED,A,0.8301336938560913,0.7724340930930226,0.8781891906946597,0.8372089529818236,0.7758854511857696,0.8863628062503617,-0.007075259125732369,-0.017364390848453537,0.0026739650195907847,0.928,0.7172629863511919,0.7281183213134876,527,210,5
mesh_heldout,SENS2,E_vol_SENS2,grouped_cv,B_mp_aligned,A,0.8312453056932552,0.7780996522015602,0.8777976005448798,0.8372089529818236,0.783966797054411,0.8863630523018455,-0.005963647288568463,-0.021518995600881902,0.007198795751387829,0.809,0.7303957901378099,0.7281183213134876,527,210,5
mesh_heldout,SENS2,E_vol_SENS2,grouped_cv,A,-,0.8372089529818236,0.7815738304363002,0.8882694638478458,,,,,,,,0.7281183213134876,,527,210,5
