concept_id,incubation_expansion,gradual_centralisation,early_bridging,first_network_year,incubation_year,centralisation_start,emerging_PRIMARY,emerging_E_cent
mesh:D000067011,False,False,True,2006,,,False,False
mesh:D000067108,False,False,True,2009,,,False,False
mesh:D000067368,True,False,False,2001,2010.0,,False,False
mesh:D000067495,True,False,True,2005,2010.0,,False,True
mesh:D000067531,False,False,True,2004,,,False,False
mesh:D000067617,False,False,True,2010,,,False,False
mesh:D000067836,False,False,True,2010,,,False,False
mesh:D000068099,False,False,False,2012,,,False,False
mesh:D000068601,True,False,False,2006,2009.0,,False,True
mesh:D000068796,False,False,False,2004,,,False,False
mesh:D000068936,False,False,True,2008,,,False,False
mesh:D000069295,False,False,True,2010,,,False,False
mesh:D000069321,False,False,True,2015,,,False,False
mesh:D000069376,False,False,True,2006,,,False,False
mesh:D000069467,False,False,True,2009,,,False,False
mesh:D000069796,False,False,True,2013,,,False,False
mesh:D000069797,False,False,True,2012,,,False,False
mesh:D000069896,False,False,True,2011,,,False,False
mesh:D000069981,False,False,False,2006,,,False,False
mesh:D000070136,False,False,True,2003,,,False,False
mesh:D000070319,False,False,True,2009,,,False,True
mesh:D000070376,False,False,True,2006,,,False,False
mesh:D000070377,False,False,False,2000,,,False,True
mesh:D000070416,False,False,False,2006,,,False,False
mesh:D000070576,False,False,True,2006,,,False,False
mesh:D000070584,False,False,False,2004,,,False,False
mesh:D000070639,False,False,True,2005,,,False,True
mesh:D000070660,True,False,False,2003,2005.0,,False,True
mesh:D000070736,True,False,False,2007,2009.0,,False,False
mesh:D000070837,False,False,True,2006,,,False,True
mesh:D000071072,False,False,True,2007,,,False,True
mesh:D000071085,False,False,False,2008,,,False,False
mesh:D000071137,False,False,False,2002,,,False,False
mesh:D000071161,False,False,True,2004,,,True,True
mesh:D000071183,False,False,False,2005,,,True,True
mesh:D000071193,True,False,False,2004,2008.0,,False,False
mesh:D000071225,False,False,False,2014,,,False,False
mesh:D000071317,False,False,True,2005,,,False,False
mesh:D000071336,True,False,False,2007,2009.0,,False,False
mesh:D000071736,False,False,False,2008,,,False,False
mesh:D000071737,False,False,True,2006,,,False,False
mesh:D000071740,False,False,False,2009,,,False,False
mesh:D000071799,False,False,True,2005,,,True,True
mesh:D000072139,False,False,False,2006,,,False,False
mesh:D000072197,False,False,False,2002,,,False,False
mesh:D000072496,False,False,False,2008,,,False,False
mesh:D000072640,False,False,True,2009,,,False,False
mesh:D000072641,False,False,True,2015,,,False,False
mesh:D000072661,False,False,True,2006,,,False,False
mesh:D000072666,True,False,True,2000,2011.0,,True,True
mesh:D000072758,False,False,True,2004,,,False,False
mesh:D000072761,True,False,False,2010,2012.0,,True,True
mesh:D000072837,False,False,True,2011,,,False,False
mesh:D000072936,False,False,True,2015,,,True,True
mesh:D000073182,False,False,False,2007,,,False,False
mesh:D000073183,True,False,False,2004,2006.0,,False,False
mesh:D000073196,False,False,True,2005,,,False,False
mesh:D000073556,False,False,True,2005,,,False,False
mesh:D000073569,False,False,False,2004,,,False,True
mesh:D000073638,False,False,True,2010,,,True,True
mesh:D000073640,False,False,True,2010,,,True,True
mesh:D000073642,False,False,False,2011,,,False,True
mesh:D000073846,True,False,True,2003,2008.0,,True,True
mesh:D000073885,False,False,True,2012,,,False,False
mesh:D000073931,False,False,True,2010,,,True,True
mesh:D000073938,False,False,True,2009,,,False,False
mesh:D000074010,False,False,True,2005,,,False,False
mesh:D000074025,False,False,True,2007,,,False,False
mesh:D000074049,False,False,False,2003,,,False,False
mesh:D000074060,False,False,False,2005,,,True,True
mesh:D000074166,False,False,True,2009,,,False,False
mesh:D000074289,False,False,False,2004,,,False,False
mesh:D000074502,False,False,False,2004,,,False,False
mesh:D000074608,False,False,False,2002,,,False,True
mesh:D000074623,True,False,True,2003,2005.0,,False,False
mesh:D000074663,False,False,False,2004,,,False,False
mesh:D000074723,False,False,True,2004,,,False,False
mesh:D000074962,False,False,True,2004,,,False,False
mesh:D000075102,False,False,True,2000,,,False,False
mesh:D000075162,False,False,True,2009,,,False,False
mesh:D000075242,False,False,False,2001,,,False,False
mesh:D000075244,False,False,False,2001,,,False,False
mesh:D000075282,False,False,True,2001,,,False,False
mesh:D000075368,False,False,False,2008,,,False,False
mesh:D000075369,False,False,True,2009,,,False,False
mesh:D000075389,True,False,True,2002,2006.0,,False,False
mesh:D000075402,True,False,True,2004,2009.0,,False,True
mesh:D000075523,False,False,True,2008,,,False,False
mesh:D000075703,False,False,True,2008,,,False,False
mesh:D000075704,False,False,False,2003,,,False,False
mesh:D000076104,True,False,True,2004,2012.0,,False,True
mesh:D000076106,False,False,False,2011,,,False,False
mesh:D000076206,False,False,True,2014,,,False,True
mesh:D041841,True,False,True,2005,2010.0,,False,False
mesh:D041902,False,False,True,2006,,,False,False
mesh:D042063,True,False,False,2007,2012.0,,False,False
mesh:D042083,True,False,True,2001,2009.0,,False,False
mesh:D042401,False,False,False,2003,,,False,False
mesh:D042522,False,False,False,2003,,,False,False
mesh:D042762,True,False,True,2005,2011.0,,False,False
mesh:D043362,False,False,False,2006,,,False,True
mesh:D043372,True,False,False,2013,2015.0,,False,False
mesh:D044007,False,False,True,2000,,,False,True
mesh:D044063,False,False,True,2015,,,False,True
mesh:D045164,False,False,False,2003,,,False,False
mesh:D046810,False,False,True,2003,,,False,False
mesh:D047232,False,False,True,2001,,,False,False
mesh:D050090,False,False,True,2007,,,False,True
mesh:D051297,False,False,False,2005,,,True,True
mesh:D052660,False,False,True,2005,,,False,False
mesh:D052686,False,False,True,2007,,,False,False
mesh:D052699,False,False,True,2003,,,False,False
mesh:D052700,False,False,False,2002,,,False,False
mesh:D053722,False,False,False,2003,,,False,False
mesh:D054078,False,False,False,2002,,,False,False
mesh:D054332,False,False,False,2006,,,False,False
mesh:D054507,True,False,True,2000,2010.0,,True,True
mesh:D054909,False,False,False,2003,,,False,False
mesh:D055191,True,False,False,2002,2012.0,,False,False
mesh:D055947,False,False,True,2006,,,False,False
mesh:D056466,False,False,True,2006,,,False,False
mesh:D056546,False,False,True,2005,,,False,True
mesh:D056566,False,False,True,2008,,,False,False
mesh:D056569,True,False,False,2010,2012.0,,True,True
mesh:D056587,False,False,True,2005,,,False,False
mesh:D056631,False,False,True,2007,,,False,False
mesh:D056661,False,False,True,2005,,,False,False
mesh:D056686,False,False,False,2007,,,False,False
mesh:D056850,False,False,False,2002,,,False,True
mesh:D056901,False,True,False,2004,,2005.0,False,True
mesh:D056914,False,False,False,2007,,,False,False
mesh:D057086,False,False,True,2002,,,False,False
mesh:D057111,False,False,True,2006,,,False,False
mesh:D057177,False,False,True,2007,,,False,False
mesh:D057182,False,False,True,2008,,,True,True
mesh:D057193,False,False,True,2000,,,False,False
mesh:D057691,False,False,True,2007,,,False,False
mesh:D057747,True,False,False,2001,2003.0,,False,False
mesh:D057791,False,False,False,2003,,,False,False
mesh:D058008,False,False,True,2008,,,False,False
mesh:D058257,True,False,False,2001,2011.0,,False,False
mesh:D058409,False,True,True,2005,,2008.0,False,False
mesh:D058425,False,False,False,2001,,,False,False
mesh:D058489,False,False,True,2007,,,False,True
mesh:D058490,False,False,True,2007,,,False,False
mesh:D058534,False,False,False,2006,,,False,False
mesh:D058546,False,False,False,2006,,,False,False
mesh:D058644,False,False,False,2003,,,False,False
mesh:D058679,False,False,True,2001,,,False,False
mesh:D058726,False,False,True,2006,,,False,False
mesh:D058738,False,False,False,2008,,,False,False
mesh:D058947,False,False,False,2004,,,False,False
mesh:D058957,False,False,False,2004,,,False,False
mesh:D058972,True,True,False,2001,2004.0,2001.0,False,False
mesh:D058976,False,False,False,2003,,,False,False
mesh:D058979,False,False,True,2007,,,False,False
mesh:D059014,True,False,False,2012,2014.0,,False,False
mesh:D059065,False,False,True,2004,,,False,False
mesh:D059126,False,False,True,2007,,,False,False
mesh:D059230,True,False,False,2002,2004.0,,False,False
mesh:D059250,False,False,True,2008,,,False,False
mesh:D059266,False,False,True,2005,,,False,False
mesh:D059425,False,False,True,2006,,,False,False
mesh:D059706,False,False,True,2008,,,True,True
mesh:D059745,False,False,True,2004,,,False,False
mesh:D059788,False,False,True,2006,,,False,False
mesh:D059965,False,False,True,2008,,,False,False
mesh:D060151,False,False,False,2006,,,False,False
mesh:D060426,False,False,True,2007,,,False,False
mesh:D060485,False,False,False,2001,,,False,False
mesh:D060867,False,False,True,2005,,,False,False
mesh:D062209,True,False,False,2002,2006.0,,False,False
mesh:D062265,False,False,True,2009,,,True,True
mesh:D062526,True,False,False,2004,2006.0,,False,False
mesh:D062949,False,False,True,2002,,,False,False
mesh:D063151,False,False,False,2004,,,False,False
mesh:D063269,False,False,True,2003,,,False,False
mesh:D064068,False,False,True,2000,,,False,False
mesh:D064107,False,False,True,2004,,,False,False
mesh:D064113,False,False,True,2010,,,False,False
mesh:D064128,True,False,False,2009,2012.0,,False,False
mesh:D064130,False,False,True,2012,,,False,True
mesh:D064206,False,False,True,2006,,,False,False
mesh:D064237,True,False,True,2006,2009.0,,False,False
mesh:D064798,False,False,True,2007,,,False,False
mesh:D064800,False,False,False,2003,,,False,True
mesh:D064872,False,False,True,2005,,,False,False
mesh:D065166,False,False,True,2004,,,True,True
mesh:D065709,False,False,False,2001,,,False,False
mesh:D065817,False,False,False,2002,,,False,False
mesh:D065926,False,False,False,2014,,,False,False
