concept_id,phrase,sense_share,fold,arm,n_works_d1,threshold
c_8b7be83fd666,mirage mediation,0.45,screen,main,111,0.7
c_4b595245dc4e,gaussian belief,0.4,screen,main,324,0.7
c_3b21300dbb0b,fog computing,0.333,screen,main,9192,0.7
c_592b396b9fa6,chern insulator,0.2,heldout_concept,main,1244,0.7
c_2425e0543e8f,symmetry fractionalization,0.5,screen,main,95,0.7
c_5d0609aeb10b,spin liquid candidate,0.5,heldout_concept,main,266,0.7
c_35914ea8d7b8,quantum anomalous hall,0.25,screen,main,1689,0.7
c_b416c627fe94,monocular depth estimation,0.4,screen,main,1700,0.7
c_0fefc757857e,salient object detection,0.6,screen,main,2554,0.7
c_7011282bd1ba,stochastic variational inference,0.66,heldout_concept,main,353,0.7
c_3fd8640bd802,fine grained recognition,0.4,screen,main,506,0.7
c_3a04a639cd2f,on shell diagram,0.58,screen,main,69,0.7
c_1b82dec9c84d,entanglement negativity,0.67,screen,main,214,0.7
c_f08a5ddb1f48,gated bilayer graphene,0.5,screen,main,150,0.7
c_793dc61d6540,cu cu collision,0.5,screen,main,89,0.7
c_457b5eab7f19,mobile cloud computing,0.5,heldout_concept,main,3545,0.7
c_26dab993c720,light wimp,0.14,screen,main,116,0.7
c_509ba93dffc8,multi label image,0.69,screen,main,631,0.7
c_bc7039a1fcd8,chiral three nucleon,0.6,heldout_concept,main,84,0.7
c_6d2c0bb6acb0,dirac fermions in graphene,0.667,screen,main,244,0.7
c_444e89430419,high dimensional gaussian,0.5,heldout_concept,main,352,0.7
