fold,t,units,concepts,hosts
heldout_concept,2009,1,1,1
heldout_concept,2010,3,3,3
heldout_concept,2011,10,8,8
heldout_concept,2012,18,10,13
heldout_concept,2013,28,14,17
heldout_concept,2014,42,17,25
heldout_concept,2015,51,17,27
heldout_concept,2016,46,15,27
heldout_concept,2017,43,17,26
heldout_concept,2018,43,20,21
heldout_concept,2019,37,17,20
screen,2008,1,1,1
screen,2009,5,3,5
screen,2010,10,7,8
screen,2011,15,11,11
screen,2012,33,19,18
screen,2013,48,25,23
screen,2014,54,31,23
screen,2015,57,31,29
screen,2016,45,32,23
screen,2017,53,28,26
screen,2018,57,25,30
screen,2019,79,26,36
