concept_id,d1_origin,recomputed,agree
c_9cceb3c510be,3107.0,3107,True
c_8b7be83fd666,3106.0,3106,True
c_af151bc76848,2208.0,2208,True
c_ce417b0a39d3,1707.0,1707,True
c_10899378a764,2505.0,2505,True
c_7eed579eaddd,2605.0,2605,True
c_1e0ff7706e23,3107.0,3107,True
c_7f10d7675fc9,2208.0,2208,True
c_e44f84504a49,2208.0,2208,True
c_2cfdd88c29c0,2204.0,2204,True
c_4b595245dc4e,1705.0,1705,True
c_87df94bef363,3106.0,3106,True
c_1ae65909ef19,3106.0,3106,True
c_99bda3ffe651,2505.0,2505,True
c_a13026e2ec51,2504.0,2504,True
c_3ece93670063,1707.0,1707,True
c_9e3bad270e4c,3106.0,3106,True
c_e85f6af2801f,2602.0,2602,True
c_b90a0c18af13,3106.0,3106,True
c_62af526ae811,2206.0,2206,True
c_55c5e5df6bab,2208.0,2208,True
c_e3cf4e8c060a,1702.0,1702,True
c_5891791e366f,3107.0,3107,True
c_af9db7d6afa5,3106.0,3106,True
c_0bce43f9d6c1,3106.0,3106,True
c_35e295b4ba1b,3106.0,3106,True
c_92c7d10cd004,2604.0,2604,True
c_a6e0e7783421,3103.0,3103,True
c_43521ace85c3,1705.0,1705,True
c_569519c8d163,3106.0,3106,True
c_3b21300dbb0b,1705.0,1705,True
c_592b396b9fa6,3107.0,3107,True
c_2425e0543e8f,3107.0,3107,True
c_636516409d2a,3103.0,3103,True
c_63ea2a7e38bb,3103.0,3103,True
c_792fc951778d,3106.0,3106,True
c_cbade03273e8,1702.0,1702,True
c_b6dd7607bba6,3104.0,3104,True
c_3d37fffdfb30,2202.0,2202,True
c_e81a3081874e,2602.0,2602,True
c_5d0609aeb10b,3104.0,3104,True
c_35914ea8d7b8,3107.0,3107,True
c_c95c87230241,3103.0,3103,True
c_5a54356703c2,3103.0,3103,True
c_ed80891593f2,2613.0,2613,True
c_21960ecc2d0a,2505.0,2505,True
c_372d7258975d,1707.0,1707,True
c_3ae606bfd61f,1702.0,1702,True
c_1f1d4e62775b,2507.0,2507,True
c_59fffeba892f,2505.0,2505,True
c_be7b73687012,2505.0,2505,True
c_a5d4697b6de1,1702.0,1702,True
c_30a83dce0f03,3107.0,3107,True
c_108519c4a344,3103.0,3103,True
c_01ebdf1dd642,1702.0,1702,True
c_2c781d19e525,2505.0,2505,True
c_5382c59edd3c,1707.0,1707,True
c_5ccf55244c8e,3107.0,3107,True
c_26644834ada8,3106.0,3106,True
c_24d62510b246,3106.0,3106,True
c_ef7889a4d23e,2505.0,2505,True
c_b416c627fe94,1707.0,1707,True
c_de3171466662,1706.0,1706,True
c_4e82b990c351,2604.0,2604,True
c_4cdbc8f444d1,1711.0,1711,True
c_da11b8df9771,3107.0,3107,True
c_f9068dcb74a4,1702.0,1702,True
c_8ee79d97b600,2613.0,2613,True
c_21571c2d1a59,2610.0,2610,True
c_d2b738a06440,3103.0,3103,True
c_1e2cee2a4ca1,2602.0,2602,True
c_a9b6c9b8a739,3106.0,3106,True
c_0bdbd70bb062,3107.0,3107,True
c_f94c1c136f05,1705.0,1705,True
c_0fefc757857e,1707.0,1707,True
c_54582ea849bf,3103.0,3103,True
c_70987856add3,3103.0,3103,True
c_a9f2f1d2a57f,2504.0,2504,True
c_b713a03f1d5b,3106.0,3106,True
c_1d198d662026,2505.0,2505,True
c_15655b81c9fd,3107.0,3107,True
c_5bb0de514ff2,3103.0,3103,True
c_a3b2376178b6,3106.0,3106,True
c_4c081bfc5787,2505.0,2505,True
c_8856d927d560,3107.0,3107,True
c_da42247f2a8b,1703.0,1703,True
c_24fd61e090ea,2504.0,2504,True
c_de14f5e3898c,3103.0,3103,True
c_d6845c35d3d0,2608.0,2608,True
c_5edb1fea382d,2202.0,2202,True
c_7011282bd1ba,1702.0,1702,True
c_021cd7f7a587,3106.0,3106,True
c_4cdee4852bd9,2208.0,2208,True
c_1bd834da7f00,2505.0,2505,True
c_3fd8640bd802,1707.0,1707,True
c_b6f806466001,2604.0,2604,True
c_46d8de220318,3106.0,3106,True
c_3a04a639cd2f,3106.0,3106,True
c_8d94ed006e2f,1702.0,1702,True
c_1b82dec9c84d,3107.0,3107,True
c_7a1183961ed2,3107.0,3107,True
c_38c04a07c4e7,3104.0,3104,True
c_7afec8c4aadb,1702.0,1702,True
c_fa856c1c78e2,2505.0,2505,True
c_365ed459d0e7,3106.0,3106,True
c_9a6442305923,1703.0,1703,True
c_6388f9983159,3107.0,3107,True
c_f08a5ddb1f48,2505.0,2505,True
c_850369b36e8c,3103.0,3103,True
c_793dc61d6540,3106.0,3106,True
c_457b5eab7f19,1710.0,1710,True
c_8cebebdabedf,2208.0,2208,True
c_4a4eb107fab6,2208.0,2208,True
c_26dab993c720,3106.0,3106,True
c_29b715c0d545,3106.0,3106,True
c_8c66d94e3b0b,3106.0,3106,True
c_9026d95a869c,3103.0,3103,True
c_e1a8b816be94,1707.0,1707,True
c_03828aedf823,3109.0,3109,True
c_6016216be4fa,1703.0,1703,True
c_509ba93dffc8,1707.0,1707,True
c_9d4eaaf7197d,3107.0,3107,True
c_8904d963bc30,3107.0,3107,True
c_4a952e8aa8a9,3106.0,3106,True
c_3a8d31dc5fbf,1705.0,1705,True
c_4010f34bf1ab,3107.0,3107,True
c_70af732266c6,3107.0,3107,True
c_a86b2f667874,2745.0,2745,True
c_9cf3e02c40c3,3109.0,3109,True
c_77d5d74f1bf6,1705.0,1705,True
c_24e2ee0faf24,3106.0,3106,True
c_e79d5454fc88,2505.0,2505,True
c_e5a45e82b8e9,3103.0,3103,True
c_4380b7a089e5,2504.0,2504,True
c_833923f506ca,3106.0,3106,True
c_b3fdf1de179c,1703.0,1703,True
c_4bd7704f481d,1702.0,1702,True
c_02792d2208de,1703.0,1703,True
c_8a0a8dab0e65,3106.0,3106,True
c_92ba186c01f3,2613.0,2613,True
c_9d2447253ac5,2208.0,2208,True
c_007a7950eb4d,2613.0,2613,True
c_bc7039a1fcd8,3106.0,3106,True
c_f03a00abe2dc,3107.0,3107,True
c_934bf6901f0f,1707.0,1707,True
c_81212986e10d,3103.0,3103,True
c_eb3e469ad899,3106.0,3106,True
c_7f7851d9c6b6,3106.0,3106,True
c_bcd3d69b7a16,1703.0,1703,True
c_4bc22ae42748,2505.0,2505,True
c_8a7b58068a03,3106.0,3106,True
c_667b35b905bc,2505.0,2505,True
c_4561b92644a6,2208.0,2208,True
c_05d308510ee3,3106.0,3106,True
c_6340f70f7803,3103.0,3103,True
c_e895570ed25f,1707.0,1707,True
c_2fc072066f34,1702.0,1702,True
c_74026fe51449,2206.0,2206,True
c_7f09154f6349,2605.0,2605,True
c_bf12df84c614,3106.0,3106,True
c_0db0c80eb81a,3107.0,3107,True
c_1c1c5f783c18,2206.0,2206,True
c_baf08ae6e65e,2505.0,2505,True
c_16e9bc1ff20f,2208.0,2208,True
c_e6673f0a4a58,2208.0,2208,True
c_f254c2991eae,1705.0,1705,True
c_b38eddee27ee,2206.0,2206,True
c_e8febadc6f35,1710.0,1710,True
c_92a2f061c4a9,1703.0,1703,True
c_8d4aa499810d,2608.0,2608,True
c_05d3dfa90ab3,3107.0,3107,True
c_6f6fc1488a11,3103.0,3103,True
c_6ed72db6e3f6,3107.0,3107,True
c_6d2c0bb6acb0,2505.0,2505,True
c_444e89430419,1702.0,1702,True
c_91a8f1c2869f,1702.0,1702,True
c_b6ceebb6f368,3103.0,3103,True
c_380e2739f62c,3106.0,3106,True
c_f546e5e7ea86,2504.0,2504,True
c_5af098ea73b2,1705.0,1705,True
c_e470c5c98b3e,1702.0,1702,True
c_3471cfc978c7,2608.0,2608,True
c_9aabfd15c0ee,1707.0,1707,True
c_1ca4df65e868,3109.0,3109,True
